,SquareFootage,NumBathrooms,NumBedrooms,BackyardSpace,CrimeRate,SchoolRating,AgeOfHome,DistanceToCityCenter,EmploymentRate,PropertyTaxRate,RenovationQuality,LocalAmenities,TransportAccess,Floors,Windows,PreviousSalePrice,IsLuxury,Fireplace_Yes,HouseColor_Green,HouseColor_Red,HouseColor_White,HouseColor_Yellow,Garage_Yes
4815,1654.51,3.135423706,3,607.02,45.26,7.41,33.34,30.95,93.86,2.0,5.41,7.02,6.05,2,10,838599.1653,1,1,0,0,0,0,0
3059,768.26,1.747468239,2,326.59,46.28,6.25,35.25,14.54,95.0,2.04,1.6,2.47,5.11,1,13,79642.57224,0,0,0,0,0,0,0
985,1153.1,1.615257539,1,369.2,17.98,4.22,116.4,26.08,82.91,1.62,5.91,10.0,7.2,1,20,48828.67409,1,0,0,0,1,0,0
6022,1766.78,3.986095008,3,495.96,53.11,8.88,14.44,30.07,97.63,0.94,3.73,7.92,6.85,1,24,535465.4244,0,0,0,1,0,0,1
6630,1994.58,3.043046984,2,375.71,1.9,4.73,44.95,0.14,94.39,1.04,3.33,9.6,7.8,1,15,436417.34,1,0,0,0,0,1,0
705,650.11,2.29499134,3,289.51,54.51,6.24,59.94,10.25,91.52,1.73,5.48,5.98,8.25,1,9,227675.6407,0,0,0,0,0,0,0
2610,851.29,1.0,5,522.92,9.66,8.8,3.66,34.27,96.71,0.53,6.9,5.73,5.65,1,20,373704.2354,0,0,0,0,1,0,0
6914,1038.32,2.146735189,2,28.15,32.96,6.04,91.55,28.09,99.9,1.26,5.34,6.39,7.09,1,13,484340.2167,1,0,0,0,0,1,1
5844,1015.62,1.0,5,1127.22,73.91,7.01,70.79,21.1,99.9,1.7,6.5,4.16,5.92,1,23,381498.329,1,0,1,0,0,0,0
6245,1042.03,1.230345008,3,445.34,1.43,9.8,22.71,34.04,93.68,1.16,5.01,7.52,5.86,1,0,210850.539,1,0,0,0,1,0,1
2043,550.0,1.0,2,593.84,4.14,4.6,64.78,36.63,86.18,1.74,5.13,10.0,9.03,1,10,12505.96291,0,0,0,1,0,0,1
6162,1737.13,1.0,4,506.46,18.63,5.96,66.21,10.4,99.0,1.38,3.77,5.81,2.24,1,14,383700.2319,0,0,0,1,0,0,1
2991,826.39,1.0,3,409.46,0.06,8.76,50.24,24.89,92.49,1.38,3.97,3.63,3.89,1,16,56646.99442,1,0,0,1,0,0,0
217,1018.92,1.0,1,1069.2,60.88,3.63,78.78,39.49,96.42,1.91,3.53,1.49,7.45,2,60,110643.4367,0,0,0,0,1,0,0
5227,1608.93,2.999244653,4,276.48,33.73,6.36,30.1,16.05,96.76,1.71,4.57,4.9,5.27,1,12,435483.1346,0,0,1,0,0,0,0
727,550.0,3.094713119,3,346.81,34.1,6.56,24.12,16.11,83.47,1.64,5.54,6.28,5.02,1,22,126214.6734,0,0,0,1,0,0,0
1374,550.0,1.53055204,3,121.95,45.67,6.81,7.5,14.48,91.19,2.16,3.13,8.74,6.38,1,10,117750.0781,0,0,0,0,1,0,0
4760,1290.48,1.388925605,4,436.65,10.65,9.74,30.57,9.48,96.67,1.12,6.8,9.74,5.79,1,19,422199.1312,0,0,1,0,0,0,0
3492,745.2,1.356797549,3,642.3,9.3,10.0,28.63,0.98,99.9,0.65,4.86,5.61,8.2,1,17,149542.451,0,0,0,0,0,1,1
4998,1528.82,3.637801014,3,377.02,21.15,9.83,19.88,23.76,92.05,0.17,7.05,4.62,6.53,2,47,450139.0652,1,0,1,0,0,0,1
287,550.0,2.820423083,4,447.98,53.27,9.39,29.22,28.28,89.1,2.13,6.84,1.97,4.1,1,15,83590.6379,0,1,1,0,0,0,1
1825,995.09,1.435217015,3,106.72,0.57,8.05,53.69,10.07,93.47,0.45,6.7,6.92,8.93,1,9,201390.223,0,0,0,0,0,1,0
5240,1287.48,2.631835288,3,517.81,28.34,5.86,80.89,22.77,95.98,1.85,6.93,7.99,10.0,2,43,378905.4629,1,0,0,0,0,0,0
3099,1127.92,2.834585205,2,586.47,28.67,7.02,4.5,45.03,92.94,1.58,6.58,7.72,9.95,2,19,272396.5937,0,0,0,0,0,0,1
686,890.77,1.880485466,3,1208.82,13.4,9.52,34.36,12.34,99.25,0.98,10.0,8.38,3.35,1,11,218802.3833,0,1,0,0,1,0,0
5005,1616.97,3.167565509,4,418.23,19.05,5.79,79.66,1.12,97.52,2.69,3.97,3.49,6.33,1,17,476373.9145,1,0,0,0,0,0,0
5769,1320.61,2.136641677,4,483.65,34.88,10.0,111.94,35.85,99.51,0.86,7.27,10.0,9.02,1,13,452739.7733,1,0,0,0,0,1,1
4460,1165.91,2.317669367,3,421.65,2.2,6.9,69.4,37.51,96.08,1.49,2.53,3.17,4.59,1,20,352907.8768,1,0,1,0,0,0,1
3042,550.0,1.313417098,1,542.42,20.15,3.0,64.23,10.99,99.46,1.62,0.33,5.13,5.62,1,14,196930.2725,1,0,0,0,0,0,0
6470,845.62,1.927832182,3,535.27,2.63,6.37,49.22,9.27,94.01,2.35,3.44,7.06,6.16,1,15,222034.025,1,0,0,0,0,1,0
973,1246.25,1.0,2,429.54,24.7,7.41,91.27,18.66,99.88,1.52,4.02,6.45,6.63,1,14,61520.94507,0,0,1,0,0,0,1
1766,1299.69,1.085453162,3,424.48,23.92,6.22,43.32,24.3,90.26,1.05,6.81,4.76,5.15,2,30,109262.9466,0,1,1,0,0,0,0
3012,550.0,1.0,2,476.85,52.05,7.56,25.66,30.69,89.3,0.8,4.02,9.16,7.49,2,28,25490.11079,0,0,0,0,1,0,1
3406,1161.44,1.0,2,467.44,23.12,7.1,58.85,18.02,97.49,1.49,4.28,5.98,6.25,1,13,132669.9311,0,0,1,0,0,0,0
3417,1266.2,2.044446471,2,504.35,7.87,6.1,35.1,1.06,93.01,1.51,4.44,4.7,5.19,1,16,193778.8479,0,0,0,0,0,0,0
1147,550.0,3.598538832,2,559.69,19.08,6.45,66.33,11.86,92.68,1.68,4.09,4.77,5.42,1,10,112398.2367,0,1,0,1,0,0,0
4021,1161.33,2.0872523,4,431.2,25.92,10.0,18.75,0.38,93.11,1.8,8.41,8.89,7.94,1,16,618510.8928,1,0,1,0,0,0,0
492,550.0,2.647041953,3,574.77,42.01,6.45,57.96,30.3,99.9,2.1,1.94,7.96,5.94,1,4,111483.7929,0,0,0,0,0,1,0
1519,550.0,3.827662068,2,566.81,17.82,4.89,54.37,6.93,84.49,1.23,4.43,2.21,5.83,2,23,170146.937,0,0,0,0,0,0,0
5912,1485.34,4.012901604,3,383.98,67.23,8.31,70.23,0.04,95.14,1.26,5.56,7.81,5.64,2,25,725765.1558,1,0,1,0,0,0,0
1114,550.0,1.528832085,3,263.71,7.25,7.99,51.74,2.29,88.33,1.45,2.54,5.21,4.65,1,11,33154.04599,0,0,0,0,0,0,0
636,550.0,1.0,3,394.66,0.76,4.56,78.51,15.41,92.5,0.77,3.5,4.61,7.65,1,10,64620.33287,0,0,0,1,0,0,0
6826,1455.1,2.90820248,2,319.95,17.4,9.14,38.76,6.0,99.9,1.11,7.09,1.36,3.17,1,2,372130.2171,0,0,0,0,0,1,1
81,806.38,1.192640201,3,833.94,15.79,3.63,93.14,37.27,89.26,1.33,3.31,5.88,3.69,1,13,169236.9098,0,1,1,0,0,0,1
6308,746.71,1.838094139,3,1044.52,7.06,8.17,14.67,4.41,95.44,1.66,7.93,5.15,3.85,1,23,191907.8503,0,0,0,0,1,0,1
2899,1233.61,1.0,3,871.0,28.97,7.37,60.94,40.73,94.55,1.03,2.86,2.21,6.58,1,16,145844.9039,0,0,1,0,0,0,0
3239,1285.27,1.0,3,464.33,6.6,6.06,94.56,3.53,93.27,0.94,4.45,6.4,7.1,1,10,110194.4491,0,1,0,0,1,0,0
5919,952.63,3.208535306,4,417.99,26.62,7.08,6.15,2.2,92.29,1.67,4.32,9.36,4.56,1,11,399781.2627,0,1,0,0,0,0,0
3290,1012.98,1.0,3,78.91,24.08,6.34,56.22,44.14,99.9,1.67,1.69,6.17,7.1,1,17,92394.74314,0,0,0,0,1,0,1
6248,1001.56,1.384357791,2,263.57,30.18,5.05,22.73,30.35,99.9,1.79,4.94,5.93,5.65,1,19,250712.6423,1,0,1,0,0,0,0
72,550.0,1.502869262,2,349.55,39.72,4.56,107.8,21.23,92.7,1.51,5.93,6.95,8.36,1,23,129518.3305,0,0,0,0,1,0,1
5852,1729.89,3.919109393,5,190.17,12.56,10.0,63.05,1.84,99.9,1.08,7.99,10.0,5.74,1,14,705508.7934,1,1,0,0,0,1,1
2934,807.19,1.848963249,2,81.26,24.9,4.73,32.7,3.35,99.9,1.45,3.36,7.11,8.68,1,16,151247.5671,0,1,0,0,0,0,0
3134,676.73,1.543180965,2,51.05,31.93,3.82,88.68,27.47,90.24,1.46,3.45,2.5,1.11,1,9,69362.60978,0,1,0,0,0,1,0
1247,1573.4,1.27438748,1,316.47,30.65,1.31,132.14,55.33,93.88,2.53,0.9,3.09,2.64,1,12,73370.38941,0,0,0,0,1,0,0
6169,1505.2,3.235635384,3,272.18,28.07,7.8,33.34,6.42,95.75,1.88,7.63,4.18,5.57,2,37,418399.8419,0,0,0,0,0,0,1
6546,1236.71,2.912969478,5,485.91,37.01,9.55,73.44,13.5,94.76,1.44,7.27,6.86,6.42,1,27,723899.6336,1,0,0,1,0,0,0
6277,1070.66,2.718867575,4,253.99,19.08,8.53,42.25,38.3,90.01,1.71,5.51,0.63,1.96,1,14,379133.1527,1,0,1,0,0,0,0
5851,1519.89,2.924498412,3,848.64,20.01,6.66,58.39,16.04,93.53,1.54,5.09,4.07,4.99,1,13,455651.7302,1,0,0,0,1,0,0
3194,550.0,1.0,3,245.38,12.0,6.75,45.91,18.71,83.68,2.05,0.86,9.59,6.62,1,10,19465.29387,0,0,0,0,0,1,1
6000,1946.47,2.650385947,2,451.62,31.92,6.08,16.2,19.2,92.41,1.74,7.14,3.32,6.07,1,8,346804.7104,1,0,0,0,0,0,0
1078,680.06,1.0,2,783.6,46.06,7.88,93.92,5.5,98.68,1.4,6.18,7.54,10.0,1,18,111407.4702,1,1,1,0,0,0,0
4839,1420.97,2.593023666,3,888.93,47.68,9.17,28.61,9.92,89.75,0.64,9.72,4.57,9.36,1,10,931933.1905,1,1,0,0,1,0,0
1384,1208.86,1.319678246,2,661.44,23.08,6.78,19.06,7.21,96.65,1.95,4.8,5.16,4.2,1,15,156471.3979,0,0,0,0,0,1,1
6959,1115.69,3.70343562,3,244.51,19.22,7.53,19.15,48.23,91.04,1.2,6.97,8.09,9.64,1,8,533788.4968,1,0,1,0,0,0,1
4531,1079.63,2.007435553,3,200.42,26.78,8.37,35.27,37.03,90.24,1.87,6.03,5.01,5.84,1,16,423424.6655,1,0,0,0,0,1,1
756,1503.95,1.506417168,3,652.72,64.63,1.57,82.0,22.69,85.68,0.94,2.84,6.53,3.65,1,20,224864.7927,1,1,0,0,0,1,0
1936,987.69,2.700844598,2,317.43,8.22,5.37,117.41,18.55,90.96,1.44,3.63,5.8,5.35,1,6,282806.4098,0,0,0,1,0,0,1
2968,1382.16,1.877179032,3,918.85,13.57,6.48,0.2,22.35,85.05,1.98,5.77,2.68,6.13,2,31,294650.1092,0,0,0,0,0,0,0
1851,550.0,1.734906141,5,595.84,33.9,9.93,13.87,23.75,94.54,0.46,5.77,6.66,7.3,2,46,317736.4914,0,1,1,0,0,0,0
3977,1239.85,3.216056701,2,47.58,28.45,5.41,33.02,33.92,95.04,1.27,4.68,4.41,5.0,1,12,561533.7278,1,0,1,0,0,0,0
1604,637.66,1.144810167,4,427.73,30.98,7.1,47.63,45.46,96.19,1.12,2.59,6.55,6.19,1,6,143789.1121,0,0,0,0,0,1,1
4365,1662.43,2.539909737,4,598.62,27.67,10.0,23.05,11.45,99.9,1.28,7.49,10.0,8.31,1,24,754027.661,0,1,1,0,0,0,1
2215,915.44,1.812798787,3,251.03,17.28,6.89,23.57,18.69,94.19,1.58,2.97,4.07,5.81,1,24,217664.4186,0,1,0,0,0,1,1
1023,1051.16,1.44919812,4,98.68,30.04,8.61,76.48,36.41,89.29,1.37,7.38,10.0,4.97,1,8,265833.6449,0,0,0,0,1,0,0
5390,550.0,2.563404223,4,396.22,51.98,7.59,44.52,24.35,91.26,0.57,7.28,6.26,4.75,1,10,384880.3671,1,1,0,0,0,1,0
3316,690.87,1.38590819,2,313.82,36.82,5.43,149.3,16.13,94.36,1.14,3.01,4.76,3.62,1,7,83084.07948,0,0,0,0,0,1,0
1987,550.0,2.859520907,4,727.82,36.87,9.45,25.26,13.54,95.83,1.66,5.02,4.62,6.61,1,17,211106.8653,0,0,0,1,0,0,1
5444,1609.6,1.558970451,3,963.22,31.99,7.48,45.52,30.62,94.76,1.38,3.65,3.18,5.3,2,59,337158.9324,1,0,0,0,0,0,0
6899,573.09,1.0,4,71.09,25.32,8.71,64.07,25.99,99.02,1.32,7.71,4.78,6.0,1,2,154713.7239,1,0,1,0,0,0,0
4652,1964.22,3.829206176,3,587.32,29.28,7.03,4.3,7.01,88.0,2.04,8.86,5.93,5.24,1,23,508203.6968,1,0,0,0,0,0,1
3698,1093.37,3.634401002,3,640.98,51.03,5.49,44.31,17.41,99.9,1.23,7.08,7.22,5.81,1,14,482829.9785,0,0,0,1,0,0,0
6676,1438.6,1.972614097,5,106.4,8.61,9.09,11.53,10.67,96.44,2.16,6.77,7.98,5.63,1,22,578444.8987,1,0,0,0,0,1,1
2529,550.0,1.0,3,589.75,29.66,6.15,101.9,22.36,92.29,1.42,6.03,4.62,5.41,1,7,51581.59873,0,0,0,0,0,0,0
3908,1180.85,2.464266351,4,134.27,18.45,7.72,29.48,23.92,92.63,1.54,5.75,8.24,6.52,1,10,436577.5188,1,0,1,0,0,0,1
684,897.47,1.479155571,3,112.36,46.24,6.05,48.85,9.88,97.7,1.91,2.04,2.62,7.84,1,13,85924.57459,0,1,0,0,0,0,1
5614,1177.49,1.226719698,3,863.48,46.36,4.74,15.19,5.39,89.91,2.28,3.66,8.96,8.91,2,19,286376.455,1,0,0,0,0,0,0
389,550.0,2.17305181,1,357.36,36.28,5.55,15.72,11.95,93.35,1.59,3.05,6.98,5.06,1,15,156793.0892,0,1,0,0,0,1,1
1576,1018.85,2.096184823,3,340.4,27.25,6.15,74.12,28.91,89.68,2.33,3.83,10.0,9.5,1,5,457585.2415,0,0,0,0,1,0,0
3822,1871.75,3.072478137,4,633.05,46.58,10.0,6.9,9.96,99.9,1.26,9.89,5.49,5.43,1,14,1226585.711,1,0,0,0,1,0,1
2188,550.0,1.0,2,549.99,42.22,6.28,72.57,20.89,89.07,2.57,4.23,3.91,5.08,1,11,150821.7656,0,1,0,1,0,0,1
6156,1286.97,2.033952514,3,536.78,38.73,9.15,21.45,11.17,95.0,1.73,5.13,3.07,2.9,1,10,337367.7995,1,0,0,0,1,0,0
3722,2186.62,2.246921428,3,741.75,25.63,9.17,11.33,20.19,98.01,1.15,8.01,10.0,9.1,1,29,421793.7201,1,0,0,0,0,1,1
4738,1478.31,2.930593053,3,384.55,28.23,9.21,74.89,8.07,88.83,1.15,6.75,8.26,7.41,2,34,412821.1163,1,0,1,0,0,0,1
1759,550.0,2.284199265,3,684.24,8.52,2.48,24.54,6.81,98.1,1.78,2.6,6.49,4.38,1,12,40421.27487,1,0,0,0,1,0,0
1005,550.0,3.520286728,4,345.02,37.23,7.39,52.51,31.66,93.75,2.04,3.39,2.98,4.27,1,8,170401.6724,1,0,0,0,1,0,0
1483,550.0,1.591872956,3,470.25,48.26,5.31,82.59,14.52,91.3,1.3,3.31,7.03,3.0,1,15,33087.15146,0,1,0,0,0,1,0
1961,1154.99,3.00564649,3,519.21,21.72,7.22,56.55,22.92,97.49,1.7,5.38,5.94,4.95,1,18,319065.9759,0,0,1,0,0,0,0
3544,939.61,1.061996769,4,419.2,10.14,8.7,62.77,2.35,82.76,0.46,3.24,3.05,6.72,1,9,299673.1726,1,0,0,0,0,1,0
22,550.0,1.0,3,272.3,27.42,4.44,7.61,9.93,92.87,2.27,3.76,7.98,3.28,1,16,85251.07949,0,0,0,0,0,1,1
4640,550.0,3.313235663,5,424.1,25.76,5.82,73.57,0.21,99.9,0.65,7.01,6.16,6.81,1,16,412305.0067,1,0,0,1,0,0,0
6265,1084.84,2.207523134,3,644.13,43.47,5.62,23.27,11.83,94.36,0.81,5.69,9.11,6.09,2,36,482427.0707,1,0,0,1,0,0,0
5990,1219.82,3.566419789,4,534.57,21.92,8.44,77.86,32.93,89.46,0.76,6.97,1.19,2.19,1,4,437429.6405,0,0,0,0,1,0,0
2331,638.87,1.165301113,2,418.58,22.36,6.47,139.46,29.92,98.38,1.64,3.63,3.12,4.55,1,14,94836.59945,0,0,0,1,0,0,1
3619,550.0,1.780297087,4,447.39,27.65,8.65,23.59,33.71,98.95,1.84,4.89,8.05,5.57,2,20,233843.1976,1,1,0,1,0,0,0
4421,734.98,2.791589181,4,757.53,24.24,5.29,33.47,10.43,92.73,0.73,5.59,5.0,4.25,2,29,357857.4505,1,0,0,0,0,0,1
4015,1463.73,3.3484204,4,738.76,20.99,7.2,26.96,23.74,88.08,1.7,5.7,9.47,6.99,1,23,549787.1598,0,0,0,0,0,1,0
5918,550.0,3.424775475,4,473.01,15.86,6.98,9.74,5.39,93.84,1.97,3.37,2.13,8.74,1,21,275354.399,1,0,0,0,0,0,0
2506,1527.26,1.0,3,764.46,76.92,6.93,157.41,43.17,87.38,2.08,4.24,5.37,7.42,1,10,120338.513,1,0,0,1,0,0,0
3810,1597.38,2.987663536,4,376.09,24.5,10.0,15.7,5.79,99.9,2.39,7.02,9.11,3.68,2,34,455420.9381,1,1,0,1,0,0,0
2885,550.0,3.924223733,1,621.84,52.63,5.68,89.9,6.02,90.35,1.92,6.11,9.13,4.96,1,12,39142.10022,0,1,0,1,0,0,0
1503,1005.49,2.313534372,2,330.77,36.35,10.0,13.63,16.66,96.17,2.01,4.65,8.38,5.53,1,17,166379.8208,0,1,0,1,0,0,1
3831,1789.32,2.146673218,3,960.32,21.04,10.0,14.75,17.55,95.39,1.16,5.07,8.01,5.68,1,9,502549.1675,1,0,0,0,0,1,0
689,812.11,1.0,4,531.14,32.76,8.34,30.63,18.92,85.3,1.74,5.17,6.07,6.51,1,3,181399.4596,0,0,1,0,0,0,0
5099,1077.67,3.281676625,3,603.2,60.19,7.8,19.94,1.17,96.39,1.54,4.25,6.09,2.95,2,34,305521.7101,1,0,0,0,0,1,0
3296,550.0,1.906439286,4,696.05,26.2,7.99,49.63,38.01,95.69,1.36,4.55,1.54,6.55,2,32,278770.7854,0,0,0,0,0,0,0
445,760.38,2.082660511,2,412.28,18.79,5.64,52.42,13.73,92.11,1.43,4.36,7.59,4.95,1,9,156843.2499,0,1,0,1,0,0,0
1447,550.0,1.003707114,3,574.79,0.28,5.89,38.07,24.19,89.1,1.71,1.65,3.97,2.97,1,17,188246.5351,1,0,0,0,0,0,0
4999,1016.92,2.089748088,3,255.18,26.51,5.46,15.09,12.43,96.81,1.05,4.44,4.25,5.28,1,19,215788.8395,1,0,0,0,0,1,1
2900,641.2,1.0,3,630.4,27.42,6.66,71.38,0.09,97.46,2.32,5.67,0.32,3.78,1,-2,112407.1559,0,0,0,1,0,0,1
1399,697.21,1.0,4,551.48,35.19,5.16,46.19,6.19,99.9,1.62,5.64,4.27,4.65,1,9,297672.5866,0,0,0,1,0,0,1
5439,641.69,1.695263885,5,771.15,8.62,9.46,70.01,8.31,98.12,0.97,3.8,8.83,10.0,1,4,363343.8385,1,1,0,0,0,0,0
4614,713.17,1.768622862,3,133.48,53.55,4.7,79.27,41.13,97.9,1.79,4.95,6.28,9.6,1,13,212024.2535,1,0,1,0,0,0,1
273,819.25,1.302362825,4,433.41,28.49,8.11,9.19,12.34,90.43,2.7,5.75,5.15,5.82,1,10,168930.8184,0,1,0,1,0,0,0
6744,1956.12,3.46170632,4,740.73,17.69,9.04,119.21,19.65,92.85,1.38,5.55,3.69,5.69,1,17,818970.1592,1,0,0,1,0,0,1
6402,1783.22,1.264546204,4,383.22,4.02,10.0,2.77,21.35,91.0,1.42,6.52,5.08,2.99,1,15,541233.4832,1,1,1,0,0,0,1
5952,1388.44,1.35134792,4,606.26,5.27,7.18,48.47,5.62,81.13,2.06,5.91,6.29,8.92,1,6,326300.5592,1,0,1,0,0,0,1
3339,1580.25,1.0,3,388.2,65.62,7.57,4.15,18.67,92.22,0.78,2.08,2.16,4.93,1,4,183573.3044,0,0,0,0,0,1,0
4141,1315.47,2.830245502,3,532.28,32.95,4.8,36.99,14.88,81.89,1.29,5.58,10.0,6.05,1,5,363874.1095,1,0,0,0,0,1,0
605,550.0,1.0,3,205.84,81.87,6.23,66.47,36.86,89.24,1.13,1.08,8.6,6.51,2,23,89841.08722,1,0,0,0,0,0,0
4195,1301.39,3.713245872,2,432.03,47.65,3.77,21.04,9.37,85.3,1.05,3.89,5.54,6.4,1,14,296802.1887,1,0,1,0,0,0,0
4816,1426.81,2.316594624,2,573.88,56.06,8.0,0.84,6.24,99.48,0.93,4.97,8.97,9.22,3,48,323736.1922,1,0,0,1,0,0,1
1532,1572.71,1.0,1,323.24,61.86,3.34,85.1,1.45,94.68,1.17,3.23,3.31,4.37,1,22,64312.6194,0,0,0,0,1,0,0
1873,550.0,1.0,3,126.98,57.93,5.0,55.17,5.42,87.98,1.43,3.4,3.92,5.3,1,20,63848.08423,0,1,1,0,0,0,0
6326,1871.96,2.235400181,3,210.36,30.99,9.83,20.9,16.52,95.93,0.84,5.85,7.48,9.65,1,17,464267.2365,1,0,0,0,0,0,0
1536,696.7,1.0,1,628.28,82.93,4.41,78.26,26.03,96.45,2.19,4.17,6.77,9.1,1,14,105769.3945,0,1,0,0,0,0,0
4627,2405.6,4.261199035,5,171.16,38.32,8.09,37.58,0.33,93.93,1.24,5.79,0.71,3.34,1,11,681414.252,1,0,0,0,0,1,0
359,960.39,2.285729073,1,56.01,48.45,5.06,45.56,19.38,99.9,1.57,4.89,7.54,6.93,1,14,2548.52884,0,0,0,0,0,0,1
6878,1280.95,2.50391325,5,824.24,49.04,10.0,6.26,14.41,93.46,0.54,10.0,9.66,5.02,1,22,517856.6916,1,1,0,0,0,0,0
2093,867.61,1.0,3,154.71,14.86,6.15,70.8,16.75,90.87,1.87,3.64,6.37,4.35,2,27,114759.2602,0,1,1,0,0,0,1
6728,1316.24,2.562856417,2,417.11,8.5,7.52,41.5,11.03,92.38,1.8,6.88,8.41,4.81,2,29,432857.0727,1,1,0,0,0,1,1
486,566.19,2.457386635,4,404.67,20.9,8.36,67.93,15.06,84.96,1.94,6.33,9.69,6.79,1,14,222656.7405,0,0,0,0,1,0,1
6299,916.98,3.159317182,3,304.61,41.97,8.37,10.82,18.31,96.88,1.45,7.51,7.38,6.81,1,17,274846.088,1,0,0,0,1,0,0
4045,1237.24,1.478187067,3,424.39,22.88,9.35,68.02,13.49,95.79,2.11,4.29,6.97,4.4,2,26,242799.3579,1,0,0,0,0,1,0
5377,974.62,1.0,3,96.39,0.56,9.53,14.19,15.75,96.06,1.74,8.12,8.01,7.54,1,13,218180.5817,1,1,0,0,0,0,1
574,550.0,1.0,3,201.94,54.91,7.78,89.17,1.68,87.81,1.26,4.14,4.54,8.52,1,14,104889.4103,0,1,0,0,1,0,1
3005,550.0,1.0,4,704.2,10.5,7.74,47.86,11.14,86.86,1.6,4.97,3.89,4.37,1,-1,130667.2967,0,0,1,0,0,0,0
5631,860.5,4.537739721,3,358.51,43.81,6.39,24.19,16.15,81.04,1.09,7.39,4.54,4.2,1,7,546800.4983,1,1,1,0,0,0,0
6095,1097.15,4.114637488,4,295.28,29.97,10.0,13.81,25.77,99.9,1.1,9.9,8.8,5.81,1,19,526382.1402,1,1,0,0,0,0,1
501,683.04,1.0,2,245.15,23.32,3.77,32.35,15.52,90.57,2.02,2.25,5.6,7.04,1,21,18105.07791,0,1,0,0,0,0,0
3223,769.22,2.062418033,3,253.26,16.83,3.95,75.27,18.98,86.2,2.28,2.5,4.73,5.95,2,24,200613.204,1,0,0,0,1,0,1
5414,1366.61,2.647721577,2,457.34,14.45,7.23,73.92,12.84,91.76,0.53,6.34,2.93,9.84,1,14,287685.426,1,1,0,0,0,0,0
6154,550.0,3.560778235,4,177.98,52.63,8.65,52.73,15.3,88.72,2.11,3.54,4.75,7.72,1,3,310990.5983,0,0,0,0,1,0,0
1990,937.62,1.0,2,860.75,41.36,7.11,68.24,27.95,96.29,2.18,2.76,7.76,7.65,1,6,10745.49194,0,0,0,0,0,1,1
1771,550.0,1.0,1,472.17,2.96,5.91,18.29,16.01,93.16,0.69,2.23,7.46,5.54,1,15,269025.558,0,0,0,1,0,0,0
4447,1438.56,2.755736285,3,516.27,27.02,10.0,102.49,22.85,92.65,1.51,7.52,5.34,4.71,1,12,683446.9625,1,0,0,0,1,0,0
6624,1721.87,3.242961834,3,660.06,20.47,9.07,3.57,1.02,91.7,0.63,7.82,6.53,7.25,1,17,413150.8428,1,0,0,1,0,0,0
3554,550.0,1.315424828,2,935.23,51.79,1.43,63.93,20.88,91.9,2.66,4.48,7.24,5.27,1,14,176339.6105,1,0,1,0,0,0,0
3883,1915.77,1.107585888,4,651.22,43.37,8.57,77.12,7.49,96.86,0.53,7.71,6.06,5.91,1,18,618672.2216,1,0,0,0,0,1,1
5416,1197.95,1.477818763,4,424.29,2.54,7.63,39.78,0.78,88.94,0.88,4.82,7.44,7.0,1,30,466482.3,1,0,0,0,0,1,1
82,550.0,1.814669984,4,802.1,17.39,7.88,74.58,21.37,82.0,2.57,3.19,2.75,6.76,1,10,207038.5091,1,0,0,0,0,0,0
2296,550.0,2.278506113,1,960.96,46.99,2.88,81.66,32.42,92.64,2.05,2.76,3.24,4.7,1,14,115431.6352,0,0,0,0,0,1,0
2040,1441.96,1.022996883,4,725.81,16.34,7.19,22.21,32.42,98.6,1.32,7.28,8.3,7.61,1,15,403164.9256,0,1,0,0,0,1,1
6174,1487.78,1.275482758,3,241.84,19.82,8.5,7.82,11.6,99.9,1.65,6.47,5.84,7.36,1,19,295256.5831,1,0,0,0,0,1,0
1502,550.0,1.548950996,2,424.07,43.05,3.52,16.06,26.29,91.82,2.42,1.57,8.09,7.78,1,12,67696.06394,0,0,0,0,0,0,1
196,550.0,1.300354412,2,324.23,49.83,3.94,70.19,15.66,96.02,1.76,2.49,4.62,4.95,1,11,371648.4558,0,0,0,0,1,0,0
4246,1029.83,1.623794737,4,393.99,49.11,7.09,46.67,17.87,92.3,1.18,3.85,6.94,7.21,1,8,478800.6474,1,1,0,0,0,1,0
3169,671.51,1.0,2,325.08,31.88,4.82,15.21,13.73,95.14,1.55,1.3,3.2,3.97,1,14,12513.75577,0,0,0,0,0,0,1
3867,973.77,1.814834477,4,21.96,2.2,6.5,33.45,1.71,99.17,1.8,6.27,7.15,6.28,1,5,373239.1861,1,0,0,0,0,0,0
4136,1036.36,2.280949558,4,155.28,23.66,7.87,9.21,7.29,90.73,1.51,4.37,6.67,6.44,1,3,327644.904,0,1,0,1,0,0,0
5666,1070.45,3.491750395,3,1023.25,19.79,7.48,55.78,5.05,94.06,0.67,4.4,8.13,7.12,1,7,392821.9097,1,0,0,0,0,1,0
6173,839.98,3.0861423,3,770.73,24.32,9.39,54.16,8.64,99.2,1.27,8.42,10.0,6.88,1,12,498755.5151,1,0,0,0,0,0,0
1304,997.54,1.212399891,2,289.46,11.11,5.23,88.56,41.92,90.98,1.8,1.04,2.89,1.95,1,16,105401.0907,0,1,0,0,0,1,0
5947,993.55,1.528368079,4,449.7,49.19,7.85,22.9,13.54,97.35,1.61,4.74,5.11,5.55,1,14,476704.8981,1,0,1,0,0,0,0
4593,627.24,1.0,5,76.12,12.23,6.75,39.91,16.99,95.85,1.56,5.32,7.31,4.01,1,21,255145.1085,1,1,0,0,0,0,1
6671,989.83,4.008426976,3,481.62,17.58,7.14,17.4,13.69,99.9,1.4,7.47,8.57,3.45,1,22,437494.3321,0,0,1,0,0,0,1
3001,795.56,1.0,2,18.23,29.24,8.55,45.73,15.95,95.2,1.91,5.15,9.64,4.43,1,11,5168.592954,0,1,0,0,0,0,0
5590,1217.26,3.699687803,4,135.46,30.82,6.21,32.35,6.2,97.01,1.71,3.46,8.41,7.91,1,29,415031.5882,1,0,0,0,0,1,1
5596,1464.41,1.315608478,3,557.48,34.62,5.39,2.19,17.64,87.77,0.94,3.83,6.63,6.18,1,17,313505.6024,1,0,0,1,0,0,0
4532,1686.78,2.879916051,3,321.81,16.01,7.15,99.59,10.52,93.32,2.07,4.88,4.76,3.78,2,25,554002.9495,1,0,0,0,1,0,1
4234,1434.43,4.318858654,2,370.18,20.76,5.13,66.2,1.09,93.39,1.1,6.35,5.3,7.47,1,12,381954.5133,1,0,0,0,0,1,0
428,1056.18,2.816784211,4,439.76,54.6,8.76,78.53,13.4,91.38,0.93,3.56,10.0,8.35,1,10,476420.1128,0,0,0,0,0,0,0
239,768.35,2.609231756,3,740.02,24.76,6.97,31.93,0.9,94.12,0.66,3.1,3.01,7.19,1,11,267242.6338,0,0,0,0,0,1,0
4224,1506.8,1.0,4,371.52,9.67,7.48,88.74,41.96,97.46,1.63,2.78,1.21,5.97,1,16,215383.9114,1,1,1,0,0,0,0
943,935.67,1.0,3,250.57,45.26,5.72,1.24,6.75,95.56,1.12,2.78,5.47,7.88,1,11,110690.0947,0,0,0,0,1,0,0
940,1048.11,2.524543313,3,345.78,13.03,5.91,26.79,6.58,92.34,1.68,4.34,6.69,6.21,2,18,156752.2615,0,0,0,1,0,0,0
6104,1464.01,1.127630937,5,577.43,34.11,8.56,63.39,26.68,91.57,1.7,4.62,6.2,5.18,1,16,542575.1683,1,0,1,0,0,0,1
1793,1303.03,1.482595995,2,758.94,23.55,9.1,66.82,5.21,91.44,0.62,3.07,4.21,6.95,1,14,154037.5445,0,0,0,0,0,0,0
3853,656.16,2.642604117,4,643.36,36.9,5.85,21.5,3.49,94.21,1.28,3.62,1.7,2.06,1,6,301519.4581,1,0,0,1,0,0,0
1060,1198.58,3.740967008,3,1100.73,40.7,7.33,37.5,9.9,87.97,1.9,6.93,5.69,3.41,1,7,348667.282,0,0,0,0,0,1,0
870,550.0,1.0,3,397.94,10.59,6.09,19.21,20.16,99.9,1.62,2.07,4.19,5.28,2,42,93816.42059,0,0,0,0,0,0,0
6533,771.18,1.478008617,3,95.67,57.62,4.5,42.5,18.61,91.95,1.18,5.43,10.0,8.85,1,19,261409.5803,1,0,0,1,0,0,0
582,550.0,1.0,2,350.39,42.59,5.26,74.45,29.28,87.35,1.12,4.54,5.18,7.25,1,6,100931.0646,0,0,0,0,0,1,0
2458,1154.95,1.221761357,4,199.91,39.81,5.56,120.6,9.03,91.12,1.23,3.16,2.39,5.53,1,15,252769.8469,0,1,0,0,1,0,1
6372,2189.13,1.980553513,4,845.53,4.66,9.35,0.57,15.74,99.09,1.43,4.56,10.0,4.45,1,16,785185.0421,0,0,0,0,0,1,0
3806,1182.99,2.027478942,2,548.96,43.67,5.71,26.76,4.49,96.36,1.39,2.16,7.54,5.02,2,20,228509.0391,1,1,0,0,0,0,1
5493,1366.81,2.751702913,4,659.3,34.34,10.0,48.41,7.74,93.95,0.44,8.23,10.0,5.59,2,33,453825.9985,1,0,0,0,0,1,0
221,988.32,1.308992909,3,773.65,41.29,7.05,89.12,15.0,99.37,1.39,3.18,5.41,3.36,1,13,62001.95613,0,0,0,1,0,0,0
4710,1558.03,1.636082286,2,572.2,3.78,6.81,29.37,29.67,99.9,1.83,6.07,4.99,5.9,1,22,300588.8621,1,0,0,0,0,1,0
3321,960.58,1.0,1,272.94,21.26,4.81,84.02,18.42,94.85,0.49,0.58,1.8,2.14,1,14,205277.1084,0,0,1,0,0,0,0
6525,1740.47,4.558374344,3,489.67,13.77,10.0,32.23,2.67,89.13,0.21,9.28,6.76,7.85,1,15,879848.0407,1,0,0,0,0,1,0
342,1492.61,1.835527414,3,544.93,25.74,6.68,57.18,21.06,94.44,1.43,4.32,3.5,3.98,1,20,248286.9784,0,0,1,0,0,0,1
5989,1247.77,2.237437314,3,132.9,27.37,9.03,11.2,27.03,89.12,1.44,6.24,5.26,6.05,1,14,259447.0744,1,1,1,0,0,0,0
3427,1396.49,1.107197337,3,1043.53,29.86,8.28,10.68,30.15,96.6,1.72,3.01,0.89,2.92,1,21,275572.922,0,1,0,0,0,1,1
1298,1403.92,1.974140894,3,689.47,17.79,8.97,11.29,3.18,94.38,1.58,7.42,9.96,8.31,1,19,271038.2618,0,1,1,0,0,0,0
3153,668.91,1.827757647,2,701.99,30.27,5.92,43.74,31.11,99.9,1.52,3.18,6.69,6.25,1,13,9386.799631,0,1,0,1,0,0,1
5424,1035.15,2.299867822,6,826.13,48.99,9.75,20.21,12.98,93.55,2.42,8.38,8.83,7.37,2,9,532091.5154,1,0,1,0,0,0,1
2975,1384.41,2.161560501,2,805.9,36.27,8.76,106.78,2.11,96.74,0.91,5.21,9.03,6.61,1,20,173469.8835,0,1,0,0,0,0,0
2606,1045.86,1.286067889,3,97.21,18.79,8.62,34.43,5.28,94.31,1.78,4.53,4.45,6.96,1,4,110946.5279,0,0,0,0,0,0,0
4582,2270.33,1.0,3,866.26,18.49,9.57,7.83,6.06,91.06,1.74,7.67,4.81,6.36,1,13,514599.3336,1,1,0,0,1,0,0
2992,646.4,1.0,4,653.33,19.63,5.85,26.17,20.6,85.35,2.55,6.08,6.09,5.44,1,19,181105.0914,0,1,0,0,0,1,0
3423,587.4,2.358537036,3,342.57,36.43,7.01,7.64,11.36,89.53,1.12,3.42,9.81,6.39,1,15,153060.6005,1,0,1,0,0,0,1
1573,550.0,1.690192474,4,573.81,32.7,8.36,82.24,48.37,99.9,2.33,6.57,10.0,10.0,1,18,154441.3792,0,1,1,0,0,0,1
792,1050.59,1.443374519,4,523.89,53.12,7.82,6.58,29.15,99.26,2.01,5.97,0.98,2.59,1,17,145556.6898,0,1,0,1,0,0,1
2641,1063.59,2.128704106,2,881.56,49.17,5.27,62.61,16.56,88.84,1.61,5.97,5.64,8.0,1,6,171452.0619,0,0,0,0,0,0,1
5483,1083.57,4.250023981,3,457.59,54.52,5.28,76.53,42.93,93.53,1.44,6.75,6.88,3.38,1,12,455652.1096,1,0,1,0,0,0,0
2217,550.0,1.0,2,494.49,20.81,4.92,72.23,26.47,87.61,1.95,0.36,8.22,5.55,1,23,125698.1824,0,0,1,0,0,0,0
4215,1265.16,1.0,4,636.71,38.04,10.0,60.39,39.29,93.53,1.2,9.44,6.74,8.74,1,7,304450.5272,1,0,0,0,1,0,0
6243,1192.9,4.003837009,5,62.76,36.18,9.83,70.33,13.26,95.52,1.47,6.84,6.93,7.02,1,19,613634.17,1,0,0,0,0,0,0
2723,727.07,3.201085506,2,590.45,16.43,7.39,25.67,24.85,97.96,1.62,7.51,5.48,5.65,1,19,223906.2748,0,1,0,1,0,0,0
4538,2149.1,4.577828576,3,224.55,51.59,10.0,2.76,6.93,98.36,1.06,5.68,8.85,9.32,2,29,573415.5083,1,0,1,0,0,0,1
6477,1423.0,2.335779639,2,593.15,29.1,4.5,28.45,30.42,99.72,1.02,4.04,1.44,3.26,1,10,251180.3684,1,0,0,0,1,0,1
1681,550.0,1.41478699,3,426.75,3.62,6.92,50.79,17.62,94.55,0.99,3.07,9.9,5.82,1,11,90079.39297,0,0,0,0,0,0,0
3954,1352.56,3.851260193,4,222.97,5.9,7.89,2.09,11.21,88.0,0.85,5.16,6.47,4.32,1,9,620319.3833,1,0,0,0,0,0,1
4090,1380.8,3.048135625,4,647.68,7.25,6.39,30.69,0.02,94.4,1.01,6.97,5.69,7.23,1,7,491504.2603,1,0,0,0,0,1,0
2827,839.71,2.953884996,3,269.22,41.28,7.36,67.7,19.54,93.58,0.95,3.36,10.0,7.84,1,18,363926.4712,0,1,0,0,0,0,0
5455,1001.01,1.121423839,4,261.73,6.43,8.16,98.73,19.07,99.9,1.76,8.02,7.28,2.24,1,13,499748.5962,1,0,0,1,0,0,1
3579,1223.17,1.996621246,3,100.38,36.79,6.68,41.37,22.61,93.04,0.98,6.76,6.19,3.16,1,15,165471.2967,1,0,0,1,0,0,1
2998,783.28,4.5945059,2,1079.27,26.29,6.12,57.1,8.5,99.9,1.01,3.16,6.21,1.98,2,29,202902.1007,0,1,0,1,0,0,1
5080,1681.9,2.420030579,4,455.82,40.26,8.36,36.77,20.5,95.97,2.03,8.41,0.0,1.94,1,7,677917.9588,1,0,0,0,0,1,1
5900,647.08,3.098616902,5,5.52,34.31,7.66,18.66,32.71,98.96,1.76,5.98,6.01,2.78,1,6,393007.2329,1,1,0,0,0,1,1
1556,761.64,3.212189397,3,811.58,6.78,9.36,74.82,34.44,96.16,1.38,8.6,6.43,6.46,1,11,204613.7284,1,1,0,0,0,1,0
4981,1218.77,3.169519035,3,60.66,26.54,8.17,32.93,3.14,99.9,1.8,2.88,10.0,10.0,1,29,555419.4024,1,0,0,0,0,0,1
453,1167.09,1.357589204,2,498.37,35.05,6.82,46.91,24.77,96.27,2.26,5.29,4.34,4.34,1,6,55168.48331,0,0,0,1,0,0,0
4451,1713.51,2.044340565,3,609.06,74.91,8.88,39.23,33.62,97.46,1.72,7.36,5.01,6.54,1,7,479096.8381,1,0,0,0,0,0,1
694,817.54,1.0,4,549.34,40.29,7.39,65.57,40.4,94.13,0.8,10.0,8.18,7.33,1,22,228443.08,0,1,0,1,0,0,1
4244,1545.27,1.025032678,4,456.73,35.74,6.53,34.96,39.69,99.9,1.22,3.96,1.12,1.03,1,12,378949.6684,1,0,0,0,0,0,0
6362,1202.42,1.88204523,2,822.98,21.15,9.59,50.4,15.31,90.92,1.15,5.0,9.05,7.31,2,19,235972.8437,1,1,0,1,0,0,0
1657,550.0,2.017263836,3,685.3,56.18,4.71,42.2,5.59,91.39,1.42,4.96,2.41,6.07,1,21,130354.3742,1,0,0,0,0,0,1
5202,1515.07,1.5055028,3,949.39,57.27,6.19,64.97,6.0,96.8,1.78,4.64,5.64,4.95,1,17,262207.9614,1,1,0,1,0,0,0
587,550.0,1.608242105,4,447.52,24.37,7.8,40.92,35.75,99.9,2.12,5.11,0.58,5.25,1,13,158702.8409,1,0,0,0,0,0,1
5771,1838.25,3.45807642,2,1009.36,26.82,6.21,4.07,6.61,83.16,1.4,7.46,8.5,3.71,1,16,291117.0163,1,0,0,0,0,1,0
3696,1689.85,3.543602099,3,194.47,38.78,9.09,83.27,5.49,99.49,1.11,8.25,5.21,7.16,1,18,596846.9444,1,0,0,1,0,0,0
559,550.0,2.685210629,3,652.27,14.79,7.6,4.84,13.41,95.65,0.94,8.67,7.65,7.09,1,4,315626.4274,0,0,0,0,0,1,0
6042,1973.89,3.821661867,5,371.56,24.1,10.0,45.64,5.05,92.08,1.63,9.21,9.88,8.44,1,10,665367.1995,1,1,0,0,1,0,1
2300,1367.54,1.103907415,2,885.22,11.23,5.77,62.54,3.12,89.34,1.53,3.37,7.3,4.23,1,8,-543.5423055,0,0,0,0,0,1,0
5038,1786.01,3.381903578,4,29.69,45.67,10.0,25.17,22.74,98.06,1.04,7.69,10.0,4.72,1,11,615730.1135,1,0,0,1,0,0,0
1628,550.0,1.0,2,304.95,22.78,5.22,51.86,13.7,97.18,2.17,3.95,6.25,7.71,1,14,53931.26127,0,0,0,1,0,0,0
6388,1379.63,2.02118365,3,507.39,32.89,3.21,54.21,33.91,87.41,0.49,1.18,4.0,6.87,2,63,303617.0984,1,0,0,1,0,0,0
1266,1545.84,1.213010243,2,118.04,49.36,3.05,70.08,32.22,97.09,2.66,3.78,7.99,7.21,1,10,152616.2263,0,0,0,1,0,0,0
6551,956.69,3.556850303,4,765.44,25.42,7.56,50.98,36.29,89.02,1.21,7.96,5.79,5.22,1,15,400866.5981,1,0,1,0,0,0,0
946,774.63,1.668696362,1,1114.67,49.1,7.98,22.59,8.74,99.9,1.84,6.49,5.62,5.83,1,15,76449.7098,0,1,0,0,0,1,0
4955,550.0,3.63608268,3,656.65,20.3,6.69,54.93,18.14,95.13,1.41,6.02,5.82,7.12,2,24,429132.6764,0,1,0,1,0,0,1
3488,731.56,1.42810744,3,1104.37,13.16,7.02,30.99,49.6,94.38,1.18,2.57,7.54,6.26,1,18,61498.245,1,0,0,0,1,0,0
2487,1076.4,1.885372637,3,384.06,53.42,8.1,2.28,16.98,91.07,1.77,4.44,7.23,5.68,2,25,173362.6991,0,0,0,1,0,0,0
4493,997.28,2.959824965,3,644.48,25.04,6.36,92.75,14.76,97.71,1.56,5.43,5.52,6.14,1,10,335204.3214,1,0,0,0,0,1,0
5922,1242.35,3.218606826,3,496.93,60.9,7.65,38.75,2.64,86.42,0.53,4.31,7.92,6.65,1,15,352226.303,1,0,0,0,0,0,1
3317,1520.66,1.0,2,390.41,23.12,6.35,79.46,18.0,99.9,0.89,3.9,5.93,4.9,1,24,127095.5939,1,1,0,0,1,0,0
4896,1383.97,1.0,4,392.49,25.34,10.0,39.92,8.43,94.59,1.23,8.55,6.2,6.98,1,10,402379.1309,1,0,0,0,0,1,0
6081,1701.92,3.816029315,4,700.3,27.23,9.38,32.86,9.13,98.33,1.59,6.16,7.5,7.61,2,33,588236.0141,1,0,0,0,1,0,0
4934,1044.36,1.0,4,604.53,44.41,7.28,37.46,9.71,91.29,1.04,4.46,5.37,5.82,1,12,253054.2148,1,0,0,0,0,1,0
2570,1037.35,2.189285761,2,934.92,48.03,5.76,13.84,41.71,94.51,1.49,4.63,8.73,8.64,1,8,110472.565,0,1,1,0,0,0,0
3160,550.0,1.175114239,3,652.12,17.89,7.24,85.32,42.83,85.78,2.44,5.33,3.55,3.45,1,16,83060.39447,0,1,0,0,0,0,0
4654,1568.19,2.103688318,3,92.9,34.4,6.91,95.79,19.86,91.8,1.57,7.05,2.87,4.52,1,19,368733.9513,1,1,0,0,0,1,1
4606,550.0,5.166797811,1,565.61,0.54,7.97,19.29,5.05,99.9,1.18,6.88,9.55,5.93,1,6,393036.0861,1,0,1,0,0,0,1
881,742.01,1.514002894,3,307.52,49.15,3.14,27.28,31.85,91.4,1.79,4.51,9.06,6.93,1,7,200553.5542,0,0,0,0,0,0,0
2362,777.56,1.794734575,2,701.26,36.53,5.5,35.71,23.58,98.67,2.56,3.48,6.75,6.84,1,4,-4308.506043,1,0,0,0,1,0,0
2392,550.0,1.365407805,4,313.24,37.74,5.35,46.04,28.38,91.3,1.94,7.47,9.96,7.53,1,21,206921.6618,0,0,1,0,0,0,0
6953,1489.32,3.908182129,2,746.63,3.12,8.34,12.78,14.62,99.9,0.91,2.87,3.08,5.82,1,20,520310.2449,1,1,0,1,0,0,0
988,550.0,1.470704732,3,786.36,43.56,4.62,42.69,19.64,90.84,2.5,4.13,10.0,4.32,1,8,86987.909,1,0,1,0,0,0,1
2157,1505.35,1.0,4,343.48,32.63,5.92,30.14,14.29,88.78,0.82,3.78,7.33,4.58,1,11,262888.9327,0,1,0,0,0,0,0
5206,1027.22,2.744670165,3,166.11,17.4,5.58,101.68,17.23,94.02,1.05,3.53,8.05,6.97,1,18,276389.253,1,0,0,0,1,0,1
548,1139.91,3.215113326,3,273.39,43.69,2.73,65.98,27.89,80.31,1.72,0.98,1.04,4.41,1,13,311878.143,1,0,0,0,0,1,0
5831,1438.33,1.385886095,4,442.11,54.95,8.88,3.76,0.15,91.8,0.86,7.02,9.15,9.13,1,14,363240.0025,1,0,0,0,1,0,0
3359,759.11,1.901657092,2,505.49,20.29,7.52,93.98,4.35,96.97,0.39,7.9,7.05,2.09,1,11,153718.9732,0,0,0,1,0,0,0
6946,1463.95,1.976922883,3,464.89,42.67,9.13,84.35,9.17,90.65,1.41,7.07,4.46,5.71,1,19,261976.2199,0,0,0,0,0,1,0
4272,1138.68,2.520716266,4,491.93,73.34,6.65,33.91,12.12,91.81,1.74,8.14,7.82,5.69,1,14,729674.8945,1,0,1,0,0,0,1
5635,1368.21,2.476029549,3,64.97,49.94,6.58,42.88,6.13,90.8,1.83,4.97,6.73,2.66,2,37,425889.2575,1,0,0,0,1,0,1
3470,964.44,1.0,4,773.84,35.86,3.56,69.07,6.45,87.64,2.35,4.5,5.7,7.04,2,47,176649.1489,0,1,1,0,0,0,1
795,1082.21,2.409414068,4,655.73,76.49,7.51,23.42,10.55,87.15,1.12,8.92,4.22,6.38,2,28,298000.4845,0,0,1,0,0,0,0
6227,976.6,1.80029207,5,483.23,12.97,10.0,21.69,19.11,98.94,1.76,5.05,5.07,5.9,2,33,272862.5168,1,0,1,0,0,0,0
5907,996.24,1.350501787,3,117.07,27.0,5.76,38.86,13.49,85.4,2.39,0.72,8.7,4.93,1,5,247092.6927,1,1,1,0,0,0,0
5399,1479.17,1.0,3,756.72,4.23,10.0,31.6,4.64,95.2,1.7,3.92,6.78,5.0,1,22,329932.7949,1,0,0,1,0,0,0
6522,1002.14,1.281793539,4,230.87,0.78,6.81,96.0,29.1,95.35,1.12,7.7,2.61,5.05,1,17,261889.4271,1,0,0,0,0,1,0
3862,1264.37,1.831226078,4,232.61,45.01,9.32,38.16,24.14,94.13,0.87,5.95,6.98,5.42,1,3,411399.1917,1,0,0,0,0,1,0
5179,1039.85,2.235167327,4,240.42,7.39,8.72,49.33,13.26,93.16,1.82,3.61,6.52,6.1,2,23,331009.2945,1,0,0,0,1,0,1
3972,1594.37,2.034835603,3,677.17,8.96,9.0,37.54,1.89,88.95,0.59,5.46,5.57,8.14,1,11,436412.9697,1,0,0,0,1,0,1
5827,1512.19,2.77629559,2,922.08,8.59,8.83,0.65,1.55,87.46,1.82,6.23,5.84,8.05,1,23,323362.3617,1,0,0,0,0,1,1
1288,1295.39,1.004230912,2,1022.91,64.48,4.99,131.98,40.61,99.9,1.67,1.93,1.56,2.17,1,17,84230.77463,0,0,0,0,1,0,1
3458,641.92,2.027304787,4,728.7,1.13,8.73,92.3,15.02,99.07,1.51,5.51,4.39,5.5,1,4,387841.7319,0,0,0,0,0,0,0
763,992.01,1.0,3,491.68,34.03,5.61,77.53,18.6,94.58,1.61,5.34,8.32,8.83,1,13,131980.1464,0,0,0,0,0,1,1
1662,1539.74,1.284889485,4,595.27,20.27,5.46,64.99,32.9,96.25,1.5,3.84,1.69,8.02,1,9,339288.323,0,1,1,0,0,0,0
6752,1316.69,1.352970042,3,271.12,9.88,10.0,8.17,4.67,99.42,1.13,7.4,9.37,7.38,1,10,486006.0717,1,1,0,1,0,0,0
3493,550.0,1.93007416,3,301.03,43.19,5.31,70.28,44.76,93.95,1.99,2.1,0.95,2.53,1,13,300357.9469,1,0,1,0,0,0,1
2896,550.0,2.570045105,4,731.51,6.5,8.17,74.26,11.1,95.27,0.82,6.56,0.3,5.51,1,14,205015.8322,0,0,0,1,0,0,1
3969,1566.17,1.476349858,4,413.19,28.69,6.14,9.75,3.54,87.55,0.57,4.14,2.75,2.48,1,12,360758.7201,1,1,0,0,0,0,0
1017,722.71,1.0,3,701.84,8.39,7.79,59.63,18.78,97.56,2.14,3.98,5.94,9.21,1,12,136719.3674,0,0,1,0,0,0,0
5504,1166.46,2.392691233,3,520.05,68.26,5.75,47.6,10.85,95.17,1.19,6.69,6.06,6.54,1,13,345759.7152,1,0,1,0,0,0,1
337,550.0,2.899609492,2,255.02,5.94,7.77,73.39,28.17,96.21,1.49,5.49,4.45,6.03,1,3,114430.5402,0,1,0,0,1,0,0
592,945.11,3.420269913,2,415.9,19.51,6.7,15.62,9.86,95.08,1.89,3.91,3.24,6.45,1,6,196599.0676,0,0,1,0,0,0,1
3204,550.0,1.0,3,316.28,32.55,4.56,58.96,26.33,91.82,1.5,2.32,3.94,3.79,1,1,32505.21158,0,1,0,0,1,0,1
4144,550.0,2.972489001,3,270.78,20.43,4.63,80.52,30.84,88.12,1.32,1.87,4.58,6.85,1,13,195755.208,1,0,1,0,0,0,0
3984,1662.01,1.487104365,3,313.55,37.73,8.3,30.73,9.17,93.43,1.41,4.73,4.39,7.27,1,12,415082.3369,1,0,0,0,0,1,0
2347,571.69,1.0,3,709.35,53.87,1.97,23.02,24.39,95.45,1.04,1.65,0.91,3.14,2,13,60651.72869,0,0,0,0,0,0,0
4750,1219.17,2.918136667,4,635.43,3.8,8.49,74.06,15.09,94.42,1.48,5.65,5.24,5.96,1,17,675981.0883,1,0,0,0,0,0,0
206,732.31,1.605698581,1,617.27,37.07,7.01,97.95,4.47,98.74,1.07,3.85,5.69,6.14,1,15,10130.27321,0,0,0,0,0,1,1
1424,1198.31,1.702911179,2,747.07,41.41,7.84,96.25,29.13,92.78,1.89,5.8,3.43,6.96,1,13,315974.4906,1,0,0,0,0,1,0
3829,1448.19,2.582738587,3,959.64,24.53,10.0,45.9,4.28,91.38,2.41,5.85,10.0,2.81,1,22,370702.5552,1,1,0,1,0,0,0
3500,897.55,4.73916723,3,579.57,41.05,6.1,13.77,24.4,86.13,1.76,4.87,5.59,3.68,1,17,524019.6443,0,0,0,0,1,0,0
4172,1098.26,1.792331301,3,769.18,32.34,10.0,46.84,38.64,99.35,1.6,8.03,8.46,7.97,1,17,264689.0483,1,1,0,0,0,1,0
4360,1002.76,2.721628034,3,515.12,26.26,10.0,20.57,15.27,89.4,2.19,6.31,7.26,6.57,1,12,384197.7977,1,0,0,0,0,1,0
3496,550.0,2.95920506,4,18.9,12.95,5.71,95.32,34.3,93.61,1.14,4.65,6.48,5.88,1,12,231931.7424,0,0,0,1,0,0,1
3334,876.01,3.898355928,4,255.08,7.12,8.2,59.58,1.6,99.9,1.48,7.93,7.25,5.82,1,10,403239.3194,0,0,1,0,0,0,0
2839,626.54,3.411808313,3,1182.22,55.37,5.78,66.76,41.51,88.6,2.72,8.3,8.11,3.98,1,12,266438.8894,0,0,0,0,0,0,0
6111,1743.58,3.150609528,3,249.13,27.6,10.0,18.96,12.34,97.9,1.35,7.13,4.75,7.52,1,10,392724.151,1,0,1,0,0,0,0
6614,1437.02,2.309452987,5,1230.93,7.73,7.02,33.29,22.41,98.62,1.28,9.08,5.94,7.27,1,14,919646.193,1,0,0,1,0,0,0
3041,1025.55,2.208620112,1,989.38,49.05,3.33,39.87,54.64,89.41,1.14,1.96,7.13,7.49,1,12,160486.9576,0,0,0,0,1,0,0
6976,820.57,3.644919322,3,775.99,35.78,7.82,43.55,1.43,99.9,1.9,9.08,10.0,8.55,1,9,457160.5421,1,0,0,0,1,0,0
5146,702.41,3.918882667,3,819.36,48.76,9.12,29.51,16.33,99.9,2.41,6.42,10.0,8.97,2,11,205762.915,1,1,0,1,0,0,0
102,561.26,1.0,2,1131.07,34.14,4.99,103.38,21.56,96.64,2.09,1.78,3.11,4.36,1,9,89907.38454,0,1,0,1,0,0,1
5888,2273.6,3.675151609,3,780.72,30.92,10.0,13.08,6.84,91.77,1.39,5.16,9.48,8.44,1,5,748616.7515,1,0,1,0,0,0,1
2076,852.56,1.43561462,2,163.08,26.6,3.91,22.25,37.58,94.33,1.61,3.79,10.0,8.24,1,17,122901.6693,0,0,0,0,0,1,0
1357,1001.67,2.252086593,2,631.95,32.39,7.37,70.1,18.77,83.71,2.35,5.91,9.42,6.99,1,13,164504.2397,1,0,1,0,0,0,1
4899,1588.03,2.43644941,3,124.47,5.1,10.0,32.94,10.23,99.9,1.71,6.64,2.86,4.17,1,24,522687.9463,1,1,0,0,0,0,1
589,550.0,2.341744799,2,554.0,4.07,5.95,3.69,3.12,92.4,1.98,6.56,5.1,4.48,2,16,146122.1421,0,1,0,0,1,0,0
4017,924.0,1.570725349,4,540.95,41.77,7.7,14.0,36.37,88.68,1.79,6.07,6.81,3.89,1,15,361300.7443,1,1,0,0,1,0,0
3305,550.0,1.856679265,2,113.42,34.42,6.39,16.15,16.07,94.11,1.24,2.75,4.9,5.93,1,2,129957.5696,0,0,0,0,0,0,1
6058,1135.51,2.527049674,4,1130.04,34.76,7.43,28.21,3.36,97.28,1.5,5.92,8.09,6.47,1,12,584055.749,1,0,0,1,0,0,1
2688,550.0,1.021607608,2,1089.85,50.56,1.9,84.97,3.25,88.74,0.94,2.12,3.64,5.16,1,10,5955.484404,0,0,0,0,0,1,1
1228,1057.01,1.199181358,3,207.59,0.92,8.06,30.22,8.29,98.27,1.35,4.45,7.41,5.03,1,21,201866.3574,0,0,0,1,0,0,0
6421,550.0,2.758771438,3,617.2,17.01,8.48,15.43,21.13,98.86,2.41,7.52,0.04,2.05,1,17,240723.9342,1,0,0,1,0,0,0
289,824.72,2.084032692,2,202.39,50.74,8.82,94.81,29.98,83.95,1.39,4.26,7.36,3.55,1,15,65538.52797,0,0,0,0,0,0,0
6060,1249.65,1.0,3,296.48,41.82,5.7,56.74,1.96,99.9,1.52,4.18,10.0,7.18,1,4,265407.4849,0,0,0,1,0,0,0
6086,1004.33,1.812506929,4,383.41,29.1,8.1,73.32,21.65,99.9,0.58,5.91,4.33,7.29,2,34,599792.4095,1,1,1,0,0,0,0
1758,873.02,1.671878436,2,32.49,6.9,3.86,8.46,10.77,94.91,0.97,2.97,2.77,4.54,1,10,113319.7806,0,0,0,0,0,0,0
3318,1373.24,1.063691804,1,249.93,18.73,6.72,91.75,18.44,86.42,2.07,2.22,8.29,4.3,1,10,52565.89728,0,0,0,0,0,1,1
2408,1251.06,1.0,1,400.0,22.31,1.54,99.48,63.31,89.58,2.07,0.15,0.66,5.32,1,13,94785.76258,0,1,1,0,0,0,0
5879,1041.61,3.544439984,5,452.98,38.52,7.85,33.98,2.68,89.56,1.42,6.2,9.8,7.35,1,4,393464.2375,0,0,0,0,0,1,0
3821,1742.26,2.924457025,3,691.85,12.64,9.28,54.45,9.81,92.47,1.01,5.4,9.96,7.32,1,12,374789.3545,1,1,0,0,0,1,0
5165,1751.95,1.762293577,3,662.06,22.74,9.06,7.4,0.11,91.6,1.76,8.17,7.75,8.43,1,13,352072.0665,0,0,0,0,0,1,0
2176,550.0,2.919600816,2,644.38,1.16,7.94,11.32,8.1,99.9,1.25,3.19,6.6,6.54,1,14,218281.8618,0,0,0,0,0,1,0
5041,944.74,2.211420114,4,21.02,62.6,7.16,115.25,18.31,84.5,0.98,7.26,10.0,8.36,1,4,370310.2825,1,0,0,1,0,0,0
2012,550.0,3.220646562,3,138.12,45.04,6.74,85.35,3.67,94.29,2.03,4.98,3.75,5.98,1,9,132625.8479,1,0,0,1,0,0,0
3729,2173.85,3.817769313,2,357.43,9.22,10.0,37.44,18.03,91.07,0.93,9.65,8.3,5.41,1,11,664660.817,1,0,1,0,0,0,1
2159,550.0,1.356135228,3,468.94,42.26,6.17,64.59,7.84,97.21,1.79,3.34,5.76,10.0,2,14,16326.71986,0,0,0,0,1,0,0
3600,976.42,1.893188455,2,272.46,18.71,8.9,24.42,36.69,95.31,1.66,5.19,2.4,5.38,1,11,166325.4772,1,1,1,0,0,0,0
5333,1153.29,2.690064373,3,738.17,17.63,10.0,63.47,4.24,90.12,0.7,3.41,4.52,6.84,1,5,355860.8904,1,1,1,0,0,0,1
4221,839.48,2.157531611,4,279.98,19.65,5.5,96.64,48.28,89.24,0.56,4.72,9.42,7.57,2,30,317937.2615,1,0,0,1,0,0,1
6414,1729.78,3.700601776,5,1040.52,3.73,9.37,6.62,3.41,99.71,0.96,8.88,10.0,10.0,1,6,633882.4212,1,0,0,0,0,0,1
5285,627.24,3.888439517,3,1104.18,12.29,6.31,52.29,25.13,99.9,0.96,5.09,10.0,8.56,1,22,374900.6761,1,0,1,0,0,0,0
1915,844.84,1.611118351,3,285.84,19.26,8.7,107.85,53.14,90.45,1.48,3.67,6.47,3.91,2,23,10784.92969,0,1,0,0,0,0,1
958,732.84,1.0,2,465.83,51.46,6.59,42.42,54.15,95.22,1.79,4.32,7.8,6.88,1,20,9741.58941,0,0,0,0,0,0,0
2263,550.0,1.468959403,4,445.88,56.46,6.4,48.98,40.3,95.47,0.93,4.4,3.36,6.12,1,8,134257.6873,0,0,1,0,0,0,1
1394,898.34,2.393838363,3,795.01,10.89,4.9,3.35,8.39,98.47,2.39,4.6,7.56,7.2,1,16,313960.5807,1,0,0,0,0,0,0
2966,1663.91,1.0,3,801.23,22.27,6.49,0.25,17.71,92.07,1.23,6.39,10.0,9.87,2,35,307623.0832,0,0,0,0,0,0,0
2764,1441.51,2.433279423,2,560.35,2.19,8.38,58.22,25.69,99.9,1.22,3.35,1.23,3.68,1,3,257725.6918,0,0,0,0,1,0,1
6745,1952.56,1.691828801,4,541.56,24.88,7.96,28.95,16.11,95.83,2.01,2.72,10.0,6.23,1,11,372658.3184,0,1,0,0,1,0,1
4267,1313.64,3.112871035,3,761.28,26.27,10.0,19.15,8.72,96.97,1.35,5.6,10.0,10.0,1,17,460623.2989,1,1,0,0,0,1,0
4106,571.36,2.149232772,4,756.17,43.54,6.61,76.32,26.46,97.03,1.41,4.19,4.2,3.92,1,14,256437.8285,1,0,0,1,0,0,0
5467,1106.34,2.337172222,5,1082.61,25.33,8.13,1.17,15.24,91.39,2.1,7.8,8.58,7.14,1,14,480630.2745,1,1,0,0,0,0,1
1091,550.0,1.811296537,2,949.48,2.48,5.18,49.95,33.72,92.58,0.05,4.77,9.27,9.95,1,22,166833.2431,0,1,0,1,0,0,1
1899,1215.85,1.367049368,3,608.76,27.22,7.36,93.0,28.06,91.84,1.16,5.79,3.94,4.86,1,18,142314.4184,0,1,0,0,0,0,0
2645,712.03,2.646034056,3,133.02,18.75,6.9,101.05,22.69,90.48,1.65,6.13,6.49,6.16,2,12,395162.2553,0,0,0,0,1,0,0
5496,1956.56,4.40523915,3,439.89,28.24,9.03,41.45,25.14,90.96,1.15,7.83,10.0,10.0,1,24,473839.2882,0,0,0,0,1,0,1
192,958.82,1.047291764,3,475.59,48.48,6.32,36.82,6.98,88.73,1.88,4.73,4.79,6.0,1,13,167208.1095,1,0,0,0,0,1,0
3847,1756.32,3.018148277,3,633.69,25.71,7.25,10.45,7.74,88.06,2.48,4.07,8.84,7.91,1,19,305893.1983,1,0,0,0,0,0,1
3191,675.68,1.0,2,345.13,13.41,5.07,87.16,14.24,90.07,1.6,3.42,3.86,1.76,1,20,96778.96605,0,0,1,0,0,0,1
5327,613.33,2.989469818,4,970.35,21.63,7.67,106.31,6.59,94.72,1.51,9.3,5.4,4.07,1,10,351520.3975,1,0,0,0,1,0,0
2229,924.97,1.517590355,2,987.22,61.68,4.25,60.26,19.49,94.79,1.23,4.27,3.78,8.3,1,15,48584.69576,0,0,0,1,0,0,0
6508,775.73,1.78444509,3,549.76,50.83,7.25,45.68,6.55,94.19,0.87,4.57,5.79,6.97,1,17,211182.2856,1,0,0,0,1,0,0
3128,932.47,1.0,3,48.82,38.88,5.0,35.65,39.16,92.36,1.15,4.62,7.06,4.1,1,18,339470.2015,1,1,0,0,0,1,1
1881,550.0,1.0,3,193.11,42.44,6.7,47.25,25.01,99.9,1.88,3.12,4.31,5.21,2,8,2355.295886,0,1,0,1,0,0,0
4960,850.67,2.658915312,3,356.65,43.89,8.29,68.68,0.37,94.9,1.23,5.77,8.09,9.33,1,14,311922.8868,1,1,0,0,0,0,0
1310,778.67,1.67131196,2,339.21,33.54,7.1,21.13,56.98,86.4,1.87,5.4,7.7,6.22,1,-1,26968.26689,0,0,0,0,0,0,0
6812,1179.85,4.129395778,3,28.74,40.75,6.98,17.98,10.55,95.49,0.92,5.42,6.85,5.3,2,38,428994.4817,1,1,0,0,0,1,1
3489,1202.25,1.068501877,1,1058.19,4.8,5.48,52.48,39.84,96.8,1.42,2.18,10.0,5.48,1,13,27242.99173,0,0,1,0,0,0,1
3382,550.0,1.076890683,3,688.51,82.77,2.05,48.39,6.08,91.59,1.55,3.1,5.62,3.78,1,14,6782.506895,0,0,0,0,1,0,1
5978,1175.56,3.822624437,1,701.66,25.38,7.66,38.57,4.99,86.0,1.15,6.52,7.53,7.41,2,31,278000.6432,1,0,0,1,0,0,0
1719,813.84,1.044756614,1,1005.25,42.11,3.79,121.45,3.14,91.49,2.12,3.03,4.22,4.9,1,15,72619.71708,0,0,0,0,0,1,0
5337,1295.36,1.415277879,2,46.4,44.02,4.39,106.99,16.08,96.13,1.65,4.92,4.04,5.42,2,22,295860.602,1,1,0,0,1,0,1
238,550.0,2.162152172,2,399.1,17.64,7.23,56.52,17.41,99.9,1.13,4.02,10.0,7.24,1,17,56196.92906,0,0,1,0,0,0,1
304,550.0,2.781420233,2,899.21,4.96,4.74,7.26,11.16,95.25,1.36,3.78,6.72,6.94,1,22,227060.8728,0,1,0,0,0,1,0
5996,1177.16,1.0,2,893.63,29.65,4.43,21.51,13.34,95.22,1.61,5.13,5.93,7.46,1,19,195825.3439,1,0,0,0,0,0,1
6640,1057.2,1.82538522,5,156.59,4.54,9.13,90.9,1.64,94.29,0.98,9.17,4.88,6.6,1,16,350596.4666,1,1,0,0,0,1,1
1676,1313.71,1.439125208,2,839.16,39.14,7.96,83.71,22.42,96.84,1.38,5.48,0.41,2.94,1,14,154763.4133,0,0,0,0,0,0,1
3218,550.0,3.3251668,4,1035.56,32.58,6.41,99.66,21.06,88.13,1.33,2.88,5.44,4.55,1,9,214999.4691,0,0,0,1,0,0,1
3469,550.0,1.0,1,241.85,41.95,7.62,47.1,15.7,96.35,1.36,2.09,1.54,5.22,1,20,182684.0355,0,0,0,0,0,0,0
4688,1688.52,1.586843328,1,626.23,23.41,4.41,60.56,24.68,99.9,1.38,4.69,5.04,6.26,1,9,350547.1591,1,0,0,0,1,0,0
5685,1791.87,3.973554313,3,412.07,25.56,8.51,56.05,52.5,95.79,1.43,8.99,6.67,9.49,1,17,480191.2109,1,0,0,0,0,0,1
2304,1772.95,1.611908055,2,672.62,69.11,4.11,45.39,34.94,91.68,2.05,4.11,9.37,6.36,2,25,269083.2727,0,1,0,1,0,0,0
3939,714.9,3.919013935,3,662.04,42.74,4.95,10.04,10.78,90.76,1.11,2.89,1.9,7.26,1,3,242058.879,1,1,0,0,1,0,0
4297,1565.15,1.305385101,4,647.98,25.19,9.61,43.21,14.96,95.46,1.41,7.24,8.93,8.78,1,27,292968.0462,1,0,0,1,0,0,0
3983,1220.52,1.0,2,985.27,31.06,5.63,55.57,21.4,93.97,0.65,4.08,1.45,8.61,1,11,155001.956,0,0,1,0,0,0,0
6211,918.94,2.708287388,3,234.47,25.49,6.51,33.14,28.87,94.23,2.14,5.64,3.26,5.37,1,11,191385.3212,1,0,0,1,0,0,0
2639,934.87,2.049244824,2,710.71,49.84,4.96,16.18,28.4,91.56,1.55,6.55,9.01,8.57,1,3,147601.1381,1,0,0,1,0,0,1
4103,1511.32,2.270717733,5,730.62,49.65,9.07,57.42,10.04,90.25,1.78,8.04,10.0,7.46,1,36,886947.087,0,0,1,0,0,0,1
4581,1300.82,2.607157512,3,233.65,46.48,8.53,2.06,38.5,99.05,1.64,5.2,5.79,3.07,1,12,498717.6636,1,0,0,0,1,0,0
5000,550.0,2.75291306,4,330.87,26.96,6.43,20.97,20.08,98.45,1.09,3.8,6.73,7.58,2,22,358359.6519,0,0,0,0,1,0,1
2945,1142.34,2.311770231,3,543.48,42.96,9.3,25.78,0.76,94.98,1.87,6.32,9.77,5.47,1,7,324905.1287,0,0,0,0,0,1,0
5799,1288.96,2.33004673,3,273.31,13.53,9.85,100.91,23.56,99.9,1.1,5.24,5.97,6.57,1,18,288884.1792,1,1,0,1,0,0,0
4847,1633.79,2.978776088,3,507.09,9.67,7.84,49.99,6.88,99.9,1.28,7.66,5.78,6.56,1,10,454177.2422,1,0,1,0,0,0,0
783,1258.66,1.0,3,1174.25,62.53,5.8,71.41,46.7,87.52,1.81,1.73,7.08,4.64,1,13,165949.221,0,0,0,0,0,0,0
6184,812.22,1.701440338,4,179.27,41.32,9.89,62.67,23.26,96.65,1.77,4.78,4.51,6.67,1,13,315845.7026,1,0,0,1,0,0,0
392,741.88,2.44212541,2,410.81,64.32,3.76,26.18,17.91,82.96,2.24,0.08,4.79,5.26,1,12,126059.9081,0,0,0,1,0,0,1
2407,639.37,1.069706185,4,524.67,35.1,8.38,79.57,5.41,90.67,2.25,0.09,3.9,5.43,1,31,145224.4303,0,0,1,0,0,0,1
4941,1703.4,2.163048988,2,9.33,63.64,10.0,29.32,14.54,91.14,0.82,4.22,5.78,8.39,1,13,427744.31,1,0,1,0,0,0,1
2836,988.76,1.917077859,3,1313.59,20.57,4.69,81.04,29.03,99.9,1.18,6.23,2.9,4.91,1,16,10618.9253,1,0,1,0,0,0,0
1929,733.29,2.586492722,2,141.91,32.07,7.93,0.89,34.86,89.35,1.9,4.78,2.97,6.41,1,15,184803.1917,0,0,0,0,1,0,1
4119,1475.81,2.610201946,4,311.06,33.3,4.96,22.73,7.95,95.95,2.11,5.39,10.0,6.84,1,21,620410.1615,0,0,0,0,1,0,0
6427,757.63,2.107729426,3,684.49,31.64,5.55,1.09,20.18,91.73,1.27,6.1,5.11,3.94,2,39,242674.727,1,0,0,1,0,0,0
5818,1076.54,2.968572317,2,835.25,36.0,9.2,80.9,20.35,97.73,1.74,7.12,2.9,3.15,1,24,236218.3637,1,0,0,1,0,0,0
3693,1147.95,1.0,3,190.36,1.1,5.72,44.35,3.07,99.9,1.43,7.57,5.69,8.66,1,17,317214.4615,1,1,0,0,1,0,0
280,550.0,1.0,3,113.08,18.03,6.88,72.38,28.31,93.63,1.14,3.84,5.14,5.31,1,22,46733.01365,0,1,0,0,0,1,1
1026,550.0,2.826773617,2,201.87,33.86,7.06,52.78,15.17,99.9,1.66,4.81,7.06,4.51,1,17,53237.96511,0,1,0,1,0,0,0
557,550.0,2.736537412,3,72.28,66.56,7.47,87.37,20.48,96.32,2.07,4.02,9.69,6.31,1,17,203468.3348,0,0,0,1,0,0,0
1463,739.21,2.317125127,3,944.13,53.19,6.08,86.72,21.14,99.9,2.2,5.6,5.99,6.12,1,29,134223.7811,1,0,0,1,0,0,0
1669,550.0,2.802106091,2,839.33,51.3,6.62,54.43,34.23,99.17,1.46,3.38,0.71,3.02,1,12,68947.38787,0,0,0,0,0,0,1
3657,957.72,2.102530969,5,243.74,46.61,8.86,27.72,27.06,95.54,1.67,4.35,1.21,5.54,2,30,416090.5233,1,0,1,0,0,0,0
1255,1190.73,1.0,2,538.72,29.41,6.06,0.57,12.51,99.85,1.78,6.72,5.57,4.62,2,20,124020.0631,1,0,1,0,0,0,1
2804,1072.97,1.198938557,2,352.41,31.76,8.02,7.62,11.45,93.24,1.48,4.53,6.62,9.94,1,17,108736.5831,0,0,1,0,0,0,1
3137,614.91,1.757373742,2,782.71,63.76,7.68,22.15,15.01,99.9,1.88,3.92,4.27,5.82,2,28,142189.9214,0,0,0,0,0,0,0
5895,561.83,2.81568322,3,722.94,24.49,5.94,28.72,35.85,99.9,1.66,3.06,8.55,8.98,1,32,188877.1898,1,1,0,0,0,0,0
1016,936.61,1.113771364,4,840.64,23.1,9.22,11.41,15.35,99.9,2.24,4.13,9.19,7.85,1,22,171212.7483,1,1,0,0,0,1,1
4315,690.37,4.486009639,2,694.65,10.43,8.7,36.69,6.95,97.07,1.3,8.93,10.0,7.41,2,41,457590.9517,1,1,0,1,0,0,1
6722,1877.12,3.507405742,3,301.79,38.96,7.99,62.96,9.97,86.24,1.02,5.86,8.07,6.94,1,13,537724.1298,0,1,0,0,0,0,0
5543,1159.75,2.722240013,3,718.75,10.65,7.61,48.89,1.14,97.28,1.03,4.96,3.63,3.46,2,34,497996.5713,0,1,1,0,0,0,0
5669,1395.58,3.593985602,2,299.59,38.98,4.24,29.73,30.69,92.64,1.41,5.58,2.41,5.75,1,17,439729.5092,1,0,0,0,0,1,1
3828,723.29,3.357200029,3,569.25,34.91,6.48,9.74,18.55,93.9,0.99,8.64,8.52,7.83,1,26,252655.463,1,0,0,0,1,0,1
5111,1148.9,2.193575294,2,323.78,26.85,5.78,15.06,0.76,97.51,2.15,5.37,3.56,5.68,1,19,204490.4702,1,0,0,0,1,0,1
2983,550.0,1.737339083,2,307.65,7.86,6.04,77.08,10.05,97.98,1.44,5.41,7.56,5.86,1,9,-2565.913547,0,0,0,0,0,0,1
4621,1645.3,1.017037299,4,87.61,72.39,6.51,22.7,4.37,94.86,0.89,8.29,8.4,7.1,1,14,370110.3211,1,0,0,0,0,0,0
6754,1597.52,1.351376168,4,645.37,22.63,7.53,96.78,18.18,87.75,1.51,3.72,2.31,5.36,1,22,275149.0196,1,0,0,0,1,0,0
2694,999.91,1.730886848,3,664.88,19.29,7.82,40.81,0.47,99.9,0.77,6.3,5.43,5.62,1,17,309482.0603,0,1,0,0,0,0,0
1768,609.74,1.525296422,2,487.58,22.79,9.8,20.66,33.56,99.9,1.64,1.43,7.2,8.03,1,12,125434.9326,0,0,0,0,0,0,1
1403,671.09,1.78416945,3,1075.03,44.77,6.32,46.21,19.07,98.68,1.88,3.39,2.24,7.09,1,16,144111.4723,0,0,0,1,0,0,0
6314,653.62,3.298488543,4,525.86,31.24,5.53,64.06,36.02,94.19,1.76,6.64,8.2,5.43,1,11,380412.0273,1,0,1,0,0,0,0
4781,1225.84,1.656656281,2,362.58,13.08,8.5,54.46,21.8,91.71,1.29,5.94,10.0,10.0,2,16,300368.3868,1,1,0,0,0,0,0
6906,932.75,3.891891,4,256.07,13.92,6.09,86.27,4.53,84.94,1.83,6.4,4.64,3.38,2,38,250191.6983,0,1,0,1,0,0,1
846,550.0,1.678216306,3,353.75,20.73,6.03,63.28,25.6,93.07,0.93,3.87,3.46,5.91,1,23,146753.1835,1,1,0,0,0,1,0
5156,550.0,1.706601611,1,477.04,43.63,6.49,20.13,48.17,97.59,1.48,2.45,3.01,3.71,2,30,405322.6163,1,1,0,0,0,1,1
779,1406.5,1.860463915,1,390.13,26.56,6.47,19.05,20.34,87.97,2.05,3.7,5.31,4.71,1,16,177084.4318,0,0,0,0,0,0,0
5921,1364.29,2.337373745,4,288.29,35.01,10.0,31.27,6.03,91.78,1.19,8.52,3.79,9.09,2,42,537310.9652,1,1,1,0,0,0,1
5843,961.97,1.747315056,3,301.57,8.25,7.7,26.12,12.76,95.89,1.28,4.2,8.09,7.87,1,18,243897.1949,1,1,0,0,1,0,1
4498,786.1,2.063828338,3,708.91,45.49,6.83,28.69,10.89,99.9,1.23,6.65,5.89,8.34,1,10,178601.9997,1,1,0,1,0,0,0
1396,1127.11,1.225976058,2,409.98,22.18,6.04,19.86,48.02,93.33,2.13,2.72,7.09,6.11,1,11,63592.82006,1,1,0,1,0,0,0
4344,1167.07,1.677867208,3,284.86,52.42,5.33,37.93,24.67,99.08,1.93,7.3,3.76,6.05,1,17,333158.1769,1,0,1,0,0,0,1
931,714.11,1.0,3,461.22,63.03,4.41,115.88,12.01,85.92,0.83,1.6,7.66,3.49,1,21,106271.6856,0,0,0,0,1,0,1
4608,1674.51,2.29466775,2,394.53,49.99,6.35,11.87,3.28,94.83,1.34,5.91,4.43,6.61,2,22,270933.0098,1,0,0,1,0,0,0
5692,911.63,3.395765874,3,333.46,15.53,10.0,15.66,15.63,99.9,1.02,6.99,8.14,6.7,2,6,615369.5036,1,0,0,0,0,0,0
1238,684.35,1.340914845,3,352.73,19.22,6.7,67.62,8.87,95.42,2.11,4.15,3.47,4.18,1,17,56271.56945,0,0,0,1,0,0,0
5328,1213.2,5.163795942,3,107.47,20.09,10.0,102.07,5.07,99.9,1.35,6.99,0.84,3.03,1,11,325960.1777,1,0,0,1,0,0,0
1011,749.09,3.416113012,3,1150.48,27.69,10.0,20.16,2.83,98.23,1.57,5.77,3.6,7.64,1,4,150640.345,0,0,0,0,1,0,0
6403,1284.14,4.558352982,3,26.05,10.11,8.34,98.38,15.23,93.39,1.95,5.42,0.13,5.18,1,22,419208.56,0,0,0,1,0,0,0
3577,1516.73,1.496611355,3,149.41,25.37,7.34,32.96,2.07,90.16,1.02,7.91,5.97,8.1,1,8,476003.0198,1,0,0,0,0,1,0
1642,1327.08,1.808288819,1,84.94,62.88,4.8,77.01,20.69,81.44,1.29,4.01,3.29,1.73,1,21,38544.36169,0,1,1,0,0,0,1
6753,935.16,2.19646421,4,462.56,24.47,10.0,116.64,2.44,88.24,1.27,4.3,0.45,3.03,2,40,352752.5703,1,0,0,1,0,0,1
5270,1676.03,1.6756997,5,663.92,35.43,8.0,76.0,20.49,93.3,2.01,6.73,7.21,8.94,1,9,484611.1899,1,1,0,0,1,0,0
1386,634.46,1.925591819,4,794.6,6.34,4.37,104.53,2.06,84.09,2.27,1.68,8.95,8.42,1,4,129665.4617,0,0,1,0,0,0,1
3015,599.43,2.73170379,3,191.79,42.13,4.09,94.11,30.41,90.8,2.34,1.05,3.13,7.38,1,24,94994.68821,0,0,0,0,1,0,0
2857,550.0,2.273355921,3,355.38,28.12,4.45,104.93,33.43,91.17,2.77,3.2,2.73,5.03,1,12,18234.42703,0,0,1,0,0,0,1
4167,1600.25,2.535483755,4,589.4,24.56,8.99,47.13,22.3,88.67,1.53,6.27,5.9,6.76,1,17,616064.6859,1,1,0,0,1,0,0
2807,550.0,1.392559266,4,133.63,61.86,7.95,19.72,0.5,88.42,0.64,5.51,8.59,8.16,1,18,188162.3271,0,1,1,0,0,0,1
4206,1612.52,2.64965124,4,1159.82,38.87,9.54,43.81,14.01,83.17,1.54,5.4,7.92,2.55,1,7,481231.9781,1,1,1,0,0,0,0
4108,1600.28,1.0,3,570.58,33.28,7.9,86.67,3.35,87.81,1.65,6.53,2.45,5.29,1,15,198845.6067,0,1,1,0,0,0,0
6315,1459.29,1.583630315,4,419.43,28.59,6.78,26.19,12.6,93.07,1.11,5.81,5.29,6.1,1,5,414758.6661,1,0,0,1,0,0,0
2623,1734.13,1.258619347,3,483.13,38.08,8.69,48.66,16.4,95.05,1.88,2.03,9.7,5.24,1,21,350667.9967,1,0,0,1,0,0,0
6155,1310.12,3.17695783,3,465.6,23.36,9.58,62.85,4.72,95.02,1.18,6.4,3.93,5.21,1,13,430530.5078,1,1,1,0,0,0,1
2488,859.94,1.0,1,531.17,27.48,5.81,54.08,40.04,92.23,1.67,3.2,7.85,6.52,1,23,24243.60499,0,0,0,0,1,0,0
5732,1532.97,1.824873254,4,807.16,65.69,7.84,28.3,9.39,96.73,1.66,5.28,7.98,4.75,1,21,828796.3233,1,0,0,1,0,0,0
4580,1427.51,1.449288417,3,295.74,35.98,6.21,78.2,13.86,94.38,1.59,4.98,6.72,4.0,1,13,211587.3843,1,1,0,1,0,0,0
854,550.0,3.160430112,3,928.82,44.06,7.89,17.84,21.05,93.91,1.6,4.09,9.53,8.88,1,8,86803.7354,0,0,0,0,0,0,1
5263,1304.4,3.388863787,5,721.92,31.0,9.39,13.6,10.5,91.37,1.53,5.56,7.52,5.8,1,6,731596.2431,1,0,0,1,0,0,0
2366,727.05,3.511052093,4,183.98,8.71,7.42,0.43,27.23,99.9,1.28,5.35,6.53,7.13,1,16,277829.6757,0,0,1,0,0,0,0
1453,1384.13,2.667191793,4,423.58,50.77,8.34,47.63,31.13,93.26,1.32,5.53,5.33,4.22,1,23,359752.795,0,0,0,1,0,0,0
537,1557.14,1.179427862,3,124.6,34.25,7.29,75.82,28.92,90.66,1.87,5.71,9.12,6.36,1,6,174333.8793,0,0,0,0,0,1,0
1710,550.0,1.0,3,521.43,53.48,4.64,46.9,20.44,88.9,2.01,1.59,6.59,6.22,1,13,1937.573978,0,0,0,0,0,0,1
1697,838.09,1.0,3,226.89,42.48,4.36,46.32,28.58,94.15,1.57,1.83,7.2,5.3,2,25,65663.62534,0,0,1,0,0,0,1
2406,1314.72,1.0,4,424.09,69.8,7.73,12.22,20.94,99.9,1.62,5.32,2.0,5.2,1,12,405786.6162,0,0,0,0,0,1,1
3762,692.32,2.244203873,4,292.98,16.44,9.16,39.56,19.89,90.68,0.94,6.59,9.51,6.1,1,21,401574.0024,1,0,0,0,0,1,1
5257,1109.72,5.772859854,3,44.17,23.55,9.12,5.89,3.17,99.9,0.84,5.35,4.78,3.44,1,8,567715.4167,1,0,0,0,0,1,0
3411,607.09,1.122131318,1,818.85,15.96,2.6,76.1,40.82,84.07,1.34,4.14,10.0,5.13,1,22,123468.4004,0,0,0,0,1,0,0
4071,891.59,1.936383662,2,213.04,0.3,5.8,8.43,11.99,99.9,1.25,6.12,9.17,5.86,1,6,310526.8495,1,0,0,0,0,0,0
5511,733.04,2.618083384,4,145.4,42.67,8.26,4.15,14.29,99.9,1.09,5.96,3.15,4.8,1,17,360697.8342,1,1,1,0,0,0,1
6854,2111.58,1.0,4,676.72,10.31,8.95,30.62,15.1,89.52,1.15,6.47,8.44,6.48,1,22,565316.233,1,0,0,0,1,0,1
3678,1261.2,1.12703411,5,689.67,22.1,9.06,84.25,23.04,98.0,0.95,3.69,5.03,5.52,1,21,332648.0657,1,1,0,1,0,0,1
6767,1723.29,3.000835312,2,439.27,24.06,7.94,7.13,5.27,98.29,1.63,8.98,8.65,3.98,1,14,404578.7748,1,0,0,0,0,1,1
4260,1765.92,3.732545313,1,903.8,19.59,5.04,34.07,19.04,99.9,1.37,7.67,2.28,6.67,1,24,470617.3801,0,0,0,0,0,1,0
6874,550.0,2.3101192,3,461.72,3.2,6.44,3.78,3.88,85.83,1.64,1.38,8.5,6.81,1,14,179701.3624,1,1,0,1,0,0,0
3571,854.37,1.267840205,3,300.71,23.05,4.11,34.93,7.47,91.53,1.18,3.4,10.0,6.22,1,12,250640.666,1,1,0,0,0,0,0
6279,1658.26,1.952308846,4,682.33,16.96,7.45,25.51,4.4,99.76,1.34,7.76,7.03,5.68,1,18,368059.2787,1,0,0,0,1,0,0
3738,2105.87,3.671566891,2,25.33,46.44,9.54,79.01,25.17,98.58,1.22,9.56,5.5,4.44,1,12,608569.5517,1,0,0,0,1,0,1
4977,856.67,3.674270929,3,669.49,34.59,6.2,104.25,9.06,97.56,1.54,3.14,6.46,7.85,2,33,216107.0988,1,1,0,0,0,0,1
2675,569.55,1.568564545,3,705.66,31.13,3.53,83.09,29.8,95.16,2.19,2.04,5.31,9.59,1,7,44466.50383,0,0,0,0,1,0,1
4604,1659.3,1.361319973,5,456.1,26.96,9.4,39.95,14.22,98.64,1.64,7.04,7.64,6.93,1,9,678824.4476,1,0,1,0,0,0,1
367,1456.45,1.0,2,618.87,2.93,6.97,58.36,30.25,97.83,1.0,5.04,9.42,5.69,1,19,184092.6755,0,0,0,0,0,0,0
804,550.0,1.138137278,3,859.24,34.43,8.54,22.53,10.72,98.48,2.15,5.69,1.73,7.11,1,-1,56654.96002,0,0,1,0,0,0,0
4482,550.0,3.165689679,4,445.98,55.22,9.02,17.84,7.37,96.91,1.72,6.26,0.91,5.32,1,14,321653.8463,1,0,0,0,1,0,0
4190,1122.0,2.395786347,4,1008.94,25.61,10.0,22.5,38.67,94.9,1.19,4.97,10.0,3.99,1,11,481980.8367,1,0,1,0,0,0,0
3953,1247.06,3.505193999,2,263.38,17.85,7.45,144.12,8.3,90.88,1.76,5.49,5.12,6.95,1,4,534892.8776,1,0,1,0,0,0,0
4991,1105.63,1.195203689,3,248.03,6.11,7.28,30.33,41.4,93.37,1.99,6.36,8.64,7.48,1,16,176242.6279,0,0,0,0,0,1,0
566,550.0,1.266494643,3,855.73,41.36,7.16,39.47,16.19,99.66,0.03,3.28,3.59,3.37,1,11,51355.09586,0,0,0,0,0,1,0
3607,1411.04,1.0,5,465.67,37.83,5.23,63.68,2.26,91.82,2.3,8.06,7.75,5.48,1,16,434924.7769,1,0,0,0,1,0,0
2685,592.62,1.0,3,584.6,30.37,4.46,70.66,8.48,99.9,1.46,4.14,5.13,5.0,1,28,118563.786,0,0,0,0,1,0,1
6366,1212.45,1.968039348,3,702.27,27.09,4.74,37.03,25.79,96.05,1.55,6.31,3.06,1.56,2,27,260981.0962,1,0,0,0,0,1,0
5840,1414.96,4.458333411,2,279.23,12.03,5.46,100.19,3.08,98.53,1.75,7.77,9.19,5.53,1,23,380673.9543,1,0,0,0,0,0,1
1577,550.0,1.103585987,3,677.67,40.06,7.08,1.59,2.06,94.5,2.02,3.4,8.06,9.38,1,7,7666.795315,0,0,0,0,1,0,1
6216,1380.39,4.50748613,3,221.35,58.47,10.0,36.41,14.62,82.93,1.41,9.06,9.32,8.68,1,15,388970.5919,1,0,0,0,0,0,1
507,680.27,1.0,2,389.08,11.22,6.04,73.45,24.28,99.9,0.88,3.68,7.19,9.2,1,19,72590.82719,0,0,1,0,0,0,0
5183,1391.97,1.342067287,3,677.48,14.8,9.46,18.37,21.95,99.68,1.78,8.76,6.37,7.02,2,28,350893.6882,0,0,1,0,0,0,0
2351,678.71,3.490849386,4,524.98,20.75,6.63,54.64,39.12,86.4,1.38,4.79,4.01,8.97,1,3,316287.6994,0,1,0,0,1,0,0
159,1069.19,1.812709571,3,397.15,1.27,8.23,26.75,20.25,94.8,2.28,6.08,3.68,6.34,1,18,239953.26,0,1,1,0,0,0,1
98,1136.23,1.88214982,4,634.95,54.97,6.07,19.17,6.92,95.79,1.72,5.6,5.85,4.8,1,7,324830.0812,0,0,0,0,0,0,0
5309,1740.6,2.780128646,5,980.41,15.37,8.54,59.65,2.02,93.33,1.23,8.38,10.0,10.0,1,12,910172.9612,1,0,1,0,0,0,0
4402,1625.17,3.177879714,2,930.29,12.48,10.0,21.54,18.3,92.79,1.48,3.93,3.56,7.1,1,17,349851.0263,1,0,0,1,0,0,0
1198,695.01,1.0,1,550.96,36.13,1.34,83.62,33.67,94.64,1.71,5.67,9.1,5.24,1,18,79031.0125,0,0,0,0,0,0,1
667,844.95,1.0,3,249.42,11.38,7.09,67.03,35.55,91.49,1.43,2.59,10.0,6.59,1,10,290280.4317,1,1,1,0,0,0,0
858,550.0,3.073354242,3,682.14,23.46,5.76,59.79,5.61,83.73,0.92,2.29,2.59,8.01,1,12,115979.2936,0,1,1,0,0,0,0
246,550.0,2.949512557,2,468.29,7.65,6.49,92.63,20.29,91.38,1.21,6.82,5.54,7.85,1,22,160988.9713,0,0,0,1,0,0,0
6980,1647.31,1.322820383,4,49.35,6.45,7.18,7.92,12.83,93.57,1.03,4.19,10.0,7.68,1,24,357293.8704,1,0,1,0,0,0,0
5929,1760.77,2.123101368,2,459.59,46.97,6.86,83.89,31.07,95.95,2.02,5.85,7.28,8.01,1,15,445138.9535,1,1,0,0,1,0,1
1549,571.32,1.0,1,46.44,6.49,5.28,40.84,14.63,88.62,1.5,1.01,0.68,4.06,1,11,49422.98281,0,0,0,1,0,0,0
996,1410.31,3.535258018,2,275.38,32.4,8.82,13.88,7.01,91.88,0.26,5.52,6.27,7.21,1,6,304227.7269,0,1,0,0,1,0,1
3667,966.84,3.345799806,3,90.6,13.61,6.57,34.79,27.92,86.4,1.94,6.09,8.74,6.95,2,19,298779.5391,1,0,0,0,0,0,1
3207,846.6,1.993574404,3,475.88,9.77,7.36,85.61,17.11,98.38,1.89,2.97,8.39,4.85,1,16,181594.9127,0,0,0,0,0,1,0
6439,1058.63,3.462986345,4,595.41,36.07,8.59,47.33,11.31,91.67,1.44,5.49,6.48,1.93,1,7,406536.9315,1,0,0,0,0,0,0
4762,1491.94,3.106000937,2,417.7,52.34,6.05,31.86,37.18,86.79,1.79,5.26,4.23,5.27,1,13,475546.4477,1,0,0,0,1,0,1
5471,959.56,5.199416616,3,464.31,22.58,8.17,51.58,3.65,90.54,2.5,5.27,8.79,8.55,1,11,362312.1298,1,0,0,0,0,1,0
5675,639.35,3.465570402,4,855.37,48.65,6.64,55.47,32.34,99.9,1.66,4.55,5.23,5.39,1,24,409425.8813,1,0,0,0,0,1,0
2809,860.32,1.096057482,3,363.89,4.0,6.53,65.03,23.03,96.33,2.17,2.99,7.07,9.67,1,10,136085.7618,0,0,1,0,0,0,0
6150,979.19,1.0,6,408.48,32.24,6.98,5.52,7.09,99.9,1.56,4.46,6.81,5.94,1,22,337257.5612,1,1,0,0,0,1,1
6667,2084.5,2.989032806,4,151.81,44.87,6.32,49.64,16.86,93.75,1.49,7.67,3.95,6.14,2,13,568309.943,1,0,0,0,1,0,0
1381,550.0,1.210942347,2,42.64,18.48,8.49,30.24,33.36,99.9,1.92,5.97,5.27,4.04,1,16,39320.77936,0,0,0,1,0,0,0
6474,1724.17,2.755685558,3,557.18,3.21,6.39,87.09,12.19,99.9,2.38,8.6,9.64,10.0,1,20,451213.9102,1,0,0,1,0,0,0
4826,1754.56,3.829261774,5,451.19,19.77,8.23,49.47,4.73,96.63,1.12,6.92,8.49,5.91,1,22,824051.0382,1,0,0,0,1,0,0
6851,958.57,3.138680638,3,387.23,6.1,9.3,91.54,9.87,83.68,0.99,3.57,3.64,1.93,1,22,300279.2569,1,0,0,1,0,0,0
5544,1011.95,2.351125012,3,132.27,34.32,2.73,20.11,19.3,97.66,1.28,5.53,2.42,3.72,2,17,249956.314,1,1,0,0,1,0,0
4147,1535.24,2.613466539,3,228.08,8.32,9.35,32.6,0.31,99.9,1.49,6.01,9.3,5.54,1,12,454404.9824,1,0,0,0,0,0,1
4924,1608.32,1.753059973,3,1111.4,32.16,9.3,32.37,14.37,93.45,1.53,5.25,0.5,6.18,1,11,292657.6862,0,0,0,1,0,0,1
6510,1028.47,2.313091554,4,213.54,30.1,6.02,80.26,45.1,88.91,1.8,4.93,4.99,4.86,1,25,244301.874,1,1,0,0,1,0,1
6683,1113.56,1.0,3,38.55,26.2,5.88,53.25,36.17,99.9,1.49,4.59,10.0,7.51,1,11,171896.0326,1,1,0,0,0,1,0
556,1367.23,1.0,4,430.85,51.66,5.59,10.51,11.21,82.48,1.79,5.51,8.59,5.92,1,13,496024.6773,0,1,1,0,0,0,1
3924,1831.94,2.283459527,3,523.42,45.6,5.65,22.85,10.15,98.07,1.44,2.49,8.85,6.94,1,9,479484.4287,1,0,0,1,0,0,1
1406,628.62,1.28916747,2,149.27,39.59,8.4,43.09,12.47,87.0,2.03,1.62,6.32,5.66,1,21,29182.23155,0,0,0,0,0,0,0
993,550.0,1.893346428,3,69.49,11.04,7.35,50.96,5.79,89.7,1.66,4.41,5.59,5.25,1,22,129264.4337,0,0,0,0,1,0,0
5797,760.98,2.908583384,3,811.64,19.6,6.26,35.61,4.08,98.43,2.12,6.0,7.78,7.29,1,14,227574.6829,1,1,0,0,0,0,1
5392,1744.56,2.279013441,2,437.49,12.26,6.2,28.55,27.69,96.1,0.19,4.75,6.01,7.77,1,2,265431.9359,1,1,0,1,0,0,1
4769,975.2,2.777436199,3,505.11,16.78,7.15,7.75,23.13,92.96,1.51,5.79,6.99,9.86,1,13,258077.3299,1,0,0,0,0,0,0
2847,970.23,1.932693583,1,151.53,24.83,2.92,16.5,5.09,88.94,2.26,4.87,5.61,6.86,1,11,191363.1674,0,0,0,1,0,0,1
4558,935.51,1.278718658,3,394.75,20.23,5.2,17.33,20.15,92.49,1.93,4.17,3.5,7.06,2,38,413763.6904,1,0,0,0,1,0,0
4016,1255.41,1.728055742,4,600.75,11.32,7.98,39.45,19.28,83.98,2.64,7.52,6.95,4.36,2,20,348567.6702,1,0,0,0,0,1,0
5702,1345.99,1.500464999,3,210.99,19.19,7.3,67.57,22.94,90.31,1.41,7.14,7.0,6.45,1,7,335403.6568,1,0,1,0,0,0,1
791,550.0,1.543216976,4,888.51,17.61,6.81,17.51,6.37,93.86,1.33,3.54,2.11,2.3,1,15,46233.16324,0,0,0,0,0,1,0
5821,893.69,2.06061106,4,98.22,1.71,7.41,34.64,24.67,96.21,0.29,6.68,4.29,4.96,1,5,459249.3984,1,0,0,1,0,0,0
5752,1020.94,1.488559397,3,414.41,43.21,5.57,45.08,32.34,99.9,1.84,4.68,8.35,6.33,1,17,282176.9848,1,0,0,0,0,0,1
2852,1251.3,1.960165295,3,375.35,40.33,7.46,5.51,15.21,96.2,1.93,4.7,4.81,5.76,1,9,482596.3045,0,1,0,0,0,0,1
995,1004.24,1.955012401,3,1070.43,42.02,7.9,13.21,5.14,95.5,1.73,3.87,7.08,3.11,2,25,166930.56,0,0,1,0,0,0,1
4068,582.18,3.329851638,5,462.19,22.1,6.26,41.66,33.05,91.72,0.91,5.8,3.69,4.9,1,6,285069.6716,1,0,0,0,0,1,0
3652,969.23,2.296565051,4,520.41,39.87,8.9,45.53,38.54,86.82,1.46,9.35,5.13,3.88,2,12,775322.5786,1,0,0,0,0,0,0
4040,2708.44,3.928910621,4,1078.8,47.06,9.19,62.65,17.8,87.23,1.7,9.46,6.73,6.44,2,29,589529.9874,1,0,0,0,0,0,1
934,676.7,1.0,3,794.02,28.51,4.6,14.22,23.98,97.37,2.48,6.84,10.0,6.34,1,12,96257.27616,0,0,0,1,0,0,1
3836,550.0,1.276473826,1,688.88,45.47,2.71,78.23,14.98,91.98,1.31,1.26,4.67,8.15,1,11,147718.6213,1,0,0,0,1,0,1
1954,1352.46,1.689377334,2,298.55,45.73,7.16,69.87,19.97,99.18,0.86,5.87,3.05,3.69,1,17,171482.0448,0,0,0,0,0,0,1
1783,550.0,1.534321988,4,1125.79,41.79,7.01,7.17,38.42,93.87,2.17,1.39,1.04,3.43,2,28,142934.4577,0,0,0,0,0,0,1
2355,812.79,3.312295842,4,548.93,2.81,6.15,19.15,6.9,99.9,2.3,4.85,5.23,2.11,2,20,347837.1906,0,1,0,1,0,0,0
1734,692.41,1.0,3,1059.23,42.64,3.86,13.62,24.49,95.06,1.83,3.96,10.0,6.46,1,7,40774.88886,0,0,0,0,0,1,0
700,781.61,3.635890444,3,879.97,33.61,7.52,58.94,25.57,97.68,0.99,4.78,5.04,5.15,1,2,292757.7727,0,0,0,0,1,0,1
5537,2514.79,4.020904718,4,457.96,7.81,10.0,41.19,7.55,96.75,2.12,10.0,6.14,5.43,1,20,1060790.432,1,1,1,0,0,0,0
2098,910.01,1.37059736,2,445.46,60.32,8.33,23.06,46.47,96.48,1.07,4.47,7.44,7.0,1,22,28282.13131,0,0,0,0,0,1,0
2692,666.18,1.0,2,320.07,56.8,6.67,91.43,20.78,99.7,1.45,5.4,4.1,5.35,1,7,75705.79374,0,1,0,1,0,0,0
344,752.01,1.0,4,660.36,43.6,9.03,18.97,1.83,95.47,2.39,4.89,2.9,4.8,1,22,100087.3446,0,0,0,1,0,0,0
6757,910.32,4.235249937,2,929.41,54.3,6.76,35.15,21.17,89.69,1.86,7.56,8.29,7.5,1,22,383706.6224,1,0,0,1,0,0,1
6821,1655.56,3.223624288,3,928.97,28.7,6.14,35.97,10.95,92.26,1.44,5.43,3.61,5.61,1,9,402477.0423,1,0,0,0,0,0,0
2394,1114.6,1.0,4,407.16,13.56,6.29,38.44,5.49,92.83,1.82,4.29,7.16,3.04,2,37,143036.3622,0,0,1,0,0,0,1
2739,659.51,1.0,1,774.48,49.07,6.68,77.2,15.54,95.38,0.98,3.77,2.17,4.72,1,7,161042.6534,0,0,0,0,1,0,1
1081,1058.54,2.166310866,2,28.08,1.56,7.55,0.27,10.84,99.35,1.12,4.84,8.95,8.48,1,16,225466.4545,0,0,0,0,0,1,0
4257,1440.01,2.224380153,4,1298.7,30.7,10.0,76.32,0.68,97.87,1.47,8.36,5.81,6.15,1,8,303661.4285,1,0,1,0,0,0,0
3273,1007.38,1.0,3,654.26,13.5,7.08,49.01,20.5,91.54,1.84,4.8,6.32,4.99,1,4,179682.4956,0,0,0,0,1,0,0
6181,1307.56,2.040012442,4,539.92,53.27,9.41,3.67,0.44,99.9,0.9,6.4,4.58,7.2,1,16,488189.331,1,0,0,0,1,0,0
850,1568.42,1.281133673,2,658.36,2.82,9.11,102.5,17.15,98.17,2.18,7.05,5.55,6.31,2,41,193929.785,0,0,0,1,0,0,0
4719,1080.83,3.465119659,3,779.97,78.38,5.21,34.1,13.19,99.9,1.43,6.13,2.8,2.26,1,8,416784.3935,1,0,0,0,0,0,0
4148,1020.35,1.0,4,114.53,28.17,6.36,7.59,39.81,90.41,1.59,2.78,6.87,4.62,2,37,150647.7484,1,0,0,1,0,0,0
524,876.31,2.557324273,3,600.38,30.62,7.42,0.85,19.86,88.77,1.44,6.58,9.46,9.35,1,7,246716.1749,0,0,0,1,0,0,0
6005,2196.04,2.695977508,4,534.15,31.09,6.45,11.8,20.76,95.04,1.96,6.27,5.25,3.93,1,17,547576.8929,1,0,0,0,1,0,1
2687,992.46,1.279429989,1,358.12,51.91,6.14,43.37,32.8,90.97,2.17,2.79,1.48,2.67,1,26,31387.24972,0,0,0,0,0,1,0
4107,1440.88,1.905538605,3,234.59,33.33,7.95,25.91,5.54,95.36,1.66,3.68,5.93,3.49,2,27,336188.9126,1,0,0,0,0,0,1
323,895.96,2.330410149,3,705.96,2.17,5.68,55.01,3.77,95.34,1.81,7.48,6.66,6.56,1,15,228908.9864,0,0,0,1,0,0,1
5162,2121.6,1.971589809,3,416.2,62.78,7.3,47.98,22.78,90.52,1.07,5.92,6.65,8.41,1,22,518605.8821,1,0,1,0,0,0,0
5367,667.3,1.898717562,3,671.66,29.01,2.71,118.18,9.62,95.57,1.62,2.13,6.47,5.46,2,28,240233.7596,1,1,0,0,0,0,0
2740,796.96,1.765963718,1,338.71,35.29,7.04,50.9,2.72,88.22,0.94,1.52,3.06,2.04,1,14,144444.3827,0,0,0,0,0,0,1
4277,550.0,3.171804811,5,862.8,28.86,8.73,68.23,1.65,92.26,1.77,6.83,9.44,5.73,1,28,408307.0565,1,0,0,0,1,0,0
1893,1215.8,1.0,3,140.13,44.02,7.66,75.45,20.89,98.2,1.14,5.94,7.7,4.8,1,10,116035.0288,0,1,1,0,0,0,0
4659,1397.05,2.092005555,3,785.28,88.12,3.31,28.15,32.61,91.15,2.09,2.59,8.17,7.05,2,63,307161.7668,1,0,1,0,0,0,0
3253,978.37,2.560284515,2,680.76,34.85,7.81,74.67,17.86,88.36,0.78,5.06,6.51,6.75,1,9,158788.2107,0,0,1,0,0,0,0
4002,1405.16,3.335502094,3,606.14,35.16,7.7,42.49,10.49,99.9,1.73,6.23,7.21,5.92,1,14,513143.1366,1,0,0,0,0,0,0
3525,1747.09,1.970457309,3,911.97,29.24,10.0,48.65,4.61,98.27,1.67,5.7,10.0,7.29,1,22,776303.338,1,1,0,1,0,0,0
5290,1392.66,1.0,3,1007.89,6.67,5.15,60.49,29.8,91.32,1.41,3.8,6.3,7.57,1,16,286713.1713,1,0,0,1,0,0,0
5,1474.99,1.857532493,2,774.45,25.39,4.92,57.62,19.71,94.71,1.49,6.15,0.98,1.9,2,36,160664.1315,0,0,0,0,1,0,1
1729,696.6,2.053594408,4,494.14,22.01,9.38,17.56,42.67,96.9,1.73,7.44,8.59,8.43,1,9,467801.6644,0,1,1,0,0,0,0
6336,921.63,2.344343568,3,524.67,43.72,8.28,5.11,28.41,92.78,1.3,5.06,10.0,10.0,1,20,428727.4842,1,0,0,0,0,0,0
1297,1709.34,1.0,2,510.27,13.88,6.25,42.16,3.79,98.33,2.14,7.35,5.55,6.14,1,12,175509.4053,0,0,1,0,0,0,0
3142,1068.57,2.315923079,3,310.47,17.17,8.0,32.5,15.93,94.22,1.59,7.35,4.82,4.49,2,28,199402.5745,0,0,0,0,0,1,0
4076,550.0,2.322028601,4,573.4,32.94,6.41,46.08,12.35,92.18,1.34,5.05,7.18,4.45,1,10,320486.6545,1,1,0,0,0,0,1
3201,550.0,2.050944042,3,448.08,20.53,2.96,47.05,14.87,96.44,1.84,2.83,7.88,6.01,1,24,125433.4053,0,0,1,0,0,0,0
6581,2015.84,1.897380991,5,1027.66,19.79,9.63,68.99,17.19,95.09,1.52,5.52,7.42,7.55,1,12,508900.7132,1,0,0,1,0,0,0
4239,864.12,1.834820682,3,306.02,51.99,4.42,34.27,21.52,91.31,1.63,6.06,5.04,4.29,1,14,266136.7494,1,0,0,1,0,0,1
6238,1486.19,2.725187376,3,22.33,8.27,6.23,42.09,16.26,96.12,2.52,3.97,6.14,9.68,1,21,355017.7894,1,0,0,0,1,0,1
6031,1254.35,2.942562681,6,414.2,11.58,8.71,50.09,4.72,93.49,1.43,8.33,7.5,7.04,1,18,777376.3638,1,0,0,0,0,1,0
616,1241.41,1.0,3,960.46,71.69,6.49,57.74,27.81,85.02,1.03,7.61,10.0,8.42,1,15,149073.9149,0,0,0,0,1,0,0
575,731.76,1.685001997,3,253.21,21.06,7.16,22.77,31.53,99.9,0.87,5.19,9.05,5.2,1,16,60591.92346,0,0,0,0,0,0,1
3612,2336.12,1.0,6,51.52,29.31,10.0,60.31,9.79,89.47,1.45,9.19,7.45,7.39,2,41,924616.3451,1,1,0,0,1,0,0
3351,1453.22,1.553484249,4,176.69,50.55,5.99,27.35,1.98,96.81,0.89,5.15,6.25,8.15,1,11,656474.9021,1,0,0,0,0,0,0
976,559.28,1.0,1,251.26,54.37,4.22,63.4,58.14,89.89,2.54,3.14,8.54,5.97,1,17,147421.1005,0,0,0,1,0,0,1
3645,1358.08,1.0,4,524.26,4.39,7.69,50.96,18.75,92.79,0.98,5.87,5.66,6.11,1,10,498626.2743,1,0,0,1,0,0,0
639,641.81,1.753531288,3,26.55,12.78,8.08,45.49,19.24,90.43,1.69,4.32,5.23,6.2,2,21,118532.0092,0,0,0,0,0,0,1
4906,1352.22,3.081210009,4,180.84,0.63,9.85,91.29,15.8,99.7,0.96,7.31,6.79,6.42,1,21,715206.9031,1,0,0,0,0,0,1
2539,783.13,1.53876783,2,372.3,52.89,4.32,83.51,8.74,91.1,1.24,2.24,7.63,4.03,1,15,79155.29125,0,1,0,1,0,0,1
3676,1217.68,3.935904275,4,407.63,34.18,7.42,100.17,1.38,99.9,1.52,7.15,7.46,7.51,1,6,612626.2821,1,0,1,0,0,0,1
5713,813.44,3.515574627,2,924.66,24.72,6.29,41.72,39.95,93.7,1.16,5.64,1.4,1.62,1,3,179744.0457,1,1,1,0,0,0,1
5311,713.02,1.0,3,873.93,35.1,4.02,4.17,3.76,95.13,1.45,4.95,8.9,7.34,1,23,182034.9673,1,1,0,1,0,0,0
1828,1028.46,1.0,3,369.83,51.39,5.2,104.99,24.35,99.9,2.44,6.35,7.02,6.48,1,17,132767.1623,0,1,0,0,1,0,0
3281,1017.07,2.144741839,2,789.29,59.74,9.47,48.95,40.93,97.57,1.95,4.49,3.2,6.48,1,27,267968.3579,0,0,0,0,1,0,0
5260,1153.56,3.062199303,4,382.87,53.58,6.01,42.73,7.91,94.58,1.56,4.85,4.26,1.88,1,12,266916.1598,1,0,0,1,0,0,1
5865,974.67,1.324311079,4,396.72,37.66,10.0,3.81,40.37,93.59,1.57,3.54,3.85,1.25,1,17,284048.4528,1,0,1,0,0,0,0
1179,1046.96,1.0,3,547.47,7.39,7.78,1.68,7.51,95.53,1.64,4.97,6.9,6.41,1,10,176220.087,0,0,0,0,0,0,0
288,888.38,1.890474811,1,594.27,43.99,3.65,32.41,33.17,83.93,2.6,0.42,0.1,3.57,1,25,152533.6647,0,0,1,0,0,0,0
513,599.1,2.102798752,3,40.54,44.24,5.67,91.32,6.54,91.44,1.93,4.47,4.22,3.44,1,13,170469.9525,0,0,0,0,0,0,0
5798,1099.78,2.925854913,3,386.22,14.22,10.0,1.07,31.81,98.94,1.28,7.15,8.3,6.54,1,18,298515.2495,1,1,1,0,0,0,0
1385,550.0,2.015669222,3,755.12,24.7,6.33,70.46,13.89,95.6,2.05,3.79,3.73,4.14,1,19,158469.0299,1,0,0,0,1,0,1
5581,1504.98,3.628470131,2,681.11,55.41,7.06,70.59,6.77,87.94,0.48,6.76,7.26,7.47,1,17,342770.4921,1,1,1,0,0,0,0
987,550.0,1.393566807,5,1040.32,45.06,9.17,50.46,29.38,98.93,1.18,7.17,2.0,4.48,1,25,167589.5258,1,1,0,0,0,0,1
432,558.96,4.150019273,2,235.51,60.72,8.29,93.16,22.11,98.49,1.63,5.01,7.76,6.03,1,14,221524.3637,0,0,0,0,1,0,1
4591,1188.36,2.201052241,4,922.31,14.75,8.36,55.61,6.36,99.9,1.41,9.29,8.54,3.4,1,18,426185.1217,1,0,0,1,0,0,0
588,1043.84,2.291495703,3,163.9,9.98,6.08,80.67,10.95,96.1,1.88,4.1,7.37,9.39,1,26,190821.858,0,0,0,0,0,0,1
3397,550.0,3.290078428,2,572.0,6.94,6.85,27.41,1.86,95.78,1.01,5.08,7.74,4.91,1,15,162199.4686,0,1,1,0,0,0,1
3022,1662.92,1.842379616,1,268.64,53.94,6.86,35.25,30.19,93.78,1.68,2.66,6.09,6.84,1,17,128557.5093,0,1,0,0,0,0,1
6808,1386.67,1.881175546,2,662.07,46.04,6.78,59.82,0.25,86.47,1.32,5.0,3.99,5.27,1,22,234246.4944,1,1,0,0,0,0,0
3922,634.81,2.480965039,5,623.14,36.13,8.15,8.96,15.25,93.55,0.69,7.73,10.0,7.85,2,41,342853.1214,1,1,0,0,1,0,0
847,723.38,1.522652832,3,960.5,46.25,4.16,95.04,29.49,82.34,1.32,4.53,4.82,7.21,1,16,23729.84131,0,1,0,1,0,0,0
2567,550.0,3.557614325,1,761.09,39.02,4.79,0.13,10.68,91.86,1.35,1.48,6.19,6.55,1,11,3297.468349,0,1,0,0,1,0,0
4511,1305.51,1.945356563,4,783.75,51.56,9.15,32.58,9.78,96.21,1.33,4.14,1.65,2.96,2,17,330388.3901,1,0,0,0,0,0,0
62,1135.53,1.0,3,638.61,39.12,8.08,21.53,28.42,93.83,1.13,3.91,3.79,5.77,1,18,90044.63194,0,0,0,0,0,0,0
2136,550.0,2.019106439,1,478.25,22.06,2.41,74.88,49.48,74.59,1.89,1.66,8.52,6.16,1,15,80805.72457,0,1,0,0,1,0,0
1225,943.64,1.428392737,2,464.64,0.66,7.3,11.5,27.34,95.9,1.26,3.34,6.01,5.13,1,18,17767.56051,0,1,1,0,0,0,0
2340,937.7,1.737813979,3,471.65,12.76,10.0,71.17,0.84,99.9,1.84,4.74,7.61,8.56,1,13,191969.9027,0,1,0,0,0,1,0
4324,2579.34,2.498838979,2,641.52,21.74,6.54,1.43,7.87,86.48,1.28,5.91,10.0,6.93,1,6,644092.313,1,0,0,1,0,0,0
2459,550.0,1.218129646,2,516.29,54.23,0.23,38.69,42.84,97.8,2.14,2.41,6.88,5.41,1,5,104023.5457,0,0,0,0,1,0,0
108,997.36,1.0,3,1315.33,24.39,9.29,6.16,15.9,87.17,1.47,6.04,4.43,3.43,1,15,142396.856,0,0,1,0,0,0,1
517,1148.42,1.155008493,2,411.71,7.21,2.47,25.25,15.32,96.28,1.6,4.42,8.77,7.01,2,33,35075.44666,0,1,0,0,1,0,1
4497,1219.04,3.309765122,4,558.18,22.81,6.54,67.8,24.66,91.1,1.62,8.26,1.53,3.05,1,12,394548.3707,1,0,1,0,0,0,0
5255,1389.66,1.626393405,4,616.35,17.23,9.36,18.98,11.68,99.9,0.65,6.85,3.01,7.53,1,9,245298.6109,1,0,0,1,0,0,0
5055,550.0,1.0,1,797.71,37.65,6.53,32.96,32.42,92.23,1.15,2.93,7.04,7.23,1,15,262887.0514,1,1,1,0,0,0,0
3916,617.3,2.574004056,3,79.43,33.38,6.78,34.87,11.76,96.39,1.47,4.25,7.35,7.33,1,15,248408.1965,1,0,0,0,1,0,0
1621,776.67,2.645258722,4,152.43,68.04,6.81,101.03,41.73,91.15,2.16,4.4,6.68,10.0,1,25,245817.3171,0,0,1,0,0,0,0
757,1334.33,1.899270927,1,575.33,36.37,6.17,54.07,10.29,94.3,0.81,4.77,4.84,7.72,1,3,85163.23608,1,0,1,0,0,0,1
3743,890.0,2.244007695,5,235.71,64.25,10.0,26.18,6.05,92.34,0.16,5.54,9.88,9.35,1,16,626800.4435,1,1,1,0,0,0,0
1039,550.0,4.911094411,2,653.86,40.98,4.55,46.3,18.35,83.6,2.0,2.3,3.96,4.63,1,15,98410.02935,0,1,1,0,0,0,0
6535,2057.02,1.0,4,574.14,51.02,7.74,18.23,34.07,97.88,0.73,6.39,8.4,4.31,1,22,427317.4574,0,1,0,0,0,0,1
3909,1536.47,2.195288044,2,318.57,41.33,4.63,98.22,3.68,90.88,1.74,2.38,6.41,6.58,2,22,210811.9824,1,0,0,0,0,0,0
5946,797.2,2.144376801,4,548.33,2.99,8.47,31.22,19.53,91.46,1.7,6.69,7.3,6.31,1,23,321578.2662,1,0,0,1,0,0,0
3625,1269.7,2.771711156,2,792.87,29.09,3.94,44.28,8.33,86.42,1.63,5.09,5.43,4.79,1,1,219957.5217,1,0,0,1,0,0,1
1437,1197.81,2.329902188,1,628.9,2.21,8.69,24.35,15.88,98.21,1.81,3.8,5.78,3.15,1,16,37002.76829,0,1,0,0,0,1,1
5232,1898.58,2.233440429,2,666.38,63.09,8.9,3.51,17.52,93.81,1.48,5.25,2.37,3.56,1,20,539175.9134,1,0,0,0,0,0,0
348,783.91,1.0,2,1092.25,77.48,2.17,66.68,8.39,85.08,2.35,1.64,3.31,4.57,1,14,108410.7579,0,0,0,0,0,1,0
1566,550.0,3.457376121,2,787.11,48.3,6.4,26.32,23.66,90.3,2.04,5.26,7.4,3.17,2,24,158814.8973,0,0,0,1,0,0,1
3697,743.83,3.065009116,2,926.96,22.8,3.25,91.53,12.23,87.08,2.21,5.53,10.0,7.24,1,15,265211.8096,1,0,0,0,0,1,0
2106,550.0,1.0,4,847.47,11.16,7.54,69.35,13.86,98.0,1.06,4.2,7.73,6.16,1,13,207134.6623,0,1,1,0,0,0,0
1833,1345.45,1.0,3,690.81,44.58,7.08,80.99,3.44,91.85,1.4,6.91,8.58,5.96,1,15,179002.6326,0,0,1,0,0,0,0
4736,1207.69,1.516081488,4,782.23,56.71,8.1,51.99,0.17,98.26,1.32,4.16,4.67,8.23,1,1,312048.1651,1,0,0,0,0,1,0
1413,550.0,1.403092428,4,200.61,22.44,2.93,105.69,5.32,86.92,1.23,1.94,1.25,5.8,1,2,149820.1191,0,0,0,0,1,0,0
3985,1258.83,2.035274271,2,706.86,42.24,6.09,2.71,7.99,99.9,0.96,5.2,4.33,7.8,1,16,398084.8022,1,1,0,0,0,0,0
2349,1134.26,1.0,2,622.58,28.28,3.72,84.48,31.81,90.87,1.12,4.78,4.54,4.49,1,8,167533.7665,0,0,0,1,0,0,1
3438,550.0,1.0,1,287.32,44.49,1.12,92.71,26.32,86.14,2.7,2.69,7.55,5.33,1,20,121591.5621,0,0,0,1,0,0,0
701,550.0,1.229778797,3,385.1,30.07,5.88,103.12,2.96,86.17,2.19,3.21,2.3,5.28,1,13,82069.57737,0,0,0,0,0,1,1
2582,550.0,2.281631141,3,416.13,60.9,7.84,10.23,30.24,85.71,1.8,6.5,5.39,6.16,1,19,182127.8824,0,0,0,0,0,1,1
4250,1230.69,1.099097782,4,311.8,43.25,6.06,117.42,5.49,99.9,2.74,9.34,7.12,8.35,1,10,332910.0212,1,0,1,0,0,0,1
2537,688.88,1.755626137,3,841.61,57.95,6.32,8.52,0.03,99.9,2.11,6.48,8.03,4.56,2,23,205332.0231,1,1,0,0,0,0,1
1398,1676.08,2.08397049,2,800.64,15.08,10.0,1.45,0.51,94.56,0.99,6.77,5.63,5.69,1,14,401257.6895,0,0,0,0,0,1,0
3228,550.0,1.0,2,1129.59,33.31,4.53,145.51,40.53,92.32,1.35,3.27,4.04,5.24,2,28,118040.6465,0,1,1,0,0,0,0
643,1363.54,1.314855873,2,452.71,13.39,6.35,25.73,15.76,99.9,0.71,2.49,2.28,2.17,2,29,103615.6005,0,0,0,1,0,0,0
4268,550.0,3.548156031,4,304.92,58.32,6.9,10.43,21.46,97.14,0.85,4.39,1.92,4.4,2,31,453043.1062,1,1,1,0,0,0,1
2130,550.0,1.0,3,1100.68,45.34,2.81,4.08,5.3,93.72,1.02,3.21,6.58,8.59,1,14,12618.07252,0,0,1,0,0,0,0
4886,1201.92,1.48716735,3,546.82,30.9,5.88,63.92,14.42,94.75,0.85,4.74,1.61,5.49,1,19,178241.7938,1,1,0,0,0,1,1
1839,1204.99,1.428341872,2,870.73,4.26,9.95,35.86,2.71,99.86,2.24,6.09,7.08,5.71,1,11,189195.7242,0,0,0,1,0,0,0
1019,1357.24,2.874623682,2,487.59,40.03,6.66,112.57,12.65,90.64,1.41,2.17,6.68,5.48,1,10,159267.4294,0,0,1,0,0,0,0
6685,1264.62,3.34515454,4,479.7,49.7,8.97,7.31,19.74,93.91,0.72,3.73,8.91,7.8,1,15,534810.0758,1,0,1,0,0,0,0
1891,1228.38,2.657160333,3,507.16,27.96,4.99,44.5,1.51,97.53,1.91,3.79,0.17,7.71,1,20,424380.0744,0,1,0,0,0,0,1
2545,725.24,3.684947109,1,199.71,20.37,5.25,107.82,21.13,93.21,1.57,0.95,1.32,4.93,1,24,107781.6271,0,0,0,1,0,0,0
960,550.0,2.39208544,2,491.76,54.29,9.16,6.74,8.57,99.9,1.42,3.45,2.11,5.8,1,21,96622.39041,0,0,1,0,0,0,0
1042,550.0,1.0,3,653.54,10.2,5.39,21.27,2.56,98.15,1.14,3.01,6.15,8.03,1,18,43750.83406,0,0,0,0,0,0,0
1831,731.64,1.0,3,830.59,18.57,7.75,24.27,27.73,99.9,2.28,3.71,7.99,6.45,1,9,112873.4512,0,0,0,0,1,0,1
6977,1386.17,1.064933862,3,654.32,34.97,8.07,100.54,30.42,89.37,1.42,2.14,7.63,6.64,1,10,218564.0866,1,0,0,0,0,0,1
6941,1349.44,1.630809265,4,357.31,34.13,9.4,97.88,32.14,86.33,1.04,3.95,2.78,3.02,2,6,443857.3626,1,0,0,0,1,0,0
3905,1106.34,4.453795884,3,431.21,20.21,10.0,79.66,0.11,91.15,0.42,6.5,3.71,8.16,1,9,627541.7513,1,0,0,1,0,0,0
1351,1011.74,1.0,3,959.36,35.26,7.06,29.87,22.32,85.3,2.01,7.69,8.28,6.44,1,14,65944.69823,0,1,0,1,0,0,0
2048,554.01,1.0,4,105.83,32.7,7.1,105.32,8.68,91.7,1.47,4.49,4.25,6.3,1,10,72295.53104,0,0,0,0,1,0,1
6229,1417.48,1.69118823,2,617.68,49.7,4.74,52.3,3.84,89.81,1.87,2.61,3.77,1.52,1,18,165098.558,1,1,0,0,0,1,1
6056,858.39,1.792284334,3,395.03,40.71,9.68,98.43,41.67,90.84,2.14,3.47,4.13,5.12,1,17,173419.7115,1,0,1,0,0,0,0
2754,744.96,1.937865748,3,590.96,52.28,5.71,112.59,7.61,89.05,1.68,4.73,7.24,4.79,1,7,209046.9579,0,0,0,0,0,1,0
5704,1407.32,4.69155598,4,468.12,61.82,9.67,8.08,17.28,98.55,1.03,9.37,9.71,5.09,1,19,684274.2345,1,0,0,0,1,0,0
1579,1604.33,2.744919779,3,284.84,5.26,9.26,76.78,31.67,86.14,0.79,5.53,4.03,4.86,1,4,391905.8819,0,1,0,0,1,0,1
1040,945.15,1.488826336,1,91.03,7.76,7.25,31.22,28.58,99.02,0.39,7.77,4.66,4.45,1,11,185829.4529,0,1,0,0,1,0,0
1074,907.75,2.171444196,2,296.22,53.95,5.24,4.78,30.63,93.19,1.2,4.46,9.44,8.36,2,38,201492.6618,1,0,0,1,0,0,1
5795,1452.3,2.033415868,3,446.97,57.55,6.46,77.95,16.42,89.84,1.44,5.46,5.65,6.83,1,14,394753.783,1,0,0,0,0,0,1
6865,986.1,3.058975583,3,412.02,30.1,7.46,89.26,50.18,94.56,2.77,6.02,7.7,3.23,1,19,263466.5669,1,0,0,0,0,1,0
5965,1582.74,1.08610758,3,357.83,2.33,9.43,53.84,18.27,94.0,2.11,7.67,3.92,8.12,1,14,223989.3503,1,1,0,0,0,0,0
2984,550.0,1.0,4,315.49,15.63,9.9,50.46,20.44,92.32,1.72,6.54,4.72,5.81,1,12,228842.5861,0,0,0,0,0,0,0
4665,636.72,1.732577835,3,600.31,56.71,5.79,14.92,37.87,89.58,1.85,2.29,7.53,5.01,1,19,162127.6579,1,0,1,0,0,0,0
4956,661.87,3.467670295,4,752.58,44.14,4.69,26.02,17.95,98.94,0.45,5.14,10.0,9.21,1,18,379490.2825,1,0,0,0,0,1,0
1456,1074.52,1.434396635,3,76.99,76.47,6.5,1.46,43.07,93.5,1.14,2.04,0.59,3.78,1,16,215872.9861,0,1,0,0,0,1,0
5924,1284.46,1.375408775,2,647.91,0.03,8.15,31.14,27.51,93.09,1.49,5.12,2.85,1.88,1,6,288633.6131,1,0,0,0,0,1,1
4554,1010.29,3.069178662,3,172.3,32.07,6.4,26.92,12.07,99.9,1.84,5.79,6.61,9.02,2,13,507117.5168,1,0,1,0,0,0,0
2890,550.0,1.0,2,109.9,31.68,2.58,99.72,11.05,99.55,2.19,0.76,2.21,4.32,1,17,117233.5148,0,1,0,0,1,0,0
2704,746.8,1.0,2,303.38,8.25,7.24,109.22,31.74,93.23,1.6,3.85,6.4,8.87,1,11,20357.98788,0,1,0,0,0,0,1
6303,1601.53,1.310650067,4,705.82,37.84,6.64,3.16,5.56,99.9,1.8,3.68,5.38,6.97,1,12,822690.6648,1,0,0,1,0,0,1
5144,1228.64,2.492585287,3,634.83,31.0,9.11,8.56,34.14,98.26,1.58,7.61,3.71,2.74,1,4,383794.4203,1,0,0,0,1,0,0
244,764.78,2.910474203,2,243.89,55.28,5.93,6.86,15.07,93.93,1.27,4.21,5.89,2.04,1,13,241279.5678,0,0,0,1,0,0,1
959,1191.88,1.47768282,3,190.24,49.65,2.44,79.96,19.56,95.06,1.6,2.21,2.53,3.21,1,14,88816.21445,0,0,0,0,1,0,0
6809,1362.72,3.065578138,2,1044.39,57.7,6.08,54.1,12.39,86.41,1.94,3.77,7.28,6.87,1,14,260118.3243,0,0,0,0,0,0,0
5792,1285.02,2.244890313,4,507.52,5.25,2.66,14.79,34.39,83.43,1.19,5.42,5.04,4.81,1,3,671224.2529,0,0,0,1,0,0,0
434,757.1,1.009629637,1,427.77,48.71,3.99,86.65,21.27,91.54,1.43,3.9,5.3,3.91,1,8,92925.45679,0,0,0,0,0,0,1
5502,1262.34,1.241396347,5,211.07,55.69,4.87,10.49,11.98,99.9,1.87,6.22,5.94,6.71,1,11,360245.0888,1,0,0,0,0,1,0
6735,828.24,3.637954149,2,552.66,23.73,6.01,73.67,11.49,99.35,1.65,3.12,2.0,3.68,1,18,164528.2342,1,0,0,0,1,0,0
4579,1787.89,3.736882889,4,800.38,21.09,10.0,50.93,10.82,95.8,2.03,7.98,9.58,6.02,1,-1,558401.2109,1,0,0,1,0,0,0
5129,550.0,3.205732454,4,1016.87,47.79,5.62,97.65,25.45,93.95,0.43,1.97,4.33,0.26,2,44,249312.952,1,1,1,0,0,0,0
2856,984.56,1.0,2,517.43,39.41,4.58,44.69,20.31,91.91,1.89,5.28,3.36,3.0,1,17,25858.52959,0,0,0,0,0,1,0
1751,811.36,1.441117284,3,1036.7,21.54,6.68,0.41,18.5,88.53,1.39,4.68,8.07,6.49,1,11,33502.16591,0,0,0,0,0,1,1
4400,608.48,1.0,3,49.89,49.6,3.78,46.42,11.72,90.44,1.47,3.21,1.43,5.77,1,13,159376.319,1,1,0,0,1,0,1
6213,1507.02,1.685720903,5,639.12,25.15,9.6,72.03,31.14,93.72,1.65,5.54,7.57,5.62,1,10,555174.9092,1,0,0,0,0,0,0
477,550.0,1.0,3,1004.72,31.04,6.58,59.59,5.88,90.17,1.34,2.74,8.6,6.44,1,18,123472.3321,0,0,0,0,0,0,0
711,1077.31,1.0,3,341.77,36.39,7.73,43.83,37.29,93.08,1.91,2.01,0.99,6.18,1,27,1708.624928,1,0,0,0,0,1,1
5640,729.48,3.326289407,4,1005.7,72.4,7.52,62.93,29.48,95.66,1.14,5.05,10.0,10.0,1,7,301379.2197,1,1,1,0,0,0,0
3282,984.42,2.626289909,2,840.14,32.25,8.22,24.77,2.63,95.54,1.68,4.89,1.37,2.4,1,17,107257.1052,0,1,1,0,0,0,1
1797,739.52,1.0,2,242.38,40.47,3.42,70.56,12.92,93.71,1.31,4.34,5.42,6.5,1,11,55082.70931,0,1,0,1,0,0,0
495,550.0,2.32096047,3,9.28,2.23,9.37,99.46,19.89,99.9,1.54,4.35,10.0,6.63,1,15,135482.4152,0,0,0,0,0,0,1
3568,1233.94,2.458507679,3,963.69,40.04,4.75,44.03,49.67,91.71,0.89,1.33,5.8,9.07,2,17,268725.3363,1,1,0,0,1,0,0
4629,1590.23,1.0,3,599.36,22.85,8.99,5.58,48.58,93.03,0.52,3.98,2.99,2.69,1,9,163705.5124,1,1,1,0,0,0,0
3813,1367.63,2.772316639,2,44.28,41.83,7.59,18.4,7.33,94.34,1.12,7.64,0.56,3.59,1,15,384581.9658,0,1,0,0,0,0,0
2402,937.32,1.0,3,237.97,5.04,6.73,70.27,16.59,95.35,1.51,3.44,4.56,5.5,1,8,191201.1535,0,1,0,0,1,0,0
1272,1280.96,1.207350353,2,69.82,14.58,2.68,55.93,22.95,92.65,1.6,2.3,3.01,4.92,1,4,14301.83711,0,0,1,0,0,0,1
4879,550.0,3.084377902,3,416.56,10.68,9.68,66.36,15.04,91.44,1.27,6.06,4.1,4.6,2,16,281499.3123,1,1,1,0,0,0,0
91,550.0,2.27419848,3,310.37,33.49,5.49,49.59,18.33,99.9,1.4,3.49,3.11,5.7,1,8,171259.3521,0,1,0,1,0,0,0
4539,612.06,4.33009259,4,471.87,26.02,5.32,113.56,13.47,87.27,1.43,5.34,1.28,4.4,2,20,464162.3578,1,0,1,0,0,0,0
6521,1865.64,3.131632596,5,542.84,22.83,9.34,38.99,0.78,96.77,1.91,6.88,7.53,6.78,1,15,746940.843,1,0,0,1,0,0,0
5164,1663.62,4.052856868,3,381.97,47.81,6.66,118.65,28.11,91.33,2.33,8.03,3.83,5.26,1,12,438017.921,1,1,0,0,1,0,0
563,550.0,1.742015466,3,212.42,37.86,4.02,35.47,49.28,87.35,2.41,0.35,7.22,5.86,1,13,35586.16639,1,0,0,0,1,0,0
5535,1183.2,1.821412749,4,662.46,36.73,8.94,42.68,0.19,95.6,2.19,7.82,1.72,5.93,1,26,497141.7911,1,0,0,0,0,0,1
4411,1301.59,4.305101929,3,881.71,19.98,8.29,64.23,13.06,99.41,1.59,6.44,10.0,5.87,1,15,466886.2488,1,1,1,0,0,0,0
6761,627.46,1.1951207,2,174.16,49.24,4.75,5.62,19.93,92.62,1.45,1.68,5.91,4.07,1,11,385928.8811,1,1,0,0,0,1,0
6940,783.16,3.590101283,3,902.49,38.33,6.53,36.15,31.26,93.83,1.53,5.63,8.03,5.13,1,16,330187.0247,1,1,0,1,0,0,0
1784,1335.43,3.100073438,2,784.03,36.0,6.49,8.56,1.49,87.82,1.54,5.7,8.39,7.22,1,11,332704.1606,0,1,0,1,0,0,0
2060,588.48,3.556457564,2,319.66,26.67,4.33,55.35,32.6,93.13,0.63,3.46,8.87,4.9,1,13,191352.6757,0,0,0,0,0,0,0
1709,550.0,2.638300809,4,254.76,16.84,6.42,4.98,28.15,99.9,1.97,6.13,1.68,6.94,1,5,173217.8785,0,0,0,0,1,0,1
123,802.52,1.0,4,631.97,24.02,10.0,17.9,44.87,99.9,1.31,3.41,8.62,5.8,1,10,222273.5201,0,0,0,0,0,0,1
6750,1877.38,2.255580286,2,179.95,32.44,9.21,67.35,5.92,99.9,1.14,6.98,7.48,5.43,1,27,379278.7785,1,0,1,0,0,0,1
2253,550.0,2.008523075,3,32.97,31.38,6.26,87.38,21.07,88.69,2.25,4.8,0.04,3.74,1,20,241537.2089,0,0,0,0,1,0,1
839,1793.09,3.149543452,2,590.12,21.67,7.69,76.82,19.66,92.89,1.66,4.9,5.13,7.22,1,12,320453.293,0,0,0,0,1,0,0
2010,886.37,1.0,4,398.52,34.23,9.02,1.34,1.5,99.9,1.44,6.42,10.0,7.52,2,22,385507.5642,0,0,0,1,0,0,1
3578,1530.02,1.310494482,4,175.19,45.09,9.03,101.8,27.47,92.41,2.36,5.18,5.77,4.86,2,6,331009.6354,1,1,0,0,0,0,0
3649,1026.89,1.864962926,3,149.28,31.68,7.23,51.37,7.32,92.33,1.05,6.69,10.0,6.91,2,29,247504.6547,1,0,0,0,0,1,0
3196,550.0,1.475696457,2,40.9,37.83,7.17,71.38,29.67,91.63,1.99,3.67,9.75,5.78,1,18,91576.34151,0,1,0,1,0,0,1
778,690.17,1.237455857,2,595.01,68.87,3.31,39.97,39.67,89.4,1.88,4.66,9.68,4.99,2,20,24488.24855,0,0,0,0,0,1,1
4220,550.0,1.510798584,4,31.28,79.44,5.56,22.87,43.68,91.83,1.67,4.38,2.81,6.68,2,27,206257.3529,1,1,0,0,0,1,0
1937,707.44,1.605460192,3,1199.93,60.29,1.8,0.83,23.94,88.06,1.64,3.34,1.12,3.45,1,18,136972.3241,0,0,0,0,0,0,1
3385,1103.49,1.458681178,4,1027.16,9.82,6.12,24.47,26.09,84.54,2.48,3.15,1.9,4.84,1,13,107788.9879,0,0,1,0,0,0,1
857,1173.31,2.824541086,1,245.29,76.09,4.64,18.36,9.02,95.85,1.39,5.84,4.89,4.05,1,14,86105.24861,0,1,0,0,1,0,0
4207,859.76,3.673472586,4,629.07,22.74,8.44,17.86,6.32,92.99,0.61,10.0,8.52,8.95,1,22,379208.6463,1,1,0,0,0,1,1
6351,550.0,3.975558495,5,615.87,27.31,9.32,42.51,41.51,97.72,0.99,5.59,3.29,9.38,1,20,407906.8337,1,0,0,0,0,1,0
1236,550.0,1.0,2,250.61,62.52,4.75,33.42,22.33,92.67,0.98,3.78,8.44,5.12,1,19,59904.1404,0,1,0,1,0,0,1
726,604.56,3.281933695,1,193.57,65.68,7.8,34.3,17.23,88.47,1.58,3.79,2.21,2.21,1,14,88749.00963,0,0,0,0,1,0,0
5705,1220.09,4.080152102,3,892.81,4.93,8.58,10.92,14.74,90.46,2.04,7.82,5.31,7.93,1,20,377873.8552,1,1,1,0,0,0,0
3484,883.97,1.0,2,27.73,7.66,7.23,56.24,25.46,88.03,2.23,2.27,9.24,7.83,1,14,34419.58473,0,0,1,0,0,0,1
5268,692.1,3.943595006,3,572.25,86.14,3.32,50.39,1.77,94.17,0.67,2.15,5.92,6.17,1,25,503698.3513,1,0,0,0,0,1,0
2851,550.0,2.461167837,2,773.29,7.32,3.14,37.24,5.97,90.44,1.49,2.26,8.0,7.55,1,13,30111.17435,0,0,0,0,0,0,0
2023,1271.3,1.070327766,3,720.44,20.22,3.5,86.33,8.26,98.91,2.32,0.97,1.76,4.14,1,24,170705.977,0,0,1,0,0,0,0
275,550.0,1.0,3,419.54,57.21,2.7,67.94,21.2,97.79,1.68,4.58,5.91,8.04,1,14,37194.15316,0,0,0,0,1,0,1
5822,1342.51,1.930868173,4,418.09,39.6,4.63,89.1,29.53,89.85,1.41,3.06,6.57,4.99,1,2,486856.5137,0,0,0,0,0,1,1
4649,970.36,3.050024791,4,688.02,51.9,3.09,73.54,1.89,90.49,1.16,4.0,3.19,1.98,1,0,444427.4869,0,0,0,0,0,1,1
40,1179.53,2.652646511,3,242.2,30.89,7.96,105.03,18.42,94.89,1.84,3.17,9.07,3.57,1,13,373278.0855,1,0,1,0,0,0,0
329,709.22,2.003645045,4,488.94,47.73,5.47,31.88,0.0,89.78,0.97,6.13,6.11,5.2,1,11,311456.5819,0,0,0,0,0,1,0
4290,870.82,2.307576119,4,333.83,61.22,2.93,16.33,20.31,86.92,1.28,1.67,3.6,3.96,1,19,352459.3952,0,1,0,0,1,0,0
4463,1267.94,2.557282278,5,791.68,31.16,8.24,60.93,15.49,94.4,1.29,7.26,9.28,7.15,1,22,483860.74,1,1,0,0,0,0,0
6765,726.14,3.362499854,2,957.37,16.79,8.58,49.02,1.79,91.36,1.22,7.46,8.94,9.03,1,0,296810.6742,1,0,0,1,0,0,0
6897,1693.37,3.067137114,3,627.71,15.14,7.21,52.19,14.5,87.49,1.47,3.57,7.08,8.82,1,5,579742.7608,1,0,0,0,0,1,0
3499,1403.53,3.9193983,2,1128.16,36.97,8.74,11.09,18.07,92.95,0.81,6.0,2.6,8.48,1,16,315457.2166,0,0,1,0,0,0,1
796,914.83,1.194182581,2,381.4,23.56,7.78,51.27,13.35,99.13,1.51,4.19,6.83,7.61,1,17,107399.2609,0,0,1,0,0,0,0
6686,1443.7,1.302434325,4,193.93,24.69,7.21,67.64,0.93,91.46,1.51,3.19,4.67,4.95,1,11,403757.3779,1,1,0,0,0,0,1
6978,1779.72,2.871746037,4,778.64,28.39,9.34,64.29,7.4,99.9,1.56,5.71,10.0,5.5,2,40,567748.3185,1,0,0,0,1,0,1
2404,885.02,1.354592811,2,382.34,5.84,7.09,45.25,27.63,92.2,1.51,3.99,10.0,5.91,1,22,80664.36876,0,1,0,1,0,0,0
6062,939.55,2.801941915,3,193.94,1.7,8.91,2.83,30.97,93.92,0.99,8.77,10.0,7.23,1,0,305368.7729,1,0,0,0,1,0,1
5132,1176.06,1.486825011,4,509.53,40.06,8.16,3.51,16.47,97.78,1.61,4.9,1.94,2.38,1,14,286103.9684,1,0,1,0,0,0,1
1865,1028.21,2.529603436,2,513.63,28.05,7.45,29.88,38.12,96.3,1.72,2.3,4.81,3.54,1,20,131420.7855,0,0,0,0,1,0,1
3610,2299.19,1.825428046,2,315.0,36.45,7.01,85.36,32.72,81.58,1.8,5.18,9.06,4.3,1,12,320523.9238,1,0,1,0,0,0,0
4079,1308.37,2.360097824,5,422.95,3.25,8.53,66.67,18.92,86.32,1.89,7.38,10.0,7.98,1,11,464991.0505,1,0,0,0,0,0,1
4569,1257.21,2.836704563,4,808.46,26.25,9.78,46.72,19.11,97.06,0.45,9.03,9.49,8.11,2,26,438353.1991,1,0,0,1,0,0,0
4392,1723.02,2.264268725,3,399.63,15.1,7.01,89.55,6.6,89.72,0.75,5.0,6.15,7.07,1,11,353695.581,0,0,0,1,0,0,0
5049,851.92,1.334219283,3,558.47,12.62,5.08,38.99,9.45,93.55,1.22,2.03,5.77,6.44,2,34,347963.9645,1,1,0,0,0,0,0
3791,1982.9,2.556393021,4,1014.98,8.82,10.0,44.28,14.88,93.96,1.52,7.79,10.0,10.0,1,15,517323.7383,1,1,0,0,0,1,0
4437,1941.32,1.462922723,4,423.72,36.91,3.9,8.42,3.74,92.0,1.46,6.08,3.2,6.3,2,19,500964.744,1,0,1,0,0,0,0
6269,1249.28,1.556925438,4,803.57,29.45,10.0,19.1,5.46,97.86,1.34,5.49,10.0,8.43,1,1,384416.0085,1,0,0,0,0,0,0
6393,1365.23,2.29829534,4,127.35,1.01,10.0,13.18,12.23,99.9,0.92,8.2,7.88,4.63,2,30,484944.2619,1,0,0,0,1,0,1
610,550.0,1.80148474,2,638.84,7.88,7.2,69.88,12.82,99.9,1.1,4.13,5.76,2.27,1,18,95710.84457,0,0,0,0,0,1,1
3347,1065.38,1.04561508,1,439.04,18.38,6.05,72.06,13.93,97.28,2.27,5.92,4.86,8.08,1,19,154461.9597,0,0,0,0,0,1,1
6995,550.0,2.111022108,4,892.35,11.89,7.97,28.18,19.23,96.91,1.39,4.76,3.81,6.87,1,18,241131.6307,1,0,0,0,1,0,1
560,550.0,2.58307821,3,389.02,29.16,8.34,62.75,1.27,91.96,2.2,4.37,6.38,6.44,1,12,134772.4586,0,0,0,0,0,0,0
6987,1633.35,2.655640804,3,605.36,22.35,6.31,8.19,5.22,99.9,1.0,5.96,6.73,4.62,1,16,511464.9831,1,0,1,0,0,0,0
3073,550.0,2.347380909,4,780.96,30.0,3.95,107.62,18.74,84.21,1.92,1.7,2.28,0.45,1,16,130074.7454,0,0,0,0,1,0,1
1596,736.17,1.0,3,962.13,28.98,5.79,33.47,17.49,92.53,1.66,2.49,5.02,4.69,1,10,16039.20848,0,1,0,0,1,0,0
6983,1573.25,4.167011059,2,309.03,6.2,8.77,14.52,15.22,99.9,1.87,6.74,6.0,2.72,1,13,524031.9017,0,0,0,1,0,0,0
4198,831.96,2.037199676,4,489.08,21.21,10.0,9.0,0.19,90.98,2.29,6.97,1.98,5.08,1,18,257496.0954,1,0,0,0,1,0,0
3709,1250.32,2.125449613,4,673.64,35.24,5.59,19.87,35.45,94.33,1.68,5.81,0.36,4.22,1,10,641270.4571,1,1,0,0,0,1,0
5142,1996.41,2.46466609,4,470.03,3.51,8.22,44.21,27.26,99.9,1.26,10.0,7.45,9.92,1,10,634778.6772,1,0,0,0,1,0,1
5456,2228.78,2.406598859,2,8.42,19.35,7.4,9.74,2.83,95.29,1.19,6.5,7.31,5.26,1,9,561836.5416,1,1,0,0,1,0,0
2273,550.0,1.553242083,2,105.42,68.27,7.0,7.29,17.34,95.93,0.06,4.06,4.95,4.7,1,8,277131.5113,0,0,0,0,1,0,0
1776,1341.66,2.27025133,3,369.36,42.78,7.67,14.17,11.28,99.9,1.13,5.09,2.94,5.55,1,15,383919.0177,0,0,1,0,0,0,0
2588,550.0,1.77185182,3,700.38,5.54,5.48,86.36,10.84,99.81,1.78,2.14,8.12,7.22,2,38,32445.48274,1,0,1,0,0,0,0
5231,986.95,2.346253509,4,630.8,29.99,6.45,20.19,10.0,93.7,1.03,4.67,8.83,7.6,1,11,772710.1675,1,0,1,0,0,0,0
100,648.96,1.0,4,817.19,21.12,5.83,18.85,3.02,98.19,1.51,2.09,3.67,6.65,1,17,18473.72053,0,0,0,1,0,0,0
4679,1165.21,1.0,3,504.28,13.42,8.38,34.69,26.67,94.97,1.73,7.27,7.19,7.36,1,17,217203.3078,1,0,0,0,0,1,0
5627,1136.5,1.211304225,4,257.18,40.28,7.08,61.91,32.5,89.74,1.07,4.9,3.52,0.2,1,22,309699.5492,1,0,0,1,0,0,0
5350,1174.24,2.429968317,3,144.94,35.97,10.0,10.94,2.49,99.9,0.96,8.92,7.27,8.26,2,27,240029.3849,1,0,0,0,1,0,0
981,1180.83,1.437698164,3,460.01,12.76,7.45,76.84,3.22,99.9,1.78,2.96,3.55,3.08,1,13,158729.4801,0,0,1,0,0,0,0
6084,1666.43,2.891622433,4,702.82,36.29,4.87,6.75,3.74,82.82,1.4,7.22,3.68,6.82,2,21,748591.0803,1,0,0,1,0,0,1
3798,583.03,1.0,1,432.66,50.65,2.56,17.21,27.51,84.22,1.03,1.08,4.18,3.67,1,19,305478.7468,0,0,1,0,0,0,1
5915,1772.17,1.557847284,3,479.68,21.26,7.19,72.16,4.99,87.52,0.45,5.77,8.61,5.39,1,10,483316.977,1,1,0,0,0,1,1
5207,1024.76,2.666020882,2,362.38,48.71,7.54,10.27,17.86,99.9,1.4,10.0,6.09,9.3,1,9,409811.0464,1,0,0,0,0,1,0
1240,758.38,1.0,2,265.87,29.55,6.12,45.44,32.5,94.61,0.68,4.26,2.26,3.14,1,15,76478.97466,1,0,0,0,1,0,0
3205,909.84,1.200647068,3,207.15,73.54,5.34,91.54,24.16,94.42,1.29,4.03,2.02,5.9,1,36,63020.29509,0,0,0,0,0,1,0
5035,1314.1,2.685641435,4,1209.42,31.21,6.41,16.76,12.12,88.17,1.4,4.16,6.31,8.0,1,8,479006.0791,1,0,0,1,0,0,0
5942,2336.49,2.382471229,4,217.7,28.77,9.97,10.4,5.06,99.9,1.77,8.52,10.0,10.0,1,21,648019.6787,1,0,0,0,0,0,0
3331,550.0,2.422100307,4,135.95,44.81,9.12,40.94,36.28,99.9,2.07,7.08,5.76,4.57,1,12,240064.9977,0,0,0,0,0,0,1
4754,774.77,1.040488542,4,314.94,2.14,9.86,20.7,10.06,93.34,1.09,6.33,10.0,7.91,1,8,171732.6014,1,0,0,0,1,0,0
2068,550.0,1.0,3,191.07,44.56,4.98,88.9,5.28,91.59,1.63,2.09,3.97,5.2,2,28,132052.3753,0,0,0,1,0,0,0
2820,1099.81,1.0,1,460.05,74.47,3.21,75.03,36.64,84.68,1.3,2.15,8.22,7.13,2,14,40064.22981,0,0,1,0,0,0,1
3501,550.0,1.296606642,4,561.07,29.17,6.97,104.06,2.94,94.05,1.07,7.35,6.08,6.06,1,10,491021.5171,0,1,0,0,1,0,0
6294,888.27,1.346439664,3,101.71,58.76,3.98,140.28,17.44,89.66,1.6,4.67,7.76,4.28,1,17,234877.2153,1,0,0,1,0,0,1
2039,588.48,1.843859653,4,323.87,29.81,6.79,25.23,0.32,90.92,1.48,5.47,1.95,4.38,1,18,214939.0735,0,0,1,0,0,0,0
3004,970.71,2.299245116,3,439.83,69.87,6.8,1.04,36.74,95.54,1.53,5.54,2.99,5.42,1,10,216473.4745,0,0,0,1,0,0,0
2949,1067.91,1.0,2,526.47,24.54,8.05,131.93,42.67,99.9,0.95,5.93,5.22,8.34,1,12,86275.34706,1,0,0,0,1,0,0
5491,1181.68,1.75256444,2,157.44,28.71,7.12,7.59,23.65,97.42,1.81,7.07,8.48,8.95,1,7,226201.597,1,0,0,0,1,0,1
3242,793.3,1.107599503,3,648.22,16.36,7.77,47.64,11.15,96.1,1.18,5.33,7.52,6.41,1,19,118936.4125,1,0,0,0,0,0,0
5770,1247.08,3.372249394,5,570.02,22.63,9.05,31.55,9.34,95.26,1.75,4.91,3.76,4.97,1,-4,500495.2123,1,1,0,0,1,0,0
6133,714.02,1.0,3,561.66,21.2,8.85,29.9,17.14,99.9,2.78,3.6,3.97,4.66,1,14,224221.4686,0,0,0,1,0,0,0
2624,762.24,2.247315649,3,294.87,23.64,7.78,29.49,2.7,98.69,0.86,6.18,6.09,4.7,1,11,162776.3789,0,1,0,0,0,0,0
3259,550.0,1.934438572,2,681.93,36.97,3.44,58.92,14.48,89.48,1.67,2.9,2.6,5.2,1,9,31251.84663,0,0,1,0,0,0,1
205,574.11,1.761876553,3,513.85,38.11,8.99,73.78,27.57,86.02,2.05,4.9,5.47,8.11,1,19,6834.437849,0,0,1,0,0,0,0
1375,550.0,2.314482496,5,265.41,9.55,7.81,43.41,18.75,95.7,1.82,1.84,8.2,6.59,1,7,190625.1329,0,0,0,1,0,0,0
1006,601.5,2.124862868,2,422.68,57.05,4.73,11.18,38.12,87.12,1.31,0.64,3.19,6.36,1,14,155959.03,0,1,1,0,0,0,0
6040,1463.04,3.545310752,3,33.64,34.74,5.25,31.27,11.23,97.07,2.08,7.11,2.13,6.13,1,20,442502.9067,1,1,0,0,0,1,0
1847,1210.02,1.0,2,414.33,53.52,4.95,61.29,22.32,90.66,1.36,4.94,4.93,4.47,1,19,182303.087,0,0,0,1,0,0,1
2842,1481.33,1.13651921,3,373.24,21.49,6.51,39.41,14.53,83.86,1.06,5.05,8.2,4.46,1,15,167742.1176,0,0,0,0,0,1,0
4253,1685.09,2.355523261,3,865.25,47.63,10.0,37.5,19.54,99.04,0.57,9.11,5.79,3.51,1,15,294913.7048,1,0,0,0,1,0,0
3341,550.0,1.341049748,5,643.85,9.24,5.36,61.05,2.72,95.47,1.52,5.59,7.41,4.99,1,10,176432.7322,0,1,0,0,1,0,0
6187,550.0,4.544597419,4,525.05,34.48,6.74,45.5,21.08,91.35,1.27,6.36,5.53,6.71,1,13,438404.6628,1,0,1,0,0,0,1
2216,550.0,2.351374466,2,248.59,9.25,6.43,59.29,11.77,93.02,1.77,2.88,2.88,3.65,1,10,11416.13362,0,1,0,0,0,0,0
6249,1405.73,1.743421009,4,701.77,13.97,8.63,60.75,12.89,96.19,0.88,7.55,5.37,4.24,1,10,560386.531,1,0,0,0,0,0,0
2379,629.81,2.286444324,3,372.23,19.15,9.05,19.92,31.91,99.9,0.42,7.86,10.0,8.08,1,13,263171.3074,0,0,1,0,0,0,0
3420,761.99,2.65782702,1,302.17,15.11,6.78,11.7,41.65,91.73,2.39,3.99,2.57,3.62,2,44,46995.99678,0,0,1,0,0,0,1
5318,1135.69,3.390717946,4,676.14,13.03,10.0,5.58,2.63,95.35,1.49,9.54,7.03,6.46,1,9,515792.974,1,0,0,1,0,0,0
4683,1705.16,2.460425752,3,322.12,35.25,9.31,1.83,6.41,93.48,0.84,4.97,2.19,5.52,1,12,295647.255,1,0,0,1,0,0,1
4317,550.0,1.0,2,323.78,23.33,4.52,98.04,48.26,89.85,1.79,1.07,1.29,3.94,1,2,424867.6733,1,0,1,0,0,0,1
6764,550.0,2.861917149,3,460.46,24.03,5.25,80.76,7.39,90.1,1.59,4.79,8.51,4.07,1,8,228963.9573,1,0,0,1,0,0,1
1630,1084.17,1.0,2,719.87,33.1,7.25,85.57,9.76,91.63,1.9,0.68,8.61,7.31,1,22,121207.2502,0,0,0,1,0,0,0
3595,1162.96,2.695222154,3,298.1,4.07,9.09,72.25,58.0,98.83,1.93,6.64,2.6,2.97,1,5,412883.6208,1,0,0,0,0,0,0
4572,1236.22,1.037153113,3,343.81,35.03,6.89,34.73,2.4,98.36,0.91,7.7,5.57,8.43,1,11,468960.4123,0,0,0,0,1,0,0
1916,947.5,1.106837259,3,737.57,18.24,6.08,0.39,17.98,97.66,1.01,5.87,4.99,5.73,2,25,109759.1146,0,0,0,0,1,0,0
2105,550.0,1.0,4,457.3,45.4,9.06,8.61,0.83,97.52,1.96,3.88,9.76,6.52,1,9,51373.29379,0,1,0,0,0,1,0
1352,550.0,2.604696107,3,1018.34,52.34,2.74,107.13,20.01,86.13,2.34,3.96,3.38,4.15,1,21,158870.8989,0,0,0,0,1,0,1
735,550.0,2.26245714,4,275.19,54.0,6.32,28.92,18.11,91.18,1.5,5.18,2.86,4.57,1,10,249336.666,0,0,0,0,0,0,0
6049,1312.07,1.952142226,3,1016.73,43.54,9.83,5.67,38.46,98.34,0.92,5.99,8.23,6.18,1,11,393144.9107,1,0,1,0,0,0,0
894,550.0,1.230295675,2,23.66,26.43,2.59,33.32,16.54,91.19,2.43,2.84,3.09,4.86,1,24,39868.14545,0,0,0,1,0,0,0
2733,550.0,2.03680998,4,304.19,67.46,8.21,31.83,26.15,92.85,2.12,2.91,10.0,7.7,2,25,143219.0943,1,1,0,0,1,0,0
4937,1411.68,3.440220345,4,607.98,0.74,9.43,39.58,28.64,88.41,1.46,6.39,3.5,3.86,1,32,650109.2547,1,0,0,1,0,0,0
6256,556.0,2.226726252,4,850.34,15.39,7.58,18.51,26.62,88.87,1.69,4.76,3.29,8.77,1,21,355009.508,1,0,0,0,0,1,1
646,550.0,1.0,3,320.93,41.06,6.64,11.23,8.81,94.79,1.79,2.06,4.97,2.53,1,12,85805.68228,0,0,0,0,0,0,1
2186,1067.69,1.0,3,313.38,26.3,6.84,40.59,1.02,85.43,0.92,2.27,0.83,5.58,1,15,141880.7505,0,0,1,0,0,0,1
4405,1457.95,3.608950566,1,354.82,43.05,4.2,8.84,11.68,86.92,1.15,4.17,10.0,8.84,1,7,264830.6692,1,0,0,0,1,0,0
6309,965.41,3.072191735,4,570.31,19.82,10.0,125.47,30.33,91.72,1.78,2.92,7.6,6.58,1,13,495086.8472,1,0,0,1,0,0,0
5239,1101.3,1.875546668,2,224.69,12.71,6.04,26.64,28.46,92.66,1.11,3.48,8.41,5.66,1,15,200236.3949,1,1,0,0,0,1,0
6898,2081.52,3.040857442,3,762.01,9.97,10.0,54.07,15.89,91.94,1.08,7.63,7.45,4.58,1,16,466122.9918,1,0,0,0,0,1,0
3530,1286.17,2.936165874,6,387.44,21.56,6.73,17.5,0.23,95.34,2.06,3.43,7.2,6.82,1,19,547769.6363,1,0,0,0,0,1,0
1650,1309.32,1.0,3,99.36,16.29,7.66,33.73,27.36,98.46,1.91,6.22,8.28,5.23,1,12,141262.4938,0,0,1,0,0,0,0
680,1032.2,1.191152571,4,582.38,1.39,6.93,26.32,25.94,87.22,2.01,4.97,7.43,5.91,1,11,212114.7757,0,0,0,1,0,0,0
3868,1124.01,3.602764178,3,275.75,4.15,9.14,62.0,5.34,90.65,2.12,6.29,7.2,6.03,1,7,335643.442,1,0,0,0,0,1,0
2755,550.0,2.053514404,4,602.56,66.29,7.98,14.28,32.1,89.1,1.44,3.78,4.0,5.64,1,12,290407.5544,0,0,0,0,0,0,0
1296,550.0,2.162412657,2,836.67,66.24,7.82,51.63,35.17,95.3,1.74,6.99,4.53,9.04,1,20,56759.48327,0,1,0,0,0,1,1
6548,1775.61,2.988005262,2,506.02,1.75,6.92,47.77,11.26,93.0,1.76,5.33,7.32,5.6,2,49,332891.0632,1,0,0,0,0,0,0
4843,1067.19,2.983635419,3,186.29,53.0,4.29,43.61,9.85,98.48,2.1,4.22,7.77,9.21,1,19,220842.5457,1,0,0,1,0,0,0
518,1562.69,1.0,3,498.85,65.8,8.41,23.76,48.1,96.45,2.04,5.53,7.26,7.79,1,10,219715.3461,0,0,0,0,0,0,0
4069,1262.26,2.526905092,4,393.63,22.68,8.59,0.51,4.53,99.9,1.29,7.59,6.1,4.04,1,22,519032.7393,1,1,0,1,0,0,0
6555,1083.69,2.660487499,3,375.58,42.66,8.51,44.56,14.02,93.09,2.05,5.4,6.06,10.0,1,16,207020.4722,1,0,0,0,1,0,0
5774,1255.1,2.459335315,3,24.77,33.92,6.69,59.09,17.8,94.89,1.34,5.11,6.7,6.67,1,7,276206.5336,1,0,0,1,0,0,1
3733,1361.71,2.258373896,2,316.54,1.4,7.39,6.09,10.87,97.02,0.77,7.31,9.68,6.45,2,20,411238.1649,1,0,0,1,0,0,0
1448,559.1,1.275637106,1,529.5,30.82,5.2,57.1,6.33,87.14,1.87,0.57,0.51,4.12,1,18,74086.26266,0,0,1,0,0,0,1
5450,1888.4,2.818435272,4,506.26,36.52,10.0,92.12,9.51,89.69,2.73,8.03,10.0,7.26,1,5,474813.2348,1,1,0,0,0,0,1
5662,550.0,3.977026028,5,679.11,9.27,9.5,35.55,29.66,94.17,1.97,4.63,5.94,7.8,1,15,351680.9069,1,0,1,0,0,0,0
6626,1327.75,1.578824376,2,756.55,25.23,8.22,34.6,6.49,93.62,1.38,5.07,2.04,5.08,2,6,314380.6506,1,0,0,0,1,0,0
5221,1594.27,2.683619586,2,616.64,35.59,7.72,55.03,24.36,87.72,1.68,5.52,8.85,7.82,2,27,239061.7804,1,0,0,0,0,1,0
3376,550.0,2.266111674,2,281.58,35.38,5.0,37.33,39.9,98.15,1.31,3.92,2.55,6.5,1,16,91342.01445,0,0,1,0,0,0,0
1796,816.02,2.060835151,1,454.62,36.51,6.85,1.52,25.91,96.23,0.99,3.74,4.25,2.37,1,16,28555.0099,0,1,1,0,0,0,1
2663,550.0,1.981158594,2,302.63,48.67,8.52,78.18,16.27,93.08,0.61,2.14,3.84,2.91,1,11,132911.0563,0,0,0,0,0,0,0
2247,550.0,2.852364145,4,696.95,43.1,8.32,58.71,19.56,88.64,1.26,4.9,5.59,5.61,2,36,350200.3367,0,0,0,0,0,0,0
3692,1506.08,2.388027694,4,705.39,39.94,10.0,8.5,1.87,96.7,0.66,6.7,10.0,10.0,1,17,549578.3839,1,0,1,0,0,0,0
2695,923.3,1.355055116,2,801.72,30.9,3.13,52.67,48.28,93.07,2.1,1.89,9.27,8.97,1,18,50019.53139,0,0,0,0,1,0,0
3186,550.0,1.289955978,2,189.21,40.61,4.41,72.05,30.93,91.91,1.9,1.86,4.72,4.61,1,11,54355.99297,0,0,0,0,0,0,1
4086,1412.1,1.503920906,3,331.92,44.88,6.25,52.27,8.39,97.78,1.75,7.36,5.41,6.2,1,24,387443.9559,1,0,0,1,0,0,1
2718,550.0,1.737893487,2,834.79,39.06,8.14,96.32,12.2,98.53,1.31,2.56,7.45,6.63,1,14,82118.92073,0,1,1,0,0,0,0
4557,1838.9,1.92162992,3,510.38,25.36,7.88,65.43,16.96,92.56,1.04,8.15,0.4,2.0,1,10,475354.4819,1,0,0,0,0,0,0
16,550.0,2.248925239,3,113.65,35.26,5.58,7.66,14.02,88.03,1.21,4.61,5.5,7.44,1,22,114571.547,0,0,0,1,0,0,1
4093,644.63,2.928678251,3,26.58,68.84,5.0,54.61,39.69,99.21,1.81,5.08,8.16,4.23,1,1,352182.7238,1,0,0,1,0,0,0
2505,1465.27,2.762189302,3,106.69,63.63,5.8,54.48,1.57,88.96,2.01,6.11,5.21,9.25,1,9,339352.9934,0,1,0,0,1,0,0
5817,1491.39,2.071709071,4,554.25,15.06,7.54,51.55,19.55,99.9,1.76,7.59,7.69,5.81,1,9,573285.9698,1,0,1,0,0,0,1
2237,1435.76,1.379788468,3,646.76,16.7,3.06,30.95,55.38,91.46,0.8,1.5,8.7,7.36,2,25,340882.036,1,1,1,0,0,0,1
6938,1328.99,2.245478013,3,469.5,10.93,8.67,45.62,1.18,84.24,1.51,6.14,10.0,8.69,1,12,333893.2938,1,0,0,0,0,0,0
1061,1368.31,1.0,3,353.26,23.94,7.46,4.41,14.93,96.27,1.51,6.76,3.25,7.37,1,10,269374.3207,0,1,0,0,0,0,1
2067,1768.98,1.186842402,2,599.24,38.64,5.76,50.39,20.5,90.62,0.78,3.95,2.67,5.14,1,6,442338.5568,0,0,0,0,0,1,1
6715,2009.45,1.426317639,5,292.74,16.29,10.0,1.29,5.08,87.73,1.53,5.55,3.11,6.25,1,19,685110.2563,1,0,0,0,0,1,1
2363,835.93,1.0,4,498.89,34.48,7.16,19.62,23.36,99.9,1.2,3.24,5.43,3.77,1,5,161509.0058,0,0,0,0,1,0,0
1859,810.55,1.0,3,480.0,64.28,4.68,19.0,3.55,89.87,0.79,2.73,6.57,5.21,1,6,155395.991,0,0,0,0,0,0,1
190,550.0,2.107222655,2,62.64,63.69,4.39,63.64,27.59,82.41,1.43,1.73,4.41,4.31,1,4,7345.598134,1,1,0,1,0,0,1
484,550.0,2.35642116,3,708.09,41.43,5.86,26.78,21.53,94.88,1.53,3.92,6.14,1.43,1,11,131293.0955,0,0,0,0,1,0,0
3163,561.16,1.0,5,497.27,35.22,10.0,1.21,34.8,88.3,1.2,6.41,9.19,9.04,1,19,357658.254,0,0,0,1,0,0,1
6193,1348.09,1.846979571,5,826.76,6.09,7.08,15.98,21.92,91.93,1.55,6.72,8.57,6.38,2,14,599514.9409,1,0,0,0,0,1,0
5566,2206.64,1.743046451,3,732.08,18.53,9.32,28.64,11.66,99.35,0.8,9.87,10.0,8.67,1,7,465349.35,0,0,0,0,1,0,1
1370,763.07,1.75429735,2,577.98,29.17,4.84,74.73,10.38,91.0,1.63,3.82,6.92,8.51,1,15,66989.99955,0,0,0,0,0,1,1
3979,1261.06,1.0,3,590.21,40.84,5.51,23.85,0.14,88.63,1.17,3.95,5.6,4.99,1,13,203812.7907,0,0,0,0,1,0,1
6339,1420.92,1.0,4,457.31,10.64,6.23,18.35,0.07,99.9,2.04,2.3,9.03,8.04,1,10,229887.7299,1,1,0,0,0,0,1
5228,550.0,1.821488716,4,1075.76,11.65,9.67,30.91,5.49,96.61,0.98,6.06,4.64,7.2,1,13,255853.9639,1,0,0,1,0,0,1
6072,1389.37,2.153101064,3,648.75,84.35,8.12,83.67,14.19,91.07,1.12,8.61,7.23,5.31,1,4,565442.1859,1,1,1,0,0,0,0
2378,1222.1,2.387809421,4,400.08,23.77,4.92,22.96,19.91,90.95,1.17,4.55,8.01,4.5,1,15,420796.2035,0,0,0,0,0,0,0
2472,752.71,2.584827718,2,825.31,44.37,4.33,8.94,19.79,89.35,1.6,3.41,8.56,5.13,1,14,186015.9452,0,0,0,0,0,1,0
110,725.74,1.0,3,710.46,23.4,6.55,42.88,3.28,95.48,1.17,5.18,1.62,3.49,1,15,156556.7193,0,0,0,0,0,0,0
1055,838.77,2.29235263,4,292.08,7.86,6.45,129.62,29.37,98.13,1.26,6.52,4.07,7.07,1,16,225125.8385,0,0,0,0,0,0,0
5069,940.83,2.836441186,4,537.0,28.29,6.99,90.2,32.42,92.31,1.76,4.47,10.0,8.85,1,21,600192.3138,1,0,0,1,0,0,0
5513,948.98,3.046655935,4,689.82,27.86,5.24,29.14,14.91,81.71,1.31,4.88,10.0,9.99,1,19,789014.8679,1,0,0,0,0,0,1
2354,630.03,3.581893302,3,404.23,69.15,7.41,62.44,9.68,96.79,1.11,6.26,9.36,4.63,1,20,212096.3576,0,0,1,0,0,0,1
1601,1107.8,1.328256705,2,230.53,24.96,5.31,76.35,26.52,91.75,1.28,4.43,4.93,5.23,1,14,182958.9357,0,1,0,0,1,0,0
232,550.0,2.107269413,3,164.88,38.5,5.04,109.05,25.7,95.18,1.33,0.83,5.93,4.81,1,18,113890.5036,0,0,0,0,1,0,0
1248,1076.3,1.702342147,3,458.96,55.02,5.62,120.99,5.26,97.17,2.46,3.76,6.74,5.01,1,11,100737.4855,0,0,0,0,0,1,0
5733,1591.14,2.580234085,4,853.09,40.4,10.0,1.58,12.52,99.9,0.81,7.22,9.7,10.0,1,16,518531.3731,1,0,0,0,0,0,0
1840,1085.44,2.236150281,3,435.75,27.6,10.0,30.29,37.94,84.71,2.39,6.94,5.61,7.51,1,14,164797.5634,0,1,1,0,0,0,0
5002,1834.27,1.0,4,442.13,5.16,7.01,26.65,8.93,96.45,0.8,5.3,6.49,5.46,2,39,414883.8699,1,0,0,1,0,0,1
4546,1054.0,1.408445107,4,735.07,1.03,7.38,95.72,4.33,91.59,0.57,5.38,7.94,4.23,1,21,407967.145,1,0,0,0,0,1,1
1914,1334.19,2.07090373,1,630.78,17.99,6.22,61.16,26.33,93.8,2.16,6.09,5.06,8.65,1,8,139876.9756,0,0,0,0,0,1,1
6348,890.61,1.746394461,4,259.78,33.65,10.0,29.02,4.19,95.7,1.22,7.72,4.02,5.69,1,20,461430.6941,0,1,0,0,0,1,0
4589,1160.99,3.022658939,4,436.24,38.53,6.37,6.27,2.08,99.9,1.17,5.55,3.28,6.35,1,20,465260.0928,0,1,0,0,0,0,0
4599,797.2,4.241047436,2,650.63,9.84,6.88,27.11,3.5,95.79,1.55,5.64,5.11,3.94,1,13,227624.7973,1,1,0,0,1,0,0
4058,771.68,2.073010852,5,436.59,37.46,6.65,14.21,11.78,96.59,3.0,5.85,6.35,6.05,1,11,431765.1314,1,1,0,0,1,0,0
933,671.5,1.889336923,3,481.64,52.18,10.0,55.23,15.78,99.9,0.51,4.44,8.14,6.65,1,24,111106.3921,0,0,1,0,0,0,0
1045,550.0,1.0,3,239.34,50.25,5.75,22.23,34.43,91.25,1.37,1.06,5.94,6.16,1,15,125626.4582,0,0,0,0,0,0,0
2932,995.68,1.399611437,3,110.33,38.76,7.35,9.83,9.36,82.78,0.6,4.33,4.74,7.14,1,21,299085.7757,0,1,0,0,0,1,1
3807,676.94,3.106347517,4,504.16,6.87,7.54,24.54,15.51,99.2,1.79,4.27,10.0,9.65,1,5,362188.5474,1,0,0,0,1,0,0
3630,1241.4,2.54926659,3,663.77,49.7,6.65,64.95,22.4,99.9,1.84,4.98,10.0,8.52,1,24,357557.789,1,0,1,0,0,0,0
37,550.0,1.969044145,3,730.12,47.64,3.51,80.17,39.09,92.23,1.52,3.21,4.24,8.74,1,13,-2159.199171,0,1,0,1,0,0,1
1560,550.0,1.656988,3,437.87,46.24,6.83,142.29,1.15,87.74,1.5,4.27,2.23,8.23,1,20,159061.2775,1,0,1,0,0,0,0
12,550.0,1.200385725,3,610.78,36.83,7.51,57.32,20.71,93.03,0.82,2.67,4.12,4.37,1,11,107113.7257,0,1,0,0,0,0,1
6401,1487.75,1.96997702,3,298.14,52.23,5.25,21.73,19.61,99.9,1.57,4.6,5.94,3.65,1,5,412664.6238,1,0,0,0,0,0,0
5863,550.0,2.603287583,3,111.45,33.57,5.56,1.93,8.14,88.1,1.97,4.4,4.81,7.92,1,17,389309.5295,1,1,0,0,1,0,0
1387,785.91,2.056231906,2,1477.52,25.7,8.57,76.89,19.69,99.9,1.45,4.52,3.2,4.23,1,20,97286.41303,0,0,0,1,0,0,1
597,627.81,1.029240812,2,966.52,42.58,6.75,32.38,33.06,93.44,1.73,3.77,6.72,6.36,1,8,113677.0941,0,0,0,0,0,1,0
4401,896.92,1.611996447,3,403.84,21.45,6.23,53.3,0.85,90.45,1.51,4.11,3.72,6.96,1,19,269516.5927,1,1,0,0,1,0,1
2720,550.0,4.675334205,3,305.14,26.69,7.32,54.92,0.38,95.67,1.73,7.16,6.29,8.17,1,14,150769.3424,1,0,0,0,1,0,0
3044,550.0,2.386282684,2,394.27,69.85,1.37,42.49,22.38,93.33,1.85,3.7,0.21,4.27,1,15,38854.07,0,0,0,0,1,0,1
4479,1122.12,4.491282525,4,799.18,27.9,6.13,51.51,0.87,99.33,1.02,7.24,4.58,5.71,2,40,458225.9675,1,0,0,0,1,0,0
1021,1270.45,1.918536645,2,622.96,46.96,6.64,84.87,29.86,94.6,2.31,6.81,5.68,7.57,2,29,208908.5674,0,0,1,0,0,0,0
836,1239.22,1.12446624,4,704.29,15.15,7.22,38.71,14.52,96.98,2.57,6.45,2.95,4.09,2,27,389338.7871,0,0,0,0,1,0,0
2501,1310.42,1.287156368,4,682.27,44.41,10.0,69.14,20.26,99.9,1.5,4.01,3.73,6.29,2,46,243716.6579,0,0,0,0,1,0,0
2726,550.0,1.730126927,3,247.21,19.52,9.63,2.34,20.81,90.06,0.52,4.96,0.11,6.65,2,58,103926.4517,0,0,0,1,0,0,0
6917,1054.61,1.0,4,438.46,43.44,9.42,10.16,26.47,96.84,1.99,4.06,7.39,9.48,2,49,262624.3967,1,1,0,0,0,1,0
4893,550.0,3.108462395,4,1101.59,8.8,9.06,45.26,1.29,98.7,1.44,5.22,4.95,4.9,1,18,268055.7881,1,0,0,0,0,0,0
2578,713.64,3.395185801,3,481.79,61.6,9.27,13.3,30.93,90.0,1.65,5.36,4.03,4.65,1,16,281506.3188,1,0,0,0,1,0,1
5937,1447.9,3.064001252,3,353.04,26.63,7.65,2.97,23.98,89.82,1.91,6.72,5.54,7.79,2,40,748499.3934,1,0,0,1,0,0,0
2497,1572.26,1.89491492,2,904.34,16.94,4.45,45.31,28.72,92.36,1.88,8.58,5.21,8.05,1,10,225272.2771,0,0,1,0,0,0,1
6009,1063.86,1.420736497,4,92.99,20.16,7.36,68.96,23.92,91.27,1.27,4.72,0.55,8.13,1,6,365184.2274,1,1,0,0,1,0,0
1963,1165.33,1.678559823,2,218.34,41.48,5.93,98.74,15.92,94.39,1.89,6.11,4.05,5.05,1,11,120312.4331,0,0,0,0,1,0,0
6876,1571.7,4.720532458,4,424.93,42.11,6.15,31.72,3.17,99.9,0.85,7.39,6.99,6.97,1,18,565777.9712,1,0,0,0,0,1,0
104,579.98,1.0,3,540.09,18.15,4.23,6.39,14.08,94.43,2.03,2.34,4.53,5.95,1,13,152352.5201,0,0,0,1,0,0,1
1764,733.8,4.182527766,3,274.49,37.07,7.85,45.93,15.06,92.54,1.97,4.46,5.23,6.61,1,12,376227.7171,0,0,0,0,0,0,0
4496,1351.18,1.964289987,3,477.29,15.57,10.0,38.05,16.75,88.04,1.69,5.25,9.82,4.86,1,7,205071.8985,1,0,0,0,0,0,0
1134,550.0,1.488508079,2,413.16,22.04,3.37,79.69,27.44,99.23,1.95,3.41,1.98,6.3,1,8,117376.124,0,0,0,1,0,0,1
1268,577.36,1.996181565,4,771.92,39.47,9.35,34.74,54.38,93.1,1.66,3.54,10.0,7.94,1,19,398244.4603,0,0,0,0,0,0,0
6333,934.62,2.692480129,4,474.59,20.06,9.68,71.16,10.88,92.46,1.27,5.27,7.01,6.28,1,18,263479.7325,1,1,1,0,0,0,0
3671,897.32,2.022364268,3,248.28,32.13,9.2,53.95,23.25,96.28,2.03,5.07,1.77,7.97,1,15,150251.6261,1,1,0,1,0,0,1
516,591.9,1.934098603,3,790.45,50.95,6.4,99.3,38.11,99.37,2.47,6.51,7.26,7.77,1,-2,66145.70859,0,0,1,0,0,0,1
3461,573.23,2.596791004,2,111.84,60.39,7.2,60.67,30.56,99.9,0.9,4.07,5.0,3.99,1,22,20920.30875,1,1,0,0,1,0,1
926,558.95,1.0,2,586.86,63.23,5.1,91.16,26.89,95.43,1.94,4.57,9.13,5.55,1,22,32268.84971,0,1,0,0,0,1,0
2909,580.77,1.304491509,4,384.16,55.34,6.38,0.05,13.5,87.04,0.72,4.37,4.35,4.23,1,24,299836.1022,0,0,1,0,0,0,1
4494,754.45,3.886184375,4,560.88,19.12,6.5,1.35,16.27,85.21,1.62,4.85,4.14,4.91,1,20,536407.88,1,0,0,0,0,0,0
5435,1269.91,1.938215946,4,799.79,17.36,7.35,6.68,19.32,90.07,1.75,4.37,8.33,5.49,1,15,288911.7543,1,1,0,0,0,1,0
5492,1617.38,3.998378534,2,796.9,6.38,8.39,50.27,20.1,96.46,1.33,8.22,6.33,5.87,1,20,539577.4131,1,0,0,0,0,0,1
4398,1666.63,1.866804699,1,381.49,7.24,1.35,8.82,32.72,98.31,1.41,3.07,8.47,5.77,1,21,271602.8955,0,0,0,0,0,1,0
4774,1102.93,3.920557311,4,976.97,36.55,8.65,50.69,8.77,99.9,1.43,5.88,8.93,7.22,1,17,680922.3576,1,0,0,0,0,1,1
4306,1472.3,2.026194691,3,197.86,15.23,7.92,24.32,17.03,99.9,1.32,7.97,5.01,6.46,1,5,374688.5308,0,1,0,0,0,0,0
4555,1084.89,1.145683332,4,118.5,35.82,5.33,42.04,26.92,99.9,1.67,3.78,6.16,4.37,1,6,408528.7437,1,0,0,0,1,0,0
6230,1787.52,3.813669518,3,446.99,39.2,9.11,75.0,11.41,90.5,1.4,6.95,5.77,3.01,1,16,567907.53,1,0,0,1,0,0,0
3264,1408.2,1.659656286,3,423.3,29.15,7.67,82.0,26.7,87.06,1.78,6.53,3.56,4.45,1,13,289204.4057,0,0,0,0,0,1,1
3285,606.65,2.994621827,3,22.75,70.74,6.52,13.53,17.01,99.9,2.01,5.61,9.97,6.65,1,13,133394.0393,0,1,0,1,0,0,0
5420,743.68,2.25269184,4,316.28,11.74,7.77,33.61,31.15,94.9,1.09,6.45,5.49,5.54,1,9,324735.6312,1,1,0,0,1,0,1
1966,550.0,1.438215632,3,103.49,70.32,5.26,127.08,28.16,94.58,1.86,1.31,10.0,8.85,1,28,123781.0834,0,0,0,0,1,0,0
5476,597.95,1.772741791,6,684.18,29.81,10.0,47.87,2.91,94.26,1.96,8.86,4.32,4.54,1,26,399524.4798,1,1,0,0,0,1,1
4286,1807.96,5.626172268,3,607.57,24.95,8.04,8.13,15.86,90.95,0.92,10.0,7.31,7.31,1,15,609985.8316,1,0,0,0,0,1,1
3553,1135.3,2.717534894,4,756.1,41.46,8.2,0.16,10.72,94.64,1.34,6.0,6.91,7.47,1,18,507695.363,1,0,0,0,0,1,0
6527,1229.92,2.551366932,4,148.67,14.49,8.11,12.61,9.91,99.9,0.79,4.8,0.79,5.24,2,14,375266.5956,1,1,0,0,1,0,0
2735,1139.69,2.330856388,3,503.87,49.83,8.2,81.33,20.79,87.84,1.93,3.23,2.88,5.29,1,12,326492.0296,0,1,0,0,0,0,0
678,1886.69,2.573188152,1,757.25,48.29,5.62,18.49,8.07,88.36,2.34,5.09,4.59,6.52,1,20,296925.1401,0,1,0,0,0,1,0
5335,1135.54,3.087382205,2,357.32,23.57,10.0,3.23,10.2,95.04,1.72,7.46,10.0,8.41,1,10,365332.0548,1,0,0,1,0,0,0
4390,1998.75,1.730038775,4,783.16,49.96,9.87,17.16,12.23,95.53,0.73,6.36,4.75,5.3,1,12,341506.1039,1,0,0,0,0,1,0
1951,875.41,1.236400212,4,387.68,45.34,5.72,64.21,40.46,87.91,1.66,1.62,4.25,6.89,1,8,272577.3158,0,0,0,0,0,1,0
165,1401.07,1.149113796,3,861.91,6.95,7.3,19.51,13.62,96.16,1.15,5.91,0.82,7.61,1,24,140428.5889,1,0,0,0,0,0,1
4265,1311.71,2.700673809,3,76.43,41.24,2.9,55.07,17.34,82.0,2.63,3.35,2.37,5.93,1,15,295693.6727,0,0,1,0,0,0,0
5473,1492.49,3.813495732,3,178.38,9.8,8.99,64.26,16.16,92.6,0.68,10.0,6.87,6.59,2,32,672709.9967,1,1,0,1,0,0,0
4389,550.0,1.0,2,474.12,60.17,3.21,104.94,7.05,93.15,1.71,1.35,2.28,0.76,1,20,232659.8746,1,1,0,0,1,0,0
2032,1577.81,1.293779732,2,618.09,1.42,8.37,68.83,1.4,94.1,2.18,3.72,5.35,2.23,1,15,86606.42365,0,0,0,0,0,1,0
5791,550.0,1.644489249,1,342.1,26.33,4.61,72.02,29.65,96.61,1.89,1.3,7.48,2.91,1,6,330565.4108,1,0,1,0,0,0,0
2550,1636.48,1.098162671,2,284.29,62.06,5.37,8.38,7.52,95.02,1.24,6.18,4.41,4.7,1,16,242071.7353,0,0,0,0,0,1,1
3990,1781.54,2.913001785,3,804.56,48.4,7.54,50.92,4.25,99.9,1.72,7.56,6.39,3.82,2,17,685543.8513,1,0,0,0,0,1,1
1606,597.77,4.239372901,2,236.83,5.14,7.06,23.25,13.65,86.75,2.27,4.17,0.63,4.17,1,21,64612.57097,0,0,0,1,0,0,0
3014,1614.37,1.0,2,483.68,70.17,5.97,49.51,16.46,99.9,0.68,4.97,0.15,1.93,1,19,158663.1263,0,0,0,0,1,0,0
230,550.0,1.977646983,2,90.87,26.54,5.32,26.72,10.95,99.26,0.88,4.78,4.77,6.13,1,13,22034.76737,0,1,0,1,0,0,0
3705,783.23,3.220154571,3,538.66,26.05,9.01,108.61,34.64,91.01,2.2,7.44,5.93,7.18,1,13,319815.8342,1,0,1,0,0,0,1
1845,1070.92,1.0,3,319.64,17.59,7.28,12.8,8.75,96.27,1.35,5.2,7.93,6.43,1,12,168453.8983,0,0,1,0,0,0,0
1495,795.4,1.107239688,2,893.35,4.32,3.63,61.43,15.74,87.3,1.31,4.03,1.22,3.76,1,13,22708.92432,0,0,0,0,0,0,1
3456,550.0,3.568884996,2,981.28,26.15,5.94,57.02,16.07,97.21,1.42,5.82,10.0,6.22,1,27,42993.66015,0,0,0,1,0,0,0
3830,1127.89,3.08952377,4,511.23,56.71,9.26,60.94,21.87,91.94,1.15,6.06,0.27,2.16,2,43,325309.6099,1,1,0,0,0,0,0
571,685.34,1.271767041,2,929.85,35.17,6.46,29.55,44.02,97.41,2.03,2.05,4.2,6.91,1,13,48872.95436,0,0,0,0,0,0,1
6567,936.24,2.962510163,3,469.94,47.29,9.13,6.09,9.77,93.67,1.74,6.49,5.88,3.54,1,7,235957.7827,1,1,1,0,0,0,1
1648,1004.4,1.476278262,3,101.47,42.66,7.36,98.74,7.09,95.29,1.1,5.96,4.32,6.52,1,5,231064.7232,0,1,1,0,0,0,0
6762,1194.41,3.780970591,4,399.92,55.85,4.81,146.72,1.24,93.43,1.39,2.79,2.14,5.22,2,32,471721.9889,1,0,1,0,0,0,0
1926,550.0,1.094424658,4,676.02,13.56,5.9,33.44,9.88,95.4,1.65,4.26,4.62,5.46,1,17,-1079.467194,1,0,0,0,1,0,1
2586,1109.34,1.0,3,113.07,36.56,9.29,48.09,56.61,96.48,2.44,6.73,7.11,7.84,2,34,200992.2881,0,0,0,0,0,0,1
3074,1351.19,2.201319593,2,122.85,9.69,9.45,32.84,8.79,95.59,1.43,7.25,4.87,3.64,1,17,252560.2971,0,0,0,0,1,0,0
6907,1330.07,1.0,3,735.41,42.3,8.37,45.3,3.35,99.9,1.9,3.76,6.45,4.39,1,14,265920.9302,1,0,1,0,0,0,1
1850,1220.89,1.685337279,4,285.83,33.93,5.37,9.94,13.59,93.85,1.71,3.19,7.26,3.93,1,18,521970.4384,1,0,0,0,0,0,1
5155,2612.94,1.758716568,3,71.85,9.22,10.0,38.67,3.73,99.78,1.64,7.87,3.23,6.19,1,14,696854.7321,1,0,0,0,1,0,1
1300,1522.56,1.0,1,39.91,42.98,3.67,105.14,36.59,97.3,2.25,1.77,2.78,3.66,1,11,41028.31104,0,0,1,0,0,0,1
885,807.07,3.228678666,2,776.91,63.34,4.76,37.86,27.42,90.44,1.42,4.07,9.1,6.09,1,5,186429.1329,0,0,0,0,1,0,1
5143,839.82,2.81015542,5,700.17,3.51,4.61,58.65,34.84,87.49,1.04,5.21,5.87,6.26,1,9,369268.597,1,0,0,0,0,1,1
6558,1280.65,2.549567208,4,810.79,59.78,7.75,66.55,8.5,97.57,1.89,10.0,6.66,7.2,1,12,419984.9711,0,0,0,0,1,0,0
2308,550.0,1.772791075,2,275.54,19.31,4.65,21.81,17.05,91.15,1.99,3.04,4.36,4.62,1,11,90500.49638,0,0,0,0,0,0,0
3502,550.0,1.0,1,317.82,62.92,3.54,141.84,19.99,94.52,0.97,0.6,1.84,3.25,1,13,252727.7574,1,0,0,0,0,0,1
3555,778.54,2.993726513,3,861.69,25.78,5.78,108.38,0.79,93.43,1.56,6.04,2.33,7.18,1,23,436796.0704,0,0,0,0,1,0,0
322,560.16,1.0,4,414.34,13.85,2.97,20.8,24.21,94.9,1.61,3.75,6.47,4.24,2,26,73665.96697,0,0,0,0,1,0,0
11,550.0,3.179906914,2,739.97,80.69,4.65,83.67,20.2,98.29,1.65,4.54,6.83,6.14,1,23,187774.5972,0,1,0,0,0,1,1
17,691.89,1.016691422,2,569.96,43.26,6.49,54.11,25.93,98.27,1.37,4.74,4.29,4.6,1,2,180119.4986,0,0,1,0,0,0,0
5088,1349.32,1.206595497,2,846.47,27.37,8.44,38.11,22.02,99.9,2.18,7.41,10.0,9.1,1,24,231730.7905,0,0,1,0,0,0,0
5576,1231.08,2.536132733,5,869.92,61.57,8.62,0.73,33.69,93.78,1.46,5.65,8.1,6.1,2,39,406477.3265,1,0,0,1,0,0,0
6436,1421.91,2.000209362,2,993.73,42.89,5.24,2.3,26.02,87.13,1.52,5.48,10.0,9.26,2,46,296579.1846,1,0,0,0,0,1,1
4099,778.36,3.746947837,4,774.95,54.21,8.73,40.27,2.15,99.9,0.15,3.52,7.81,5.82,1,16,593486.0153,1,1,0,0,1,0,1
3126,603.44,1.0,3,669.58,32.85,7.61,27.16,21.44,99.9,0.63,6.41,7.9,8.47,1,12,76129.12326,1,0,0,1,0,0,1
2155,1044.43,1.0,3,177.81,15.89,7.26,35.66,15.53,97.68,1.89,2.17,2.11,2.36,2,14,52812.4523,0,0,0,0,0,0,0
5122,1828.53,2.939570181,3,495.75,34.54,7.72,37.31,2.44,88.35,1.31,3.56,6.66,5.69,1,23,384069.7557,1,1,0,0,0,1,0
3258,592.47,2.842441193,2,319.47,11.41,8.63,55.66,2.16,99.9,1.65,6.67,10.0,6.45,1,11,74176.68982,0,1,0,1,0,0,1
3080,844.14,1.686999177,2,905.87,40.72,6.2,12.62,19.86,93.85,2.1,4.94,1.55,1.63,1,11,17194.31489,0,1,0,0,1,0,1
3779,1168.93,3.352902047,4,143.66,24.84,10.0,39.15,7.6,91.26,1.43,5.17,7.37,6.97,1,17,392481.5865,1,0,0,0,0,1,1
579,959.11,2.013050113,2,105.58,29.51,6.4,54.42,41.94,94.94,2.73,2.33,7.13,7.26,2,21,141781.5838,0,0,0,0,0,0,0
19,550.0,1.0,5,757.75,24.83,7.71,74.56,12.18,96.38,0.35,5.13,6.22,6.26,1,16,23568.32037,0,0,0,1,0,0,1
1395,550.0,1.0,4,615.37,53.65,7.51,57.29,47.7,92.17,1.23,6.48,10.0,6.64,1,10,12373.07325,0,0,0,0,0,0,1
2901,1504.02,2.026993277,2,1090.01,6.79,6.53,31.82,22.5,96.77,1.28,4.36,10.0,10.0,1,12,335981.019,0,0,0,0,1,0,0
4545,550.0,2.474901675,4,673.32,25.76,8.26,48.69,15.15,95.85,1.34,5.97,7.84,8.87,1,8,180226.1282,0,0,1,0,0,0,1
4161,1446.86,1.580174983,5,608.95,55.05,7.33,11.54,7.58,93.08,1.07,5.39,6.44,6.7,1,12,551834.0434,1,0,0,0,0,0,1
5486,1346.52,3.492967646,4,495.15,48.47,7.96,15.14,3.85,92.79,0.82,4.9,7.04,4.01,1,14,651938.1489,1,0,0,1,0,0,0
770,607.86,1.0,1,577.09,39.02,6.35,4.35,20.57,97.11,1.69,4.07,9.55,4.19,2,33,133376.438,0,1,0,1,0,0,1
3731,606.37,2.707394922,3,545.39,42.28,9.12,27.27,11.33,88.85,2.11,6.96,10.0,8.35,1,24,206571.0834,1,0,0,0,1,0,1
6840,2003.59,1.452797951,3,270.14,36.17,7.02,78.03,32.98,86.99,2.04,6.36,6.08,5.93,1,16,368853.6938,1,1,0,1,0,0,0
5297,1083.25,2.843668219,4,134.26,17.57,10.0,13.14,0.87,88.76,1.1,6.25,10.0,7.02,2,35,276948.678,1,0,0,0,0,0,1
6883,2055.04,3.510682387,3,877.21,45.51,10.0,84.11,3.06,95.38,0.74,7.17,9.74,6.07,1,15,459984.2821,1,0,0,0,0,1,1
5130,1156.68,2.565439217,2,138.9,45.17,5.27,39.59,27.21,87.26,1.43,4.91,0.97,3.57,2,35,317685.185,1,0,0,0,0,1,1
494,1253.92,1.0,2,254.82,29.29,5.94,1.66,4.34,97.7,1.96,4.75,7.2,6.04,1,16,31814.68116,0,1,1,0,0,0,0
5646,1062.68,1.211424099,4,748.12,4.62,10.0,50.69,16.21,95.09,1.61,5.9,4.53,8.04,1,10,550501.5728,1,0,1,0,0,0,1
2854,756.78,2.113764842,4,1119.42,60.31,6.79,12.68,10.76,99.9,1.33,4.74,4.92,2.55,1,17,144308.5631,0,0,0,0,0,0,1
1094,550.0,1.684516067,2,946.35,30.7,6.74,0.16,33.0,99.9,1.97,6.11,5.05,7.25,1,16,52003.69895,0,1,0,1,0,0,1
2796,550.0,1.672318385,3,25.58,63.9,9.06,108.67,3.53,95.43,1.09,3.7,10.0,6.81,1,8,174072.1772,0,1,1,0,0,0,1
6384,1274.67,2.113656772,3,405.73,20.36,6.74,11.31,15.99,92.43,1.43,2.2,2.74,6.77,1,13,254234.2541,1,0,0,0,0,1,0
4757,550.0,2.323164442,5,116.38,18.99,7.86,84.7,0.15,87.68,1.19,3.19,6.84,3.41,1,15,396668.0242,1,0,1,0,0,0,1
5323,565.46,2.443164133,5,207.62,30.3,8.15,96.94,2.29,99.9,1.2,7.78,6.09,5.71,1,16,786386.1217,1,0,0,0,0,0,0
6460,1528.0,2.509275723,4,505.83,17.59,9.09,58.26,4.84,84.2,0.77,5.86,1.44,5.93,1,10,602353.3719,1,0,1,0,0,0,1
6816,957.1,2.203076038,6,803.31,44.63,8.06,76.78,27.19,91.18,1.73,4.92,3.62,6.08,1,-1,435892.6581,1,0,0,0,0,1,1
6637,1565.11,2.475642589,2,599.97,28.55,6.98,83.39,16.49,92.57,1.55,8.62,8.61,7.86,1,10,510638.4525,1,0,1,0,0,0,1
2785,578.86,2.237802931,4,250.57,9.24,7.78,109.2,2.57,91.02,1.69,3.74,3.45,5.7,1,14,24650.53175,0,0,0,1,0,0,1
2963,550.0,3.027380353,3,179.5,42.87,5.57,75.7,6.09,87.27,2.42,1.34,7.75,4.65,1,21,49650.41995,0,0,0,0,0,0,1
2372,944.66,1.0,3,994.34,30.02,8.06,14.57,11.03,94.92,2.07,2.49,4.1,6.34,1,15,92664.73507,0,0,0,0,0,1,1
2318,550.0,3.408195989,3,381.77,7.15,6.29,50.5,4.3,95.08,1.18,0.43,7.65,5.58,1,20,122437.1826,0,0,0,1,0,0,1
86,1030.3,1.548419507,3,248.55,28.43,5.41,50.32,1.85,98.05,1.96,1.02,5.83,5.79,1,12,140904.0933,0,0,0,0,1,0,1
4082,2067.52,4.839064125,4,454.9,15.09,6.96,10.96,3.04,93.35,0.96,7.25,2.39,5.95,1,13,887793.4894,1,0,1,0,0,0,1
1655,682.2,1.0,3,916.07,7.85,6.3,29.74,15.17,86.76,0.92,1.73,2.94,3.79,1,12,90912.15383,1,0,0,0,1,0,1
1724,550.0,1.126863155,4,221.67,50.54,8.28,24.7,23.05,95.89,0.83,3.99,5.0,2.74,1,2,110028.6404,0,0,0,0,0,0,0
5738,1114.74,1.145477981,3,392.83,22.19,5.03,24.38,1.21,92.41,1.5,4.89,5.2,6.49,1,11,271923.3133,1,0,0,0,1,0,0
2264,1036.32,2.218187131,2,537.22,28.83,6.98,39.83,5.5,93.43,1.83,2.81,8.03,8.19,1,10,260795.2157,0,0,0,0,1,0,0
3100,550.0,2.546740192,3,402.61,63.25,4.53,119.05,37.86,93.91,2.15,4.29,7.06,2.07,1,27,121914.7166,0,0,0,0,0,0,0
480,1384.34,2.010225354,1,514.0,56.25,3.51,57.42,2.02,87.3,1.99,3.16,5.38,2.85,1,13,155055.7088,0,0,1,0,0,0,1
4429,1682.22,2.318905764,4,645.04,50.54,7.87,61.59,31.47,93.81,1.25,5.98,1.57,0.68,2,14,465748.3576,1,0,1,0,0,0,0
6404,550.0,2.915926695,4,538.91,27.11,3.74,38.35,7.16,85.24,1.35,5.46,7.2,7.17,1,8,425633.8787,1,1,1,0,0,0,0
2204,1067.75,1.640643063,3,765.84,10.23,6.46,20.3,14.59,96.39,0.8,2.67,5.56,7.87,1,20,167455.7409,0,0,0,0,0,0,0
4642,550.0,1.82010868,2,446.16,10.26,4.6,10.29,3.38,91.27,1.61,4.56,4.37,4.95,1,20,219944.2444,1,1,0,0,0,0,0
5249,550.0,3.205325257,3,104.1,34.49,4.94,31.48,1.2,98.7,1.24,6.17,10.0,10.0,1,8,245455.0531,0,0,0,1,0,0,0
5154,1666.6,2.95049827,3,601.89,19.93,7.14,84.8,10.68,93.24,1.52,5.01,4.44,5.85,1,16,462356.9435,1,0,0,0,0,0,0
2139,643.83,1.016456158,2,156.97,26.91,4.82,28.12,18.31,86.01,1.75,2.38,1.28,5.52,1,3,24234.52252,0,0,1,0,0,0,0
1044,1309.65,2.232045617,3,779.06,32.23,8.5,36.77,6.49,93.96,1.72,4.89,1.43,4.9,1,19,259526.7245,0,0,0,0,0,0,0
5408,1527.91,3.126106742,3,377.86,28.86,8.8,6.37,4.28,99.9,1.27,7.38,9.75,8.85,1,18,635704.7121,0,1,0,0,0,1,1
4897,550.0,3.49645455,4,1103.13,33.7,5.31,39.97,1.25,94.73,1.98,2.99,9.72,6.06,1,5,310980.7771,1,1,0,0,1,0,0
6459,1189.42,2.15205365,3,594.28,8.05,6.74,73.86,10.56,99.04,2.58,7.45,10.0,5.29,3,40,241609.3476,1,1,0,0,0,1,1
2879,550.0,2.078213767,2,233.4,2.75,7.62,37.74,29.72,88.91,1.46,6.16,3.04,2.74,1,18,88817.17105,0,1,0,0,0,1,0
6494,959.9,1.963886604,4,634.34,17.56,10.0,48.44,15.64,94.52,1.64,5.16,1.79,8.35,1,-3,293957.5245,1,0,0,0,0,0,1
2226,1125.06,2.723276355,1,156.55,30.84,6.58,6.46,3.19,89.65,1.75,3.53,5.31,6.6,1,19,102388.8724,1,0,0,0,0,0,0
2289,1473.19,2.328022473,1,283.37,2.04,8.36,53.6,2.95,94.42,1.54,5.07,6.28,5.73,1,15,151778.6514,0,0,0,1,0,0,0
769,693.88,2.743918916,3,778.81,24.98,3.32,99.27,28.25,93.82,1.37,4.21,3.81,5.76,2,31,174300.2948,0,0,0,0,0,0,0
3,941.81,2.035254196,2,439.59,22.22,7.08,94.67,5.22,91.45,1.45,4.45,5.0,6.27,1,14,84594.12145,0,1,0,1,0,0,0
6622,939.05,3.805854238,3,695.47,50.81,5.2,94.52,1.66,99.03,2.04,6.87,6.09,6.85,1,10,402569.4449,0,0,0,0,0,0,0
1488,712.06,2.10723266,3,216.75,49.75,4.38,20.37,15.73,96.83,1.77,2.18,5.32,5.11,2,36,94392.3468,0,0,0,0,1,0,0
1419,903.25,2.324114887,3,5.69,22.78,6.81,63.11,5.03,91.1,2.19,4.22,9.98,8.35,1,8,138548.4722,0,0,0,0,1,0,1
5039,1125.23,2.879806468,4,276.16,38.18,8.43,82.42,16.28,95.88,1.67,4.91,7.94,6.95,1,6,340273.6214,1,0,0,1,0,0,0
2284,550.0,2.227983109,2,192.64,32.15,1.8,18.61,16.69,93.31,1.63,4.31,5.72,6.35,2,17,38558.3542,0,0,0,0,0,1,0
1004,1158.16,1.0,5,492.4,2.27,7.38,12.81,3.32,96.4,2.22,5.64,4.63,5.48,1,19,492653.3721,0,0,0,1,0,0,0
965,806.1,1.034883115,3,104.78,26.98,5.88,116.25,17.84,95.21,1.03,3.89,8.29,6.72,1,6,144965.064,0,1,1,0,0,0,0
2128,550.0,1.130609,4,139.13,35.28,5.68,10.17,21.09,93.81,1.11,3.18,9.88,6.69,1,14,162557.6727,0,0,0,0,0,1,0
1113,660.24,1.0,2,534.92,36.51,6.86,0.09,26.64,96.6,1.12,5.72,1.16,3.17,1,13,18846.67923,0,0,0,1,0,0,0
4304,701.55,3.072413326,4,1113.83,43.68,9.02,11.83,3.95,98.21,1.28,4.7,3.89,5.66,1,15,389339.7582,1,1,0,1,0,0,0
3896,873.68,3.144285154,3,249.09,23.16,9.36,24.34,18.27,99.9,0.97,3.91,6.87,7.9,1,19,309136.6687,1,0,0,0,1,0,0
6599,1124.14,2.00876161,3,676.66,61.77,4.83,12.43,17.74,86.87,1.49,2.04,2.92,4.82,1,10,183605.3285,0,0,0,0,0,0,0
4247,1562.16,2.027277539,4,732.51,29.29,6.14,92.86,12.84,92.6,0.98,6.21,8.66,6.28,2,31,592476.0572,1,0,1,0,0,0,0
2185,550.0,1.0,2,598.67,11.77,5.59,80.89,20.46,91.13,1.55,4.81,5.37,3.0,2,54,97031.77538,0,1,0,0,0,0,1
4240,1943.54,2.817331683,3,418.46,28.06,8.77,44.41,7.62,99.9,1.57,7.25,4.24,3.5,1,13,410027.1923,1,1,0,0,0,1,0
638,610.07,1.318062018,4,908.56,1.46,6.13,27.59,4.58,91.76,1.51,4.33,1.61,5.17,2,33,82792.15816,0,0,0,0,1,0,1
3465,550.0,2.038451773,3,398.35,9.77,9.17,59.07,8.78,95.27,1.76,4.45,6.89,5.85,2,25,178287.176,0,0,0,0,0,0,0
921,593.45,2.893924734,4,333.42,70.86,6.01,23.82,11.24,90.89,1.16,4.85,8.92,7.83,1,9,368814.4016,0,0,0,0,1,0,1
1552,714.31,1.0,5,380.52,32.9,5.5,73.3,28.85,92.22,1.7,1.56,0.67,1.1,1,26,381483.2368,0,0,0,0,0,0,1
6709,2084.71,3.364524651,2,752.92,38.97,9.27,53.43,0.89,97.56,1.26,9.76,10.0,8.1,1,10,642628.0949,1,1,0,0,1,0,0
1967,550.0,1.364391514,2,571.64,54.01,4.49,34.95,26.37,94.26,1.8,2.05,7.09,4.4,1,27,17001.24023,0,0,0,0,0,1,0
5884,1543.39,3.147573502,3,520.44,13.03,10.0,20.86,8.52,97.81,1.43,6.93,3.3,5.73,1,17,758176.2996,1,0,1,0,0,0,1
3631,980.86,1.592912204,4,717.95,31.73,5.76,14.69,23.59,93.12,2.04,3.15,7.36,3.98,1,5,296259.5186,1,0,0,0,1,0,0
5211,1175.07,3.083469021,4,175.45,26.41,8.58,44.08,11.09,95.87,0.79,4.79,10.0,6.6,2,10,498897.58,1,0,0,1,0,0,0
2779,863.31,1.724249683,2,502.33,52.52,4.7,80.9,0.42,92.74,1.77,4.84,2.77,2.94,1,12,110666.3063,0,0,1,0,0,0,0
4784,736.85,4.646032403,1,767.81,21.38,7.3,62.36,16.72,93.05,1.9,3.65,4.95,4.57,1,19,264272.6726,1,0,0,0,1,0,1
5523,1923.1,3.923181547,2,294.11,12.89,8.76,116.99,11.21,86.33,2.1,5.45,9.23,5.16,2,15,451685.4113,1,1,0,0,1,0,1
4228,1001.9,3.649819206,4,600.67,27.83,6.72,109.23,41.57,89.18,1.52,6.41,10.0,8.87,1,16,563708.0922,1,0,0,0,0,0,1
6989,1425.88,2.604980256,2,368.68,21.57,6.68,75.22,9.55,96.73,0.51,2.44,5.0,4.52,1,16,203016.0327,1,0,0,0,0,0,1
393,868.81,2.585261194,2,191.56,31.67,8.42,41.32,13.12,86.79,0.68,2.44,0.97,3.01,1,9,327942.3978,0,1,0,0,0,1,1
1634,550.0,1.917773456,3,290.65,27.16,6.97,108.3,0.82,92.38,1.09,1.27,8.98,5.07,2,6,126751.1874,0,0,1,0,0,0,1
270,550.0,1.422506502,4,641.16,41.81,8.73,93.13,45.79,98.0,1.73,4.0,7.62,7.99,1,20,110360.0506,0,0,1,0,0,0,0
551,795.02,2.608899077,2,505.39,39.19,6.88,8.31,14.3,96.51,1.86,3.73,2.78,1.83,1,6,115584.9538,0,0,0,0,0,1,1
1625,696.71,1.0,3,1109.8,50.24,7.01,56.54,31.78,96.92,1.4,3.22,9.13,6.97,1,10,59232.90194,0,0,0,0,1,0,1
2954,1205.99,1.0,1,507.84,9.83,7.33,29.47,6.05,92.38,1.46,4.2,3.89,4.52,1,17,5469.98901,0,0,0,1,0,0,1
5233,550.0,1.463550028,3,186.01,10.85,6.67,26.84,5.33,97.8,1.46,6.01,6.14,6.31,1,15,266364.5866,1,0,0,0,0,0,0
3682,1346.45,3.497067551,3,512.67,30.96,6.58,1.58,29.52,89.67,1.4,6.38,2.8,2.86,1,6,545052.0702,1,0,0,1,0,0,1
422,904.42,1.063157929,3,334.34,30.02,5.32,59.97,20.21,86.83,1.33,5.5,3.7,8.75,1,7,109717.6017,0,0,0,0,0,1,0
2912,625.65,1.744509507,2,685.97,40.4,8.74,27.11,25.94,96.55,1.41,5.82,5.1,4.33,1,23,109606.2878,0,0,0,0,1,0,1
3878,1010.05,1.107212124,3,673.64,27.42,5.1,79.32,11.09,91.13,0.11,3.28,8.19,6.35,1,6,284099.8239,1,1,0,0,0,1,0
6180,1709.82,2.304392896,3,1019.27,10.72,10.0,9.94,20.07,97.52,0.38,6.53,9.32,7.23,1,15,417754.9989,1,0,0,0,0,0,0
5518,929.42,4.30010942,4,579.92,31.51,9.43,100.87,9.36,97.89,1.43,9.0,10.0,7.33,1,17,719031.1603,1,0,0,0,1,0,0
703,734.27,3.059424717,2,162.63,59.12,4.45,16.96,20.45,96.05,1.12,3.37,1.81,6.77,1,23,258496.6181,0,0,0,0,0,0,1
3189,550.0,1.0,1,189.61,52.14,5.46,109.39,44.97,92.3,1.3,3.77,8.38,6.3,1,19,119853.3768,0,0,0,0,0,0,1
2600,1172.05,3.811829626,3,631.0,36.56,6.71,8.81,14.97,87.69,1.41,6.0,0.87,4.8,2,11,395076.5104,0,0,0,0,0,1,0
4443,873.22,2.430444246,3,246.33,34.65,7.29,12.23,8.43,91.47,2.38,6.4,5.36,7.53,1,20,325789.511,0,1,0,0,0,0,1
3053,550.0,1.263719781,3,284.84,35.03,6.42,6.12,29.69,98.88,2.38,7.71,3.43,3.03,1,11,134835.3143,0,0,0,0,0,0,1
5302,838.11,4.379021126,2,599.05,5.5,10.0,83.72,2.03,93.94,0.84,6.62,7.79,3.71,2,26,438612.6875,1,1,0,0,1,0,0
1666,550.0,2.521945674,3,322.83,25.89,7.57,80.67,18.43,94.06,1.35,4.73,5.54,6.32,1,11,111692.261,0,0,1,0,0,0,1
1335,550.0,1.0,3,163.98,48.13,5.63,81.83,25.94,85.44,2.31,5.12,0.68,4.28,1,11,113681.0813,0,0,0,0,0,0,0
194,1372.17,1.344599233,1,873.65,25.83,4.37,35.49,9.06,96.34,1.49,3.59,7.09,9.25,2,20,169037.4984,1,1,0,0,0,1,0
4146,1601.72,2.088294235,1,236.11,34.09,8.22,50.32,12.62,89.93,1.35,8.47,3.61,7.22,2,33,531206.0551,1,0,0,1,0,0,1
3880,1146.22,2.00608526,4,727.99,44.19,5.12,70.97,38.64,91.56,1.51,8.05,5.03,2.9,1,19,448610.4457,1,0,0,0,1,0,1
5913,716.61,3.259283549,5,995.09,6.22,8.32,18.49,16.95,99.9,1.1,4.99,6.38,3.8,1,30,419810.9548,1,0,0,0,0,0,0
659,550.0,3.060359665,2,748.23,54.61,7.06,70.55,16.36,99.9,1.53,3.51,4.1,5.04,1,25,76154.50877,0,0,0,0,1,0,1
3172,767.36,1.0,4,546.27,20.76,8.83,14.49,0.86,86.1,1.71,6.18,9.38,9.85,1,10,174388.173,0,1,0,1,0,0,0
3745,2203.77,3.478018275,3,537.82,17.2,7.45,76.93,30.1,90.96,1.23,8.95,6.12,8.53,1,15,561083.7763,1,0,0,0,1,0,1
361,550.0,4.325596641,4,378.65,45.75,7.82,25.55,25.2,91.14,1.76,8.89,7.66,9.98,1,15,341930.4411,0,0,0,0,0,1,1
2427,1164.17,2.647300829,1,353.24,51.56,5.51,52.9,12.84,89.68,1.45,2.55,6.05,4.1,1,31,84070.6852,0,1,0,1,0,0,0
5319,1999.12,1.667224541,2,460.22,65.74,5.03,11.6,28.31,96.0,1.88,4.39,6.03,4.94,1,25,500286.6337,1,0,0,0,0,1,0
6605,1666.04,2.300687403,4,369.84,5.77,7.35,120.17,34.31,90.93,1.95,6.21,4.0,6.63,1,6,449741.4688,1,0,0,0,1,0,0
2717,550.0,2.166835516,2,417.8,36.77,7.35,45.27,5.53,88.21,1.53,3.0,4.13,2.03,2,22,126800.3862,0,0,0,0,1,0,1
1126,998.15,1.974981366,3,583.62,23.69,6.1,34.62,10.82,93.42,1.4,5.91,3.55,3.01,1,15,222371.8723,0,1,0,1,0,0,0
2274,550.0,1.572007663,3,332.98,68.79,6.17,51.46,22.46,96.61,1.29,3.5,4.63,4.26,1,20,62957.37851,0,0,1,0,0,0,1
1020,938.83,2.917954998,3,382.79,65.14,6.51,42.26,20.26,94.75,1.46,3.48,3.07,2.79,1,15,280534.2135,0,0,0,0,0,1,0
2266,1074.67,2.188237447,3,779.04,20.57,7.67,49.21,0.23,90.12,1.36,3.85,5.0,4.72,2,23,186565.6936,0,0,1,0,0,0,0
2513,1036.9,1.751789166,3,496.63,17.3,4.72,26.95,15.39,96.85,1.26,5.25,2.27,7.56,1,13,191284.3764,0,0,0,0,0,1,0
5673,597.48,3.476424237,3,727.3,4.55,8.38,57.38,27.19,92.13,2.24,7.09,3.46,4.77,1,15,267205.1347,1,1,1,0,0,0,0
771,889.9,1.0,2,523.92,51.48,3.85,134.96,32.93,91.66,1.01,2.75,9.89,8.88,2,24,28818.18197,0,0,1,0,0,0,0
13,550.0,2.055341358,2,112.89,44.62,7.09,21.95,1.99,95.22,2.11,4.89,6.42,5.74,1,8,22.79598469,0,0,0,0,0,0,0
3509,660.82,3.759941146,5,347.39,5.77,6.74,2.58,23.43,99.9,1.89,6.18,2.93,6.29,1,11,646336.6601,1,0,0,0,0,0,0
5778,861.76,2.016768498,4,33.53,56.54,6.34,33.31,42.45,93.15,1.15,5.33,3.54,2.78,1,14,271429.5045,1,0,1,0,0,0,0
5382,1376.39,2.52478436,3,36.68,9.16,8.23,88.25,22.47,92.34,0.95,7.04,6.29,4.41,1,14,418335.9438,1,0,0,0,1,0,0
5615,1784.63,2.690317624,4,516.74,1.23,10.0,15.57,15.92,99.13,0.63,9.34,8.02,5.7,1,7,568771.652,1,0,0,0,0,0,0
2942,550.0,1.0,3,624.06,64.12,8.9,8.35,14.67,96.9,1.87,5.3,5.81,5.93,1,18,145759.364,0,0,0,1,0,0,0
3081,550.0,3.242699714,5,551.36,48.43,7.3,91.32,16.36,90.16,2.21,5.19,6.12,6.1,2,20,331910.059,1,0,0,1,0,0,1
133,1360.01,1.788751584,2,165.16,37.04,4.89,77.89,10.63,88.16,1.85,3.75,3.83,8.62,1,5,205424.9541,1,0,0,0,0,0,0
2084,1045.36,1.0,3,145.96,43.8,7.23,1.9,27.68,91.38,1.85,5.22,2.17,2.47,1,30,95530.94699,1,0,1,0,0,0,0
827,763.92,1.073691588,4,951.59,11.19,9.08,20.62,15.71,92.69,1.81,5.76,8.28,7.86,1,20,320731.7389,0,0,0,1,0,0,1
2951,550.0,3.984817066,2,738.71,28.49,6.01,14.02,0.67,93.73,1.05,2.76,3.56,2.73,1,13,172061.7121,0,0,0,1,0,0,1
4065,1237.47,1.484141366,3,70.59,55.38,7.22,105.76,35.18,95.78,1.03,3.7,6.31,3.85,1,16,241281.0325,1,0,0,1,0,0,0
777,1116.57,1.0,3,378.34,65.58,6.3,34.19,25.33,94.32,0.67,1.76,4.11,1.52,1,21,131213.4331,0,0,0,0,1,0,1
661,909.16,3.690257264,4,707.07,44.32,7.21,40.09,25.92,83.2,1.93,3.81,10.0,10.0,1,4,483317.3027,0,1,0,1,0,0,0
3026,1132.62,1.0,4,1216.87,41.11,6.47,104.55,34.0,96.14,1.63,5.53,5.6,9.37,1,20,212081.6219,0,0,0,1,0,0,1
4269,1636.28,2.548366988,3,964.29,24.94,10.0,11.8,16.8,95.6,0.95,7.65,6.69,8.65,1,18,435916.3472,1,0,1,0,0,0,1
5697,822.85,2.30205937,3,522.2,10.27,8.21,27.43,19.42,96.58,1.31,5.9,8.19,4.87,1,13,183285.3817,0,0,0,1,0,0,0
4245,919.65,2.077995301,3,1094.1,13.4,9.71,45.01,1.36,95.92,1.07,10.0,1.78,7.31,1,15,280670.5217,1,0,0,0,1,0,1
6627,1606.97,1.253391181,4,554.71,61.24,10.0,27.01,0.53,94.33,1.44,6.76,10.0,5.39,1,14,454518.8196,1,1,0,1,0,0,1
622,1060.93,2.423218143,3,360.62,50.43,8.57,0.85,4.06,99.32,0.92,5.87,1.11,3.72,2,31,237501.3884,0,0,1,0,0,0,0
4475,1003.46,1.415507828,4,307.94,22.64,7.22,55.32,7.32,90.16,1.85,5.03,5.1,9.95,1,11,395058.8132,1,0,0,0,0,0,0
4706,1834.29,2.124128197,4,436.26,16.0,8.48,18.69,15.82,99.9,1.77,7.53,0.93,5.74,2,48,472926.1053,1,0,0,0,1,0,1
227,956.19,1.0,4,620.13,6.59,7.24,70.15,3.54,95.85,1.29,4.81,2.13,7.92,1,9,40293.74876,0,0,0,1,0,0,0
1030,550.0,1.401532394,4,345.76,28.49,10.0,22.6,32.8,84.97,1.57,3.52,8.67,8.44,1,15,127405.3785,0,0,0,0,1,0,0
4507,550.0,1.943919579,4,1527.6,27.49,6.52,95.47,27.86,97.94,2.05,5.87,6.93,5.68,1,16,274526.3538,1,0,1,0,0,0,0
5303,550.0,1.942805946,5,951.96,13.52,9.61,69.83,15.6,92.67,1.27,8.92,9.57,9.95,2,17,325010.2062,1,1,1,0,0,0,0
593,620.57,1.0,2,341.6,36.93,4.09,5.2,50.86,98.69,2.0,2.99,10.0,6.53,2,15,118589.5297,0,0,0,1,0,0,0
6097,835.62,3.208137095,4,949.84,41.66,10.0,17.84,18.85,88.3,0.56,5.42,9.62,9.68,1,1,390226.8284,0,1,0,1,0,0,1
4410,1519.21,1.806553959,3,593.97,26.52,7.96,11.58,11.8,95.02,1.44,5.69,4.94,7.44,2,25,446155.9681,1,0,0,0,0,0,1
5766,550.0,3.609525564,3,357.44,3.34,8.9,49.7,19.18,94.73,2.13,4.47,6.96,5.38,1,19,237651.5078,1,0,0,0,0,1,1
4613,1362.44,3.287241569,3,1264.2,14.43,7.43,92.36,36.86,94.79,0.58,8.11,10.0,10.0,1,17,633783.7663,1,0,1,0,0,0,0
1922,1331.31,1.0,4,478.28,29.82,8.66,69.64,39.17,99.53,1.35,5.39,4.42,4.76,1,12,120318.0878,0,0,0,0,0,1,1
443,550.0,1.900055086,2,293.55,33.32,4.72,18.18,34.02,83.76,1.19,2.59,6.76,6.38,1,21,112458.3855,0,1,1,0,0,0,0
358,974.83,1.0,5,1077.11,35.04,7.04,78.71,4.58,98.13,1.3,5.94,3.96,3.73,1,30,268326.9731,0,0,0,0,0,0,0
6129,789.27,2.664533798,3,779.57,58.5,10.0,27.45,7.97,95.13,1.3,8.73,7.4,6.7,1,13,348235.3266,1,1,1,0,0,0,1
1293,572.31,3.74659242,2,467.86,3.74,7.24,109.38,13.07,94.04,1.05,4.49,8.54,7.78,1,18,217958.1962,0,1,0,0,0,0,0
998,979.38,1.0,2,311.11,21.42,6.23,26.79,11.65,96.84,2.14,2.66,7.53,7.28,1,7,197145.9458,0,0,0,0,0,1,0
6335,898.96,2.915972461,5,448.71,40.34,8.47,12.92,13.22,99.9,1.48,6.62,7.65,7.79,1,14,346332.6108,1,0,0,1,0,0,0
2332,1443.74,1.967673886,1,643.82,5.5,10.0,38.0,6.66,95.61,1.39,4.37,2.79,4.53,1,19,270496.6676,0,0,0,0,0,1,0
3078,1427.16,3.151038282,3,158.07,14.57,10.0,50.85,9.89,91.81,1.81,8.77,3.56,3.73,1,14,430257.3889,0,0,0,0,0,1,1
2886,1256.37,1.918574239,1,659.19,26.85,2.7,85.62,32.84,88.46,2.35,2.86,5.92,3.47,2,36,37348.57645,0,1,0,0,0,0,0
4814,1507.66,4.892005649,4,6.65,43.4,8.58,0.84,5.73,95.07,1.53,7.09,5.78,3.4,2,42,679566.0488,1,1,1,0,0,0,1
2006,894.61,1.096553518,3,191.89,40.59,8.05,27.97,3.02,91.29,1.93,5.2,7.86,7.28,1,13,197729.3597,0,0,0,0,0,0,0
191,1006.58,1.0,2,767.78,12.09,3.26,91.85,58.91,87.91,1.26,5.47,5.28,2.77,1,6,152571.5274,0,1,0,1,0,0,1
893,550.0,3.914265229,3,362.83,7.87,8.59,12.4,28.47,88.43,1.37,7.14,3.37,5.76,1,14,402759.8785,0,1,0,1,0,0,0
4184,1096.07,3.251896741,5,432.12,32.66,9.92,23.02,35.14,80.68,1.68,5.49,0.67,4.8,1,11,544312.2516,1,0,0,0,1,0,1
2999,605.01,1.417147037,3,474.55,43.92,4.74,92.74,19.35,97.08,1.6,3.44,4.3,5.68,1,14,36986.05814,0,0,0,0,0,1,0
2451,728.24,2.857099263,3,616.13,41.13,3.91,12.34,16.42,86.29,1.06,4.18,8.24,4.23,1,16,176247.1038,0,0,0,1,0,0,0
3504,1337.43,3.215213903,4,955.18,20.59,7.86,32.28,3.17,89.72,0.82,7.82,5.87,4.02,2,6,536039.3908,1,1,0,0,0,0,1
3933,671.38,1.028600172,5,504.15,17.83,7.48,35.76,1.22,89.65,0.88,6.29,10.0,6.48,1,23,428104.5703,1,0,0,0,0,0,0
6513,1464.35,2.932059069,4,494.9,31.06,7.54,26.06,16.04,97.92,1.15,6.43,5.5,5.0,2,56,403240.9882,1,0,1,0,0,0,0
6732,1022.52,1.99628771,4,327.59,18.7,9.07,74.58,24.48,99.9,1.53,6.08,9.01,7.29,1,14,251607.4599,1,0,0,0,0,1,0
4515,1435.66,1.0,3,728.82,23.38,6.95,35.8,19.71,94.96,0.97,6.42,2.87,1.87,2,30,416145.8491,1,0,1,0,0,0,0
256,1025.57,2.540399748,1,81.44,35.25,7.5,8.32,12.64,92.93,0.53,6.51,8.65,6.57,1,8,142722.0924,0,0,0,0,1,0,1
6122,933.34,2.214374649,2,590.33,20.44,10.0,9.81,1.25,89.69,1.15,5.97,3.12,5.72,1,5,247731.2391,1,0,0,0,1,0,0
3991,2114.0,4.308808129,4,820.65,10.6,10.0,2.54,10.9,99.9,1.41,8.02,4.63,6.28,1,21,659405.6193,1,0,0,1,0,0,0
6273,1227.08,1.215310662,3,257.05,30.55,3.41,26.32,2.67,93.1,1.44,6.81,5.06,5.7,1,14,372053.034,1,0,0,0,1,0,1
4637,1535.36,2.617771408,4,331.35,19.7,9.08,41.53,14.79,97.79,1.02,6.94,10.0,9.18,3,57,413093.881,1,0,0,0,1,0,1
5170,959.09,4.470381291,3,476.4,36.75,5.63,51.7,53.55,87.38,1.92,6.29,8.51,7.2,1,13,356448.481,1,0,0,0,1,0,1
2294,885.62,1.226401221,3,246.89,5.33,8.79,32.29,28.99,94.46,2.34,4.28,4.7,4.39,1,5,200560.237,0,0,0,1,0,0,0
1832,909.16,1.082539977,3,841.63,14.46,9.76,81.74,12.1,99.9,1.58,4.78,3.18,4.5,2,34,114450.9894,0,0,0,0,0,1,0
4052,1671.42,1.706549879,2,849.25,50.25,4.89,35.72,41.69,94.79,1.0,7.47,8.76,5.38,1,12,513197.8348,1,0,0,0,0,0,0
1037,550.0,1.21416602,3,1007.36,42.32,5.87,1.42,12.24,93.81,1.09,1.99,8.4,7.29,1,13,154720.3375,0,0,0,0,1,0,0
471,550.0,2.859258942,2,112.47,41.8,8.28,65.5,15.97,93.52,1.15,4.68,5.79,5.41,1,12,164650.3713,0,0,1,0,0,0,0
6692,966.94,5.108180638,3,674.08,6.77,5.15,58.14,2.06,97.52,1.04,5.44,8.05,7.25,1,16,490902.7079,1,0,0,0,0,0,0
6047,1209.54,3.874017399,4,773.02,12.29,9.06,28.92,16.46,86.93,1.48,5.7,7.97,6.81,1,19,520983.7149,1,0,0,0,1,0,1
759,811.12,1.0,4,545.38,6.38,5.2,2.97,25.99,95.74,1.38,3.73,6.55,5.83,1,15,50253.65036,0,1,0,0,1,0,0
4817,1508.17,3.353734666,2,550.37,11.22,7.4,46.01,11.28,97.25,0.94,8.17,8.46,4.68,1,17,394897.0588,0,1,0,0,0,1,1
851,1326.33,1.951293751,2,925.08,70.28,6.59,65.93,35.28,95.8,1.33,5.83,8.83,8.9,1,8,294356.8959,0,0,1,0,0,0,1
5136,1092.14,3.900964573,4,344.8,25.94,7.1,45.81,25.77,86.74,2.22,6.07,5.92,7.25,1,21,407807.2703,1,0,0,0,0,0,0
1364,550.0,1.415954189,3,396.2,39.23,4.08,90.28,24.25,92.89,1.68,2.2,5.45,6.4,1,16,120272.4573,1,1,0,0,0,0,0
6549,1054.36,2.933623316,4,187.51,61.83,7.89,27.29,0.34,91.23,1.51,5.76,0.81,4.1,1,18,331342.0645,1,0,0,0,0,1,1
4032,1027.19,3.508030758,3,34.8,55.38,8.6,126.28,9.04,99.01,1.49,4.61,2.55,3.13,1,21,549144.6811,1,0,0,0,1,0,1
891,550.0,2.281020695,2,622.5,24.53,7.37,18.87,6.01,90.75,1.88,3.52,6.25,8.54,2,19,-70.78192244,0,0,0,0,0,0,1
4320,748.14,2.544335809,3,1014.94,11.34,10.0,43.58,3.86,92.45,1.2,8.07,3.18,3.26,1,8,364583.6897,1,1,1,0,0,0,1
1715,1016.62,1.0,3,540.36,22.6,7.76,101.67,17.39,99.9,2.7,4.79,4.09,6.55,1,7,148042.7408,0,0,0,0,1,0,0
5375,845.18,2.860898774,3,451.68,30.0,7.06,36.84,17.98,95.11,1.19,7.3,8.66,6.49,1,23,317020.5206,1,0,0,0,0,1,0
4446,695.55,2.751710191,3,390.79,17.03,8.66,12.09,8.44,88.05,2.15,9.26,5.19,8.68,1,21,337599.7862,1,0,0,0,0,0,0
5361,1446.91,4.076681514,2,259.84,16.16,6.3,40.89,2.57,92.82,0.73,5.94,7.5,8.17,1,15,386291.2836,1,1,0,1,0,0,1
2147,616.19,2.166602488,3,76.39,39.64,5.9,17.41,16.1,86.37,2.08,6.65,8.83,4.83,1,28,261540.1198,0,0,1,0,0,0,0
3946,1008.9,3.86612899,4,604.24,34.79,6.08,3.98,12.23,96.47,1.56,4.77,6.93,7.25,1,17,423403.7187,1,0,0,0,0,0,0
4984,661.11,2.775331157,4,400.51,44.34,8.26,13.16,13.2,92.13,0.36,4.09,3.88,7.05,2,18,289175.2005,1,0,0,0,0,0,1
335,550.0,1.0,3,747.1,21.83,6.91,2.05,7.37,93.09,1.76,3.72,4.32,5.14,1,16,164331.3564,0,0,0,0,0,0,0
1121,1140.39,1.0,3,143.04,16.33,5.77,70.95,4.32,91.62,1.42,1.3,9.28,10.0,1,15,232216.3718,0,0,0,1,0,0,1
3522,1594.17,1.591472321,4,567.07,0.05,10.0,25.66,10.42,98.1,2.14,6.74,10.0,10.0,1,11,812591.7859,1,0,0,0,0,0,0
2088,550.0,2.560982423,3,517.85,57.03,4.84,29.76,7.06,90.42,1.65,4.55,6.26,7.46,1,8,264445.7938,0,1,0,0,0,1,1
4214,1130.98,3.349106902,3,728.38,7.6,7.16,72.66,26.38,88.87,1.08,5.89,1.31,5.88,1,6,575282.8217,1,0,1,0,0,0,1
2313,550.0,2.385126613,2,429.64,58.68,7.07,66.79,2.18,90.06,1.55,1.7,5.02,5.89,1,5,133326.609,0,0,1,0,0,0,0
5564,890.77,3.102525723,4,651.7,28.89,8.95,5.99,5.94,99.9,1.42,5.29,6.22,3.68,2,26,463833.2553,0,0,0,0,0,1,1
1789,786.95,1.027396392,3,938.74,14.92,7.88,74.98,27.2,95.86,1.55,5.75,3.04,3.35,1,22,12933.79057,1,0,0,0,0,0,0
6763,1273.23,3.155295744,3,351.19,23.78,6.77,41.57,22.23,90.11,1.55,4.0,5.93,5.39,1,4,338932.2149,1,0,0,0,0,0,0
4299,2054.6,2.423509641,1,217.02,6.62,7.77,100.16,8.65,93.5,1.67,5.11,4.15,4.98,1,23,449067.9588,1,0,0,0,0,1,0
919,966.05,1.796684976,3,366.65,56.62,9.4,7.85,40.41,93.52,2.18,2.9,3.65,7.83,1,13,43032.2054,0,0,0,1,0,0,0
5741,691.22,2.233119991,3,45.06,26.23,9.11,73.12,8.23,86.7,1.14,1.99,5.5,6.07,1,17,272769.9983,1,0,0,0,1,0,0
2579,550.0,1.993146011,3,1032.22,1.51,7.27,41.09,28.83,94.62,1.25,3.39,10.0,8.14,2,41,90666.83526,0,0,0,0,0,0,0
4741,2369.85,1.322640965,3,403.31,22.5,9.32,12.49,6.68,97.11,1.95,7.84,5.35,3.59,1,18,346170.5393,1,0,0,0,1,0,0
4837,1584.58,3.362106368,5,536.1,15.3,7.45,18.74,3.11,86.05,1.32,5.85,9.87,7.07,2,19,728401.0235,1,1,0,1,0,0,0
306,550.0,1.0,2,419.16,24.11,7.56,7.0,13.14,91.0,2.09,2.77,3.51,1.39,1,11,55537.75231,0,1,0,0,0,0,1
1249,1140.4,3.19354156,2,880.79,39.11,5.44,98.33,6.69,89.08,2.08,6.99,5.48,3.36,1,11,216470.9756,0,1,0,1,0,0,0
3463,1055.81,1.447853097,2,39.81,6.77,6.14,2.64,11.78,86.57,0.8,3.04,5.38,7.52,1,16,99288.96054,1,1,0,0,1,0,0
5737,688.68,2.028709986,4,708.18,40.08,9.02,24.33,38.13,99.9,1.32,7.09,10.0,8.99,1,29,240599.9274,1,1,1,0,0,0,0
2911,1244.03,2.280305903,3,711.89,32.26,8.08,43.9,11.44,91.67,1.26,6.45,3.05,5.09,2,25,285215.6321,0,0,0,0,0,0,0
5284,1058.22,1.0,3,354.82,30.52,6.75,64.54,24.74,99.9,0.88,5.3,7.03,7.88,1,17,269173.0222,1,0,0,0,1,0,1
4517,651.16,1.947021959,3,669.6,2.35,9.77,21.52,22.68,97.23,1.69,5.59,9.04,8.33,1,24,288953.9379,0,0,0,0,1,0,0
3626,722.64,2.159495199,4,254.76,40.79,4.4,81.42,46.05,94.02,1.9,4.24,10.0,7.0,2,14,206763.2668,1,1,0,0,0,1,0
6201,550.0,2.916843211,5,687.77,48.87,8.02,64.67,4.74,96.07,1.01,6.47,7.2,7.33,1,10,449834.0884,1,0,0,0,1,0,1
4067,2161.12,4.423193106,2,169.74,31.7,8.22,84.31,17.59,98.35,1.4,8.37,1.02,6.37,1,10,840823.6485,1,1,0,0,0,1,0
3948,1865.6,4.15925944,3,840.77,45.47,7.82,10.43,14.07,93.69,0.91,6.84,9.86,9.19,1,6,855936.0936,0,0,0,0,0,0,0
2236,1190.94,2.787787502,1,605.16,7.87,7.95,69.0,16.09,99.9,1.78,4.5,5.1,5.77,1,21,51748.07108,0,0,0,0,1,0,1
710,1142.69,1.530547627,3,260.16,33.77,8.11,45.29,15.37,92.45,1.45,4.47,5.75,7.56,1,14,158543.5124,0,1,0,0,0,1,0
4673,1708.43,2.533567661,3,673.86,35.68,8.29,85.52,8.14,88.64,0.66,6.48,4.56,5.14,1,7,453310.583,1,0,1,0,0,0,0
6537,765.5,4.302962589,3,236.65,40.87,6.43,18.81,20.06,88.26,1.89,5.43,4.74,8.41,1,15,347852.9497,1,0,0,0,0,0,1
2929,780.68,1.0,4,2.8,38.73,7.58,11.78,42.23,94.34,1.31,3.91,9.06,9.25,2,36,169989.0077,0,1,1,0,0,0,0
3834,2163.35,3.986764045,4,929.43,15.63,10.0,51.36,5.76,92.41,1.51,7.87,10.0,10.0,1,18,663990.8033,1,0,0,0,0,1,0
5559,710.11,4.323532508,3,76.79,55.99,5.96,19.9,13.48,88.58,0.84,5.87,5.16,5.9,1,14,501171.7544,1,0,0,0,0,1,0
789,839.39,1.0,3,426.97,25.97,6.27,67.81,28.17,94.49,1.48,3.93,2.02,2.24,1,10,157712.7006,0,0,1,0,0,0,0
1012,748.24,1.390644092,3,109.07,7.19,9.69,56.47,8.84,90.36,2.25,6.94,5.87,3.13,1,16,217387.6399,0,0,0,1,0,0,0
6099,1540.63,2.421456765,4,139.27,7.57,8.8,47.18,11.74,94.81,1.87,7.02,9.43,9.01,1,19,371638.3454,1,1,0,1,0,0,1
2699,550.0,1.628030752,4,1124.4,40.11,6.36,19.73,13.54,89.28,1.02,5.04,10.0,8.4,1,19,111571.7366,0,0,1,0,0,0,0
6218,1898.45,3.565527184,3,820.16,29.46,6.75,31.71,21.2,95.09,2.15,7.63,8.12,7.05,1,17,575478.5743,1,0,0,1,0,0,1
2112,550.0,1.0,3,605.29,10.07,3.12,31.63,19.86,93.55,2.21,3.58,1.76,6.46,1,18,-2327.634289,0,0,0,0,0,1,0
6304,1029.28,4.424372017,4,823.45,15.57,9.29,53.3,5.63,96.52,0.99,8.59,5.34,4.55,1,9,486837.4956,1,0,1,0,0,0,0
6505,1318.62,4.689205413,1,310.06,3.55,7.43,62.67,25.8,88.08,1.71,4.49,5.67,4.89,1,8,378580.8974,1,0,0,0,0,0,1
2914,1314.72,1.0,2,765.95,59.41,7.65,7.83,7.51,88.73,1.38,3.8,7.64,9.36,1,12,131432.2131,0,0,0,0,0,1,1
1587,1068.3,1.0,3,629.24,38.4,4.16,24.07,22.23,91.87,2.2,5.96,8.17,6.01,1,17,193122.5853,0,0,0,0,0,0,0
1441,776.64,2.686526022,3,574.18,23.16,6.22,47.78,17.25,89.03,1.87,7.49,8.51,6.3,1,14,329569.1663,1,0,0,0,0,1,1
1613,1025.84,1.708735613,3,281.77,13.57,5.03,30.3,20.69,96.57,1.9,5.84,5.53,7.25,1,12,190206.1275,1,0,1,0,0,0,1
1603,1017.19,1.703067719,2,300.08,18.21,5.79,46.61,3.9,89.36,2.07,5.13,7.76,5.76,2,48,210598.8555,0,0,0,0,0,0,0
6981,1836.82,2.233311528,2,65.31,1.41,7.05,87.98,41.74,95.37,1.37,4.79,0.98,2.36,1,21,200966.1803,1,1,0,0,0,0,0
5585,2721.32,2.161922667,4,543.35,16.07,7.82,42.43,3.2,92.49,2.27,7.45,1.17,4.3,1,21,962842.7788,1,0,1,0,0,0,1
2746,564.94,2.93355964,4,805.94,26.65,6.3,75.26,13.27,95.77,1.76,5.98,5.46,5.79,2,23,311250.5372,1,0,1,0,0,0,0
316,1182.5,1.0,2,456.78,35.23,4.67,39.73,31.3,95.51,1.52,1.18,1.11,4.67,1,14,79471.8968,0,1,0,0,0,1,0
4737,1146.1,3.210347979,4,372.7,9.97,9.58,33.8,6.75,96.35,0.97,6.52,2.19,4.98,1,15,339590.2364,1,0,0,0,0,1,0
5134,1322.13,1.064508593,4,438.24,39.86,6.61,6.34,19.99,99.9,1.8,6.94,9.94,7.13,1,7,300866.2822,1,0,0,1,0,0,0
6306,1454.36,3.310696548,2,643.19,6.68,10.0,42.47,10.29,97.35,2.51,5.0,10.0,7.61,1,18,329781.9,1,0,0,0,1,0,1
3786,1522.53,2.090728194,2,470.29,7.08,5.87,28.2,11.06,93.24,1.74,2.49,2.54,3.7,1,12,313783.1701,1,0,0,1,0,0,0
330,882.35,2.508779318,2,663.78,38.72,6.22,90.68,16.03,91.56,1.84,3.46,2.39,6.29,1,11,79451.59788,1,0,1,0,0,0,0
3017,959.84,3.726870422,3,398.1,2.65,7.68,95.46,2.47,99.9,1.88,8.31,6.84,8.59,1,16,259838.7877,0,0,0,0,0,0,0
1673,968.63,1.0,3,955.04,16.35,6.59,43.74,12.92,98.05,0.53,4.79,3.01,2.41,2,37,131509.4889,0,0,1,0,0,0,1
5801,1542.26,1.276054731,3,991.18,45.74,6.68,36.64,31.53,89.82,0.72,5.2,8.67,7.71,2,6,280898.3741,1,1,1,0,0,0,0
6338,1575.75,1.370659077,4,399.43,58.72,8.22,17.91,15.66,90.62,1.51,5.66,6.39,9.24,1,9,447840.0006,1,0,0,1,0,0,1
1498,1096.85,1.544556005,3,486.18,52.0,3.4,113.55,13.98,88.63,1.2,2.14,7.49,8.24,1,7,199218.9188,0,0,1,0,0,0,0
32,550.0,3.447562831,2,604.13,9.3,5.59,18.49,21.06,92.7,1.51,5.1,6.74,7.78,1,21,251942.6485,0,0,0,1,0,0,1
5480,1206.11,1.0,3,433.88,40.39,7.68,35.12,8.83,94.14,1.21,3.89,3.26,6.49,1,12,223214.5217,1,1,0,1,0,0,0
4556,550.0,2.763766948,3,214.99,30.25,4.92,93.89,1.79,99.9,1.51,5.71,2.42,3.64,2,35,236896.5935,0,0,0,1,0,0,1
3869,1625.16,3.028925352,4,583.95,42.91,9.48,39.49,14.75,97.18,0.93,8.96,6.05,3.68,1,15,556506.8283,1,0,0,0,0,0,0
4636,760.03,3.537338211,5,591.83,0.98,8.04,57.29,13.43,86.52,0.73,4.03,9.04,5.87,1,16,435630.4415,1,0,0,1,0,0,0
3277,684.2,1.0,4,625.16,32.37,7.66,10.43,19.72,93.44,1.44,4.83,4.38,6.78,2,35,225637.9041,0,0,0,0,1,0,0
4431,1095.74,4.360224712,4,493.76,70.56,8.79,83.88,1.84,99.9,2.07,9.88,8.56,5.19,1,5,543190.5624,1,1,0,1,0,0,1
4200,964.37,3.32549664,2,750.08,24.98,6.12,15.99,21.3,96.82,1.87,3.46,6.14,6.68,1,8,237509.4955,1,0,1,0,0,0,1
3206,550.0,1.755986389,3,458.77,28.06,6.39,131.75,35.61,86.7,1.78,4.82,4.24,5.18,1,18,189470.2825,1,0,0,0,0,1,1
1438,1251.87,2.773043133,2,1153.38,27.86,7.96,139.4,7.11,93.9,1.29,5.8,5.38,4.77,1,9,265740.0434,0,0,0,1,0,0,0
6291,981.82,1.622687773,4,690.83,66.23,6.5,36.44,15.22,91.0,1.26,2.22,6.28,5.07,1,10,327643.5097,1,0,0,0,0,0,0
4980,2468.58,2.689370726,3,819.54,61.91,6.22,66.1,13.04,88.0,0.72,5.89,1.31,6.24,1,16,551555.7768,1,1,0,0,0,0,1
1476,1611.13,1.5512826,3,289.96,33.11,4.36,40.11,14.03,86.54,0.72,4.23,5.19,5.59,1,18,135249.1294,0,1,0,0,0,1,1
3071,868.62,1.5528157,3,206.64,30.34,10.0,24.76,7.67,99.9,1.79,6.04,2.04,2.89,1,16,63591.73286,0,0,1,0,0,0,0
663,550.0,2.985802473,2,459.52,40.7,7.41,81.78,3.02,95.76,1.2,5.86,4.65,5.01,1,16,145812.2752,0,0,0,1,0,0,1
2907,778.08,1.600572752,2,282.42,48.16,6.0,106.08,38.65,90.93,1.77,2.23,0.96,2.0,1,9,30538.79064,0,1,0,0,0,0,0
1010,1117.43,2.398695573,2,546.97,32.53,7.09,42.19,31.63,91.03,1.59,3.7,10.0,6.83,1,22,86268.49103,0,0,0,0,0,0,0
1333,550.0,2.892894233,2,902.64,18.54,4.88,79.95,10.27,91.38,0.97,3.95,6.08,5.46,1,21,96629.1285,0,0,0,0,0,0,1
4319,1227.28,2.31019085,3,220.51,17.46,7.82,9.8,6.4,97.76,0.88,6.34,8.03,8.17,1,21,295875.2316,1,0,1,0,0,0,1
3227,818.79,1.0,5,897.01,7.0,9.72,67.91,29.5,99.9,1.35,8.61,4.37,7.67,1,8,272647.8402,0,1,1,0,0,0,0
1141,764.24,1.0,2,664.94,21.28,8.25,4.06,12.9,99.9,1.81,3.68,7.59,1.83,1,4,15891.48035,1,0,0,1,0,0,1
2928,1247.13,1.041990891,2,570.45,56.62,6.4,66.28,11.14,95.19,1.95,5.83,4.79,6.49,1,2,133145.9071,0,0,0,0,1,0,0
2049,1328.73,1.0,2,753.97,19.06,3.7,72.13,19.23,83.77,1.94,1.85,5.56,2.7,1,23,70347.32845,0,1,0,0,0,1,0
2947,1330.24,3.285817313,1,573.49,37.93,6.96,64.0,10.25,99.9,1.26,5.02,1.08,1.72,1,16,202162.6814,0,0,0,1,0,0,0
5051,1190.85,1.999828764,2,1137.73,30.75,7.22,111.7,22.38,90.98,0.13,5.55,6.87,7.01,1,21,262399.431,1,0,0,1,0,0,0
5218,1469.8,3.000279792,2,516.4,29.53,9.25,25.07,23.8,99.9,1.06,9.02,7.47,8.18,2,20,384927.697,1,0,0,1,0,0,0
932,1097.77,2.001428024,3,231.1,44.76,5.52,0.53,36.67,88.76,1.47,3.05,6.86,5.77,2,15,311849.2042,0,0,0,0,0,0,0
1608,550.0,1.837786078,2,544.57,20.38,5.96,30.74,24.17,94.31,1.05,0.47,3.92,5.35,1,20,147723.697,1,1,0,0,0,0,0
6604,1657.16,1.93157626,2,569.12,21.5,8.79,47.24,0.82,88.35,1.48,5.91,9.98,7.79,1,13,387786.4149,1,0,1,0,0,0,0
5859,1674.78,1.68144751,3,126.6,67.71,4.92,35.09,23.0,88.65,2.27,6.05,5.98,4.32,1,18,345753.6257,1,1,0,0,0,1,1
6560,1293.75,1.165913477,2,421.62,35.97,6.32,64.71,5.4,93.73,0.92,5.62,8.32,4.49,2,23,209219.0844,1,1,0,0,1,0,0
1140,981.93,1.0,2,606.82,44.51,7.24,59.57,30.89,98.1,2.08,3.84,1.58,3.3,1,0,51202.84371,0,0,0,0,0,0,0
6554,1406.52,3.431923988,3,283.62,60.14,9.08,78.16,11.36,92.03,1.18,9.07,5.5,4.23,1,22,454063.3866,1,0,0,0,1,0,1
4845,1410.69,2.905266983,4,798.17,30.22,9.29,101.07,36.15,93.5,1.71,7.34,7.5,7.25,1,13,470612.8211,1,0,0,0,1,0,0
5364,885.44,1.0,4,259.07,46.62,9.44,81.36,40.54,87.58,1.18,6.59,4.63,6.18,1,18,256246.1356,1,0,0,0,1,0,0
2107,550.0,1.789850862,3,304.02,61.17,1.35,49.71,37.11,96.37,1.88,4.53,7.93,9.2,1,25,55533.93801,0,1,1,0,0,0,0
2837,1014.03,2.128532669,3,396.61,47.7,10.0,73.66,9.11,95.51,1.9,4.06,5.38,2.52,1,12,213219.0172,0,0,0,0,1,0,1
4727,1731.68,4.787384886,2,737.01,27.41,3.33,27.02,7.53,94.68,1.48,7.27,10.0,8.07,2,29,688242.854,1,0,0,1,0,0,0
772,823.51,3.22873104,3,860.47,25.85,6.29,55.39,49.65,99.9,1.46,5.44,2.76,6.78,1,9,324235.4549,0,0,0,0,0,1,1
5009,1212.97,1.828237036,4,663.54,8.45,7.82,26.2,20.71,95.62,1.02,7.63,2.93,4.83,2,27,652068.429,1,1,0,0,0,1,1
1533,602.62,1.846221545,3,660.76,33.84,6.38,142.63,24.74,96.55,1.64,7.35,1.77,4.96,1,18,94634.57747,0,0,0,1,0,0,0
1427,914.6,2.423921384,4,547.89,39.49,6.65,73.19,19.66,92.79,1.13,4.35,8.03,7.56,2,20,294980.0567,0,1,0,0,1,0,1
5955,1112.53,2.695156693,4,646.41,68.92,7.46,46.19,4.67,91.94,2.44,4.56,1.52,6.43,1,14,346051.8053,1,1,0,0,1,0,1
3794,1687.73,2.51695277,3,760.11,22.96,8.4,44.3,12.25,95.58,1.24,3.4,5.3,4.66,1,11,503492.2847,1,0,0,0,1,0,0
6954,1695.37,2.05493614,5,599.6,62.82,10.0,17.73,3.74,94.01,1.46,6.56,6.11,5.4,1,4,520606.0285,1,0,0,0,0,1,1
3404,1002.82,1.176266874,3,1139.61,10.88,8.51,71.4,19.99,96.57,1.73,4.15,0.29,5.99,1,6,187160.2691,0,0,0,0,0,0,0
2625,672.46,2.147579669,2,292.67,42.51,4.47,138.06,23.04,85.39,1.16,2.68,0.7,2.81,1,6,88332.07487,1,0,0,0,1,0,0
6738,1626.92,2.742406586,4,72.4,21.31,7.52,17.3,19.83,88.62,0.94,5.5,8.49,9.97,2,21,615969.7036,1,0,0,0,0,1,0
749,993.55,2.187321784,2,775.57,1.46,6.4,43.82,20.5,90.78,1.39,0.98,2.14,7.46,1,11,106264.5025,0,0,0,0,0,0,0
5891,1194.72,4.085573027,3,946.89,31.38,6.65,49.07,8.36,93.42,1.71,7.96,3.38,2.66,1,1,428980.3789,0,0,0,0,0,1,0
83,550.0,2.322188274,2,406.06,28.88,5.19,54.2,20.71,96.16,1.3,3.94,4.65,2.85,2,25,40438.92549,0,0,0,0,0,1,1
5875,1128.87,1.947902626,4,446.52,39.81,6.92,9.6,12.12,93.43,0.97,1.54,9.79,3.7,1,20,287446.3584,1,0,0,0,1,0,0
4492,1569.16,3.245686464,2,819.59,11.91,8.43,122.54,14.02,95.36,1.31,7.51,6.52,4.36,1,19,565744.2059,1,1,0,1,0,0,1
128,1765.19,1.0,1,1019.86,41.8,5.98,7.49,9.99,86.42,2.04,5.84,9.81,7.21,1,15,209479.8954,0,1,0,0,1,0,0
2523,836.62,2.483094646,3,555.84,7.86,8.32,62.4,32.78,90.35,1.57,3.99,2.88,6.09,1,15,189315.0762,0,0,0,0,0,0,0
6769,1153.69,1.0,6,509.64,0.81,10.0,63.0,27.35,99.9,1.52,4.86,10.0,9.32,1,13,519361.5227,1,0,0,1,0,0,0
1431,965.39,1.0,2,895.86,35.35,5.84,57.21,0.91,97.6,2.25,4.27,9.11,8.11,1,16,66921.81516,0,0,1,0,0,0,0
2182,800.9,1.846079913,2,165.31,27.05,5.34,85.34,21.72,99.9,1.15,3.26,5.4,6.92,1,9,119731.9856,0,0,0,0,1,0,0
1852,794.16,4.136736456,3,213.83,32.69,7.56,108.68,21.95,99.9,1.54,4.99,2.02,3.57,1,24,346963.3248,0,1,0,0,0,1,0
4709,1877.32,1.150800222,4,419.72,33.74,7.77,7.47,18.95,86.71,0.88,4.08,5.17,0.53,2,24,375468.1759,1,0,0,0,0,1,0
4898,813.95,1.0,4,923.03,52.5,8.29,18.46,5.62,95.14,1.06,4.99,4.12,5.35,1,4,243267.6447,1,0,0,1,0,0,1
6824,1057.59,2.880240863,2,302.05,18.67,5.92,52.69,25.17,99.9,0.26,7.09,9.38,7.53,2,37,360638.4781,0,0,0,1,0,0,0
5546,1689.2,3.186458837,3,740.25,14.54,10.0,49.5,4.98,93.31,1.19,9.83,4.7,5.38,1,20,464489.8132,1,0,0,1,0,0,1
4646,1076.92,1.0,2,2.04,28.23,3.84,82.35,8.37,95.4,1.68,5.44,7.91,7.32,1,13,154221.0775,1,0,1,0,0,0,0
522,1029.9,1.650789666,1,1071.09,34.01,4.65,27.01,25.25,89.98,1.38,4.45,5.0,5.37,1,10,16490.42102,0,1,0,0,1,0,1
1545,790.7,3.788925989,2,498.91,38.64,4.06,86.05,41.41,93.65,0.93,4.82,1.61,2.62,1,19,189668.507,0,0,0,0,0,0,1
5238,550.0,3.183213643,3,556.16,13.0,8.29,61.36,1.59,88.51,1.16,8.57,8.72,8.1,2,14,360621.7399,0,0,0,1,0,0,0
2295,1197.83,2.071696865,2,243.29,62.44,10.0,42.09,18.08,91.58,1.26,5.18,4.05,3.48,1,20,193693.3198,0,0,1,0,0,0,0
4468,1109.92,3.385734939,4,433.56,48.72,7.28,23.01,32.78,99.7,0.98,8.21,9.1,8.44,1,10,509201.5224,0,1,0,0,0,1,1
1301,1228.04,1.0,1,356.58,55.3,3.84,88.19,14.73,86.9,1.42,3.27,8.49,6.8,1,15,8978.396417,0,0,0,0,0,1,1
111,795.13,1.303982161,3,1110.65,46.56,6.55,35.57,11.55,92.9,1.87,5.19,5.27,6.25,2,16,168800.3902,0,0,0,0,0,0,1
478,579.11,2.186502328,3,503.17,25.53,5.05,112.41,9.67,82.98,1.53,4.48,6.19,7.28,2,36,153724.981,0,0,0,0,1,0,0
5904,1674.24,2.222896792,3,425.64,29.0,7.83,58.29,24.63,92.56,1.99,4.82,8.3,5.22,2,48,281675.2183,1,0,0,0,0,0,0
4281,1339.34,1.392536058,5,508.8,41.49,8.1,5.21,18.88,99.9,0.59,4.15,8.69,4.71,1,10,754693.8442,1,0,1,0,0,0,0
6331,723.81,2.12850184,5,240.35,39.84,10.0,58.92,14.58,95.86,1.49,4.97,10.0,7.67,1,17,494260.0922,1,0,0,1,0,0,0
657,808.7,2.269241016,3,585.36,52.03,6.07,54.35,55.19,91.3,1.1,5.33,1.65,5.21,2,13,177254.0215,0,1,0,0,0,1,0
3771,1411.64,2.950652426,3,247.03,21.64,6.11,65.61,23.17,93.73,1.4,5.33,7.69,3.8,1,14,360131.5249,1,1,0,0,0,0,1
5555,1771.39,2.568685816,3,839.52,46.83,9.0,35.27,21.34,90.17,2.05,5.74,7.42,8.45,1,13,432474.6822,1,1,0,0,0,1,1
4958,1534.65,1.064910534,3,1016.86,31.14,7.95,41.16,9.93,96.3,1.82,6.86,3.38,7.54,1,15,251874.8245,1,0,0,0,0,1,1
3622,1284.7,2.737646817,2,453.26,28.69,6.55,45.37,11.43,96.58,0.8,1.66,4.48,2.94,1,18,479977.5765,1,0,0,0,0,0,1
3178,550.0,1.618054583,1,205.89,22.5,4.98,51.13,18.35,92.24,0.22,0.34,0.72,4.68,1,13,158123.3829,0,0,0,0,0,1,1
856,982.12,1.270575293,2,906.47,37.93,8.64,120.0,22.46,81.31,1.61,4.05,3.2,4.74,1,10,94574.73851,0,1,1,0,0,0,0
6278,1271.07,3.513550093,4,1200.19,2.22,10.0,64.13,2.2,98.1,1.19,5.37,7.21,6.89,1,10,660383.1508,1,1,0,1,0,0,0
4888,1325.57,2.663115352,3,793.98,2.07,9.06,51.99,24.83,99.9,1.63,7.06,5.73,3.93,2,28,537940.8121,0,0,1,0,0,0,0
5651,1113.87,3.547823773,5,454.43,36.02,6.17,77.3,0.82,94.65,1.81,3.77,3.01,3.91,1,13,529442.9941,1,0,0,0,1,0,0
5316,1811.08,2.098724758,5,856.26,57.76,10.0,19.48,18.66,97.4,0.87,7.12,6.17,7.37,1,6,655635.0956,1,0,0,0,0,0,0
5385,805.96,2.191173501,3,844.53,47.19,7.35,3.85,30.4,98.24,2.55,6.17,8.76,8.1,2,30,256491.0536,1,0,0,0,0,0,0
1432,976.06,2.239183074,2,692.25,10.8,6.02,8.45,13.46,99.9,1.51,3.32,7.42,3.16,1,14,152674.0331,0,0,0,0,1,0,1
748,550.0,2.187367358,2,96.25,48.45,8.59,81.32,29.88,92.3,1.59,6.36,10.0,4.95,1,-2,25503.50346,0,0,0,1,0,0,0
2030,707.65,2.453391282,3,283.43,37.73,4.75,56.74,9.3,88.86,1.71,7.82,5.62,5.23,2,11,510563.7093,0,0,0,1,0,0,0
4424,1467.32,1.166838317,3,556.03,11.02,7.79,49.6,19.82,94.79,1.55,5.6,1.98,4.68,2,39,505096.9148,1,0,0,1,0,0,0
3455,679.29,1.0,2,889.96,24.35,2.83,63.3,17.88,89.26,0.81,0.64,4.91,7.8,2,37,177467.5749,0,0,0,1,0,0,0
2352,960.83,2.062982041,2,448.31,45.95,9.23,26.01,11.82,94.96,1.82,4.91,2.12,4.74,1,15,160910.6681,0,0,0,0,0,1,0
3298,769.45,3.163201336,2,89.63,30.9,3.44,44.19,18.28,99.09,2.44,5.54,2.16,5.54,1,20,269591.7671,0,0,1,0,0,0,1
2594,576.65,2.97330905,3,296.65,26.53,3.78,60.78,29.33,87.81,2.01,1.89,3.47,7.55,1,11,247070.4983,0,0,0,0,0,1,0
4073,1604.98,3.553861449,4,1003.18,56.09,5.58,4.37,12.33,91.02,1.62,3.43,7.49,8.43,1,15,487162.7012,1,0,0,0,0,1,0
5920,959.52,4.171585155,3,579.14,43.99,10.0,19.73,6.79,94.27,0.72,4.63,3.24,7.71,2,47,416438.3391,1,0,0,0,1,0,0
1919,1610.1,1.343067628,1,98.2,61.7,4.85,44.86,9.59,99.9,1.81,5.64,4.54,6.46,1,17,116324.1925,0,0,0,0,1,0,0
4828,696.62,1.058622749,3,675.25,40.39,5.32,3.5,17.66,97.48,1.88,4.3,6.92,6.51,1,9,171184.1075,1,1,0,0,1,0,0
2878,550.0,1.766617348,2,453.98,35.2,4.59,41.17,3.57,92.79,1.47,3.61,6.98,5.33,1,12,102507.2959,1,0,0,0,1,0,1
6235,1860.6,3.584327693,4,554.25,45.16,7.72,41.9,11.43,96.2,1.17,9.59,5.27,5.82,1,9,486335.9738,1,0,0,0,1,0,0
353,1655.49,2.058318642,3,607.94,9.66,5.15,14.08,6.03,94.35,1.55,3.8,2.95,6.41,1,21,376378.7618,0,0,1,0,0,0,1
4543,1116.92,1.64082445,3,522.11,29.75,6.11,15.31,44.16,92.34,0.35,5.56,6.61,8.46,1,15,264522.6406,1,0,0,1,0,0,1
107,908.42,1.0,3,14.54,48.12,7.15,51.58,27.84,92.13,1.58,3.63,5.6,3.08,1,18,77579.26262,0,0,0,1,0,0,0
6578,1318.16,4.38601389,3,785.01,2.85,9.07,43.18,1.5,92.01,1.24,6.77,7.27,7.85,1,8,483387.5956,1,0,0,1,0,0,0
2985,637.96,1.668226322,1,9.81,19.21,5.34,47.05,0.67,95.13,1.56,3.87,3.23,7.35,2,57,27769.83061,1,0,0,0,0,1,0
120,550.0,1.058823299,3,404.19,45.38,2.95,49.09,15.7,92.05,2.03,4.13,2.1,6.25,1,23,119905.8368,0,0,0,0,1,0,0
364,945.51,2.408829723,4,585.59,4.92,9.8,28.81,12.59,91.57,2.04,6.9,4.82,4.96,1,5,510196.8094,0,1,0,0,1,0,1
6214,2275.85,2.98733692,4,421.72,64.88,5.17,12.03,23.25,93.82,1.57,4.96,6.62,7.22,1,15,635160.9836,1,0,1,0,0,0,0
1644,1062.03,2.554509378,4,248.15,35.38,7.43,28.6,33.31,95.82,1.59,6.07,4.79,3.3,2,27,287530.9258,0,1,0,0,1,0,1
3590,1778.46,1.0,5,657.76,63.4,8.52,53.84,3.29,91.84,2.32,5.5,4.95,3.39,1,22,727254.452,1,0,0,0,1,0,1
872,785.06,1.450224529,1,165.5,51.01,5.64,46.28,18.88,87.1,1.55,4.97,6.21,8.42,2,19,30300.22859,1,0,0,0,0,0,0
898,550.0,1.18557398,2,459.12,31.68,6.91,43.19,34.65,94.78,2.75,0.89,2.05,5.16,1,9,230712.9661,0,0,0,1,0,0,0
2673,550.0,1.0,2,272.42,8.17,9.28,24.19,22.25,99.9,1.06,7.58,4.87,4.71,1,18,30841.13558,0,1,0,0,0,0,1
4881,2130.18,2.93334629,4,24.65,49.58,10.0,11.66,3.59,89.17,1.17,8.99,4.24,7.72,1,-6,950519.9398,1,0,0,1,0,0,0
2752,1887.43,2.436197581,1,272.29,33.59,7.72,26.8,5.21,99.9,0.72,5.94,7.46,7.71,1,0,278496.582,0,1,0,0,0,1,1
5064,1748.79,3.965920533,5,332.43,42.26,9.54,39.31,23.17,98.48,0.52,8.72,5.57,5.83,1,14,536730.7882,1,0,1,0,0,0,1
5106,1672.22,3.664116677,4,527.91,60.17,8.79,47.92,11.15,98.19,1.29,4.64,6.92,7.1,1,10,761087.4041,0,0,0,1,0,0,1
6375,1380.15,2.381345072,2,439.64,50.0,7.07,80.32,4.18,90.4,2.31,5.77,6.45,8.23,1,8,375009.5102,1,1,0,1,0,0,0
3875,1199.76,3.438765492,3,456.96,5.69,7.89,72.11,24.31,99.9,1.06,3.54,4.33,5.82,1,11,270109.6852,1,0,0,1,0,0,1
4485,1432.2,2.695580743,4,981.5,33.01,6.95,35.44,5.12,93.41,1.75,7.66,5.44,8.98,1,10,637977.8086,1,0,1,0,0,0,0
5028,1168.86,2.429073895,2,288.52,37.34,5.84,15.84,19.61,95.18,1.3,6.55,6.3,4.48,1,12,167034.1941,1,0,0,0,0,1,1
4341,645.07,2.012936551,3,910.19,15.49,8.49,20.42,25.89,93.21,1.16,7.87,9.51,6.12,1,4,314845.9394,1,0,0,0,0,1,0
4008,1755.32,2.403515741,4,436.33,29.83,10.0,8.94,9.56,97.08,0.79,6.9,9.87,10.0,1,14,872130.4597,1,0,0,1,0,0,0
2748,720.82,1.809550305,2,875.02,33.01,5.59,64.39,18.36,92.89,1.75,5.39,6.61,3.13,1,17,117689.5115,0,0,1,0,0,0,0
6145,1331.78,1.337384367,3,90.87,25.41,6.11,89.33,22.1,92.04,1.7,4.01,5.22,6.05,1,16,466426.9364,1,1,0,0,0,1,1
1903,550.0,3.818378675,2,185.8,18.59,8.56,75.0,23.3,94.46,0.56,3.34,6.18,3.82,1,15,181354.0317,0,1,0,1,0,0,1
6974,669.39,2.790546087,4,203.36,13.22,7.03,17.0,19.64,94.42,1.52,7.87,6.25,6.15,1,14,357829.8542,1,1,0,0,0,1,0
5691,1302.97,3.297728932,4,786.75,47.03,10.0,56.11,39.79,93.63,1.06,7.81,7.52,4.93,1,19,509892.6429,1,0,0,0,0,0,1
6741,1885.27,1.0,3,385.69,34.29,6.92,63.41,29.06,92.97,1.98,3.69,5.07,2.61,1,24,341604.2501,0,1,0,0,0,0,1
1524,550.0,1.995923924,2,705.9,44.28,6.59,46.35,13.79,92.19,1.28,2.77,7.48,6.47,1,15,213104.6161,0,1,0,0,1,0,0
3272,1007.21,1.0,2,363.11,5.86,7.0,48.97,4.91,98.59,1.48,5.77,4.97,8.03,1,11,42440.63879,0,0,0,0,0,1,0
6691,1393.1,2.702851865,1,461.68,20.57,7.23,2.05,21.89,97.64,1.53,7.51,9.87,7.43,1,11,194565.4093,1,1,0,0,0,1,1
1960,615.46,1.285770194,3,609.89,49.67,7.48,87.61,31.83,93.5,2.13,3.83,0.05,2.93,1,18,120043.7932,1,1,0,0,0,0,1
2027,1209.1,1.965199082,1,587.38,69.02,4.01,12.89,11.75,91.68,2.24,4.52,8.94,10.0,1,13,128752.3861,0,0,0,0,0,0,1
5972,1433.79,3.326509396,4,760.96,31.27,7.21,9.39,51.55,82.45,1.44,7.45,5.07,6.42,1,9,473123.4682,1,0,0,0,1,0,1
4939,611.55,2.680082585,3,846.64,35.99,4.26,145.4,51.3,99.9,1.94,4.57,5.04,8.3,1,20,252792.5487,1,1,0,1,0,0,0
3308,858.03,1.136053684,1,633.21,25.54,6.49,82.14,45.22,97.67,1.36,7.56,2.57,4.88,1,18,15339.11896,0,0,1,0,0,0,0
6514,1139.21,1.703168404,4,394.97,43.4,9.81,31.62,7.63,99.9,1.29,6.98,6.24,6.09,1,22,538301.9878,1,1,0,1,0,0,1
2902,719.79,1.552025137,4,393.87,38.4,8.38,39.52,16.56,94.7,1.47,3.71,2.0,5.86,2,37,108846.7941,0,0,0,1,0,0,0
4157,1365.18,2.109457614,4,1306.51,18.31,7.49,55.42,31.81,99.36,1.22,5.53,6.29,5.0,1,12,327989.56,1,0,1,0,0,0,1
5360,1047.06,1.0,3,621.55,23.45,6.44,61.2,35.56,99.9,1.36,4.85,7.13,4.26,2,29,178808.4069,1,0,0,0,1,0,1
4369,1498.46,3.019218421,5,289.49,23.68,9.52,27.92,20.49,92.28,1.71,6.29,7.12,5.87,1,10,628858.6991,1,0,0,0,0,1,0
5896,1277.81,2.58903959,3,677.44,53.05,9.23,36.75,3.54,99.9,1.22,7.53,5.65,9.06,1,6,741544.3407,1,0,1,0,0,0,0
55,862.01,1.758235302,2,249.1,0.3,8.7,33.68,4.06,87.54,1.23,5.96,6.21,5.3,1,16,87417.61365,0,0,1,0,0,0,0
5868,1451.42,3.155909723,2,414.73,50.98,5.63,7.24,14.36,87.79,1.43,3.3,10.0,5.63,1,5,558252.0006,1,0,0,0,0,1,0
1261,1197.67,1.376647524,4,392.26,33.34,7.26,8.31,20.22,99.56,1.14,6.51,7.02,4.75,2,32,234380.9466,0,0,0,0,1,0,1
2327,759.17,1.814926688,3,303.47,23.92,7.11,61.69,15.39,89.51,1.78,1.09,1.18,1.06,1,6,138752.428,0,1,0,0,1,0,0
340,843.57,1.312093736,2,540.72,47.61,5.9,66.24,32.61,90.69,1.19,6.05,9.84,8.0,2,41,56464.73526,0,1,0,0,0,0,0
3473,1438.23,4.013147031,3,1565.91,1.28,7.86,46.08,19.48,99.09,1.13,9.72,10.0,10.0,1,12,368304.0356,0,0,1,0,0,0,0
3506,1912.38,2.564632298,4,507.06,41.58,10.0,27.11,14.38,96.4,1.05,6.25,7.71,6.76,1,16,486523.6679,1,0,0,1,0,0,0
3035,550.0,1.287251503,3,288.76,56.21,7.16,101.52,33.14,84.66,1.68,4.15,2.27,6.27,1,18,61959.89971,0,1,0,0,0,0,0
1727,550.0,1.0,2,33.49,59.3,5.4,77.55,21.33,94.35,1.68,3.87,7.3,8.24,2,45,128026.5367,0,1,1,0,0,0,1
1325,550.0,2.424903324,3,297.04,20.47,8.59,60.46,9.02,91.46,1.16,3.77,5.33,4.75,1,22,7285.421018,1,0,0,0,1,0,1
4150,795.54,1.559321969,4,446.84,27.53,9.54,48.88,0.76,88.26,1.12,6.24,4.31,7.24,1,13,289854.3112,1,0,0,0,1,0,0
5707,1614.62,3.411054319,3,450.9,44.33,6.48,51.83,18.55,92.28,1.56,5.21,0.72,3.23,1,5,601605.9602,1,0,0,0,0,1,0
2018,550.0,1.647929831,3,536.78,23.87,5.85,23.97,32.78,99.06,0.69,2.57,8.23,7.19,2,22,142581.1367,0,0,0,0,1,0,1
482,1333.9,2.664107348,4,978.39,47.77,6.25,55.63,0.8,93.36,1.93,6.27,4.64,5.11,1,10,334283.3214,0,0,0,0,0,0,0
3811,1592.82,2.450304501,3,741.86,62.74,6.09,50.99,0.53,91.67,2.03,5.76,6.64,7.66,1,10,328393.3614,1,0,0,0,0,1,0
5131,1004.32,1.224511224,4,760.44,42.14,4.85,16.48,2.72,88.95,1.65,3.27,5.45,4.42,1,8,321353.8058,1,1,1,0,0,0,1
6751,1653.2,3.965119596,3,853.9,39.52,8.64,74.53,21.29,99.9,1.64,7.25,6.43,5.17,2,39,871444.6594,1,1,1,0,0,0,0
4230,1164.87,1.938732806,4,501.71,64.9,7.22,48.85,8.81,84.83,1.46,5.22,6.07,5.84,2,37,404157.5966,1,0,0,0,1,0,1
1810,943.11,2.144966864,2,780.54,38.12,7.46,72.2,21.59,99.9,1.6,3.25,7.08,6.75,1,24,121014.9423,0,0,0,0,1,0,0
3888,1259.6,3.021256655,2,770.83,42.77,3.14,102.78,10.14,89.18,1.61,3.89,7.35,4.95,1,24,356983.5141,1,1,0,0,1,0,1
671,930.28,1.0,2,2.75,8.77,4.54,90.78,45.94,95.6,1.64,0.4,2.1,4.52,1,15,64905.60061,0,0,0,0,0,0,0
6458,2019.13,4.588271561,4,1084.36,60.23,9.34,31.91,25.37,91.72,1.15,7.91,10.0,10.0,1,12,681630.8752,1,0,0,0,1,0,1
6419,1037.88,3.877598128,5,1080.55,34.81,10.0,93.84,2.39,96.31,1.44,7.76,10.0,8.39,2,15,348640.5116,1,0,0,0,0,0,0
1421,754.61,1.52018851,2,170.87,8.62,7.83,6.81,7.3,90.18,0.79,5.12,8.08,8.77,1,18,169050.7278,0,0,0,1,0,0,1
4248,2047.85,2.056134273,2,667.98,28.65,9.13,42.05,4.53,99.9,1.02,5.55,6.04,4.86,1,13,576056.9844,0,0,1,0,0,0,1
187,550.0,3.042368646,4,240.37,44.36,5.44,0.76,30.79,87.81,1.39,2.41,4.4,4.9,1,9,298070.1418,0,0,0,0,1,0,1
3039,550.0,1.0,4,568.72,69.23,5.86,86.15,25.78,99.54,1.46,1.66,3.14,7.24,1,13,-6084.476378,0,0,0,0,1,0,0
6729,697.13,2.22242201,4,430.79,68.64,7.91,84.78,10.78,92.23,1.77,4.19,7.66,6.14,1,5,232527.2587,1,0,0,0,1,0,1
1477,845.78,1.711690538,2,579.32,17.02,7.55,68.41,33.88,91.95,0.68,4.71,5.38,5.15,1,9,145105.6944,0,0,0,0,1,0,0
6088,1505.89,4.53161158,1,1089.14,7.73,8.18,48.31,0.56,96.24,1.21,4.97,5.64,6.29,1,18,274610.9822,1,0,1,0,0,0,0
3747,550.0,2.036535458,3,424.28,63.65,6.55,53.06,18.97,94.15,2.55,5.23,5.77,4.05,2,34,317161.4902,1,0,0,1,0,0,1
2471,986.24,1.0,2,267.45,25.64,6.96,20.48,46.58,88.86,1.44,2.81,9.92,7.84,1,18,61072.74943,0,1,0,0,1,0,1
1802,793.69,1.971337948,3,446.42,34.47,10.0,47.08,5.14,94.54,1.06,7.44,1.15,2.22,1,12,216402.4859,0,0,0,1,0,0,1
6332,1886.86,3.057287431,4,257.81,19.25,10.0,16.45,11.76,80.67,0.95,6.83,9.12,8.79,2,17,1043861.166,0,0,0,0,0,0,0
3636,1284.04,2.449250414,3,727.56,44.01,7.92,11.36,10.13,99.9,1.49,4.18,7.55,7.26,1,13,203291.9003,1,1,0,0,0,1,1
1512,1004.76,1.380654948,2,838.79,30.1,3.89,29.4,21.78,99.11,1.45,3.56,0.66,3.9,1,20,136462.0516,0,0,0,0,0,0,1
6710,1028.15,5.330559305,3,785.22,2.21,9.55,24.63,13.38,97.07,0.62,9.42,4.8,5.8,1,11,469160.6223,1,0,0,0,1,0,1
3677,645.66,1.669361529,4,432.17,2.05,6.79,86.32,2.1,95.06,0.7,5.16,4.77,5.45,1,9,487361.7384,1,0,0,0,0,1,1
5147,1009.88,4.172887365,3,1151.39,53.47,6.14,2.43,10.29,94.88,1.63,6.75,5.33,3.13,1,18,238363.5957,1,0,1,0,0,0,0
3662,1287.61,3.128888742,3,1054.2,51.53,9.54,50.01,10.76,95.26,1.01,7.33,7.03,6.68,1,13,479809.0114,1,0,0,0,1,0,0
3812,1701.34,1.086999666,3,798.06,57.15,7.52,36.11,5.43,89.93,0.01,6.46,7.47,7.15,1,9,323495.5492,1,0,1,0,0,0,0
236,1067.85,1.0,2,429.77,19.06,5.16,30.9,5.59,95.51,1.68,6.22,10.0,6.49,1,4,172031.378,0,0,0,0,1,0,0
4284,1837.46,1.713597034,4,752.13,29.17,6.98,16.1,3.2,91.8,1.43,3.92,4.38,5.9,2,54,581342.7131,1,0,0,0,0,1,0
6497,1502.76,2.975266318,1,28.7,34.63,3.8,44.45,11.42,89.17,1.64,8.57,3.2,4.73,1,16,276002.1141,1,1,0,0,1,0,0
4631,550.0,2.443151137,4,781.13,14.52,8.0,22.8,1.65,94.53,1.89,5.24,10.0,6.87,1,0,224154.7601,1,1,1,0,0,0,1
2359,1475.33,1.950973549,2,486.98,42.45,5.72,88.55,35.53,93.76,1.17,6.3,2.63,4.91,1,13,247263.2726,0,0,1,0,0,0,0
5429,1889.24,1.97020377,4,1009.89,28.61,8.85,7.06,13.88,99.9,1.53,7.48,2.61,2.86,2,28,505865.8675,1,0,0,1,0,0,0
6267,1159.38,2.548934444,4,366.84,44.69,8.09,36.82,6.4,99.44,1.37,5.51,5.77,5.06,1,13,357460.8706,1,0,0,0,0,0,0
5287,1181.63,1.41559203,4,512.76,59.36,5.35,42.98,0.06,91.87,1.99,4.26,5.01,6.73,1,13,284510.0905,1,0,0,0,0,0,1
4301,1100.96,2.456372441,3,627.73,55.11,6.96,53.72,21.15,95.06,1.43,5.67,5.98,6.47,1,11,331243.5628,1,1,0,0,1,0,1
6488,1185.79,2.393803022,4,739.45,28.16,5.6,23.32,14.13,87.73,1.32,3.26,6.21,4.05,1,12,434502.81,1,0,0,0,1,0,1
5659,1205.61,2.38399826,4,642.57,62.46,10.0,52.11,23.97,90.69,1.68,8.02,10.0,6.25,1,21,509860.7487,1,0,0,0,0,1,1
4477,1044.76,1.349726506,3,394.2,15.61,4.38,47.25,26.91,96.11,1.91,4.38,4.08,8.42,1,23,177123.8107,1,0,0,0,0,1,0
1444,1228.22,1.170578934,2,460.19,46.21,6.75,35.3,8.46,87.78,1.2,6.11,5.28,6.04,1,19,135717.5314,1,0,0,0,1,0,0
1928,1129.07,1.349067904,3,198.33,63.29,6.64,72.44,29.09,88.08,0.85,0.21,5.44,5.83,1,22,223542.3488,0,0,0,0,0,1,0
2894,1200.2,2.100130974,2,486.72,1.67,5.92,66.8,0.78,91.67,1.0,2.88,3.48,6.15,1,17,126287.1484,0,0,0,1,0,0,0
468,1207.69,1.032576966,2,716.4,29.0,6.62,13.35,19.98,88.5,1.29,0.09,7.35,7.85,1,9,25365.84691,0,0,1,0,0,0,0
5501,1346.98,1.353651097,2,132.56,9.14,5.22,54.84,1.96,93.01,0.97,3.43,9.54,4.89,1,9,389529.5176,0,0,0,0,0,1,1
1649,550.0,1.854716057,4,319.62,7.15,7.11,13.66,27.62,94.87,1.37,5.49,9.99,6.19,1,13,144741.6853,0,0,0,0,0,0,0
5557,1313.96,2.627919923,5,781.31,28.45,9.69,56.16,2.65,98.42,1.43,3.52,5.01,6.44,1,6,559317.9652,1,0,0,0,0,0,0
2133,550.0,3.741100945,3,670.25,15.53,6.68,93.8,1.6,99.9,0.4,4.35,0.7,3.5,1,17,112062.9117,0,1,0,1,0,0,0
3668,1117.64,2.509751132,4,1111.76,21.99,7.76,41.77,6.9,96.98,1.93,9.65,5.81,8.74,1,16,519662.9576,1,1,1,0,0,0,0
2611,550.0,1.979070985,3,477.22,61.35,5.33,53.4,17.55,94.43,1.81,4.8,10.0,10.0,1,15,136795.0275,0,0,0,1,0,0,0
418,939.03,1.26769942,4,300.77,50.24,9.02,76.76,27.9,98.3,1.02,7.15,4.04,3.42,1,9,216114.4979,0,1,0,1,0,0,1
1702,599.67,1.0,2,567.3,24.42,7.43,57.67,5.56,95.51,1.91,3.9,8.6,7.24,1,24,75961.6813,0,0,1,0,0,0,0
6784,957.72,1.765776311,3,722.53,29.57,5.44,28.0,32.91,93.8,1.42,4.55,9.27,5.89,1,15,246613.2645,1,0,0,0,0,1,1
3419,1138.63,1.341703228,3,421.68,33.56,9.12,52.32,22.38,92.56,0.03,7.95,1.97,2.51,1,7,318153.0118,0,1,0,0,1,0,0
950,550.0,1.929369121,3,418.02,20.34,6.23,69.13,38.42,87.03,1.63,5.27,0.44,2.9,1,11,121903.222,0,0,1,0,0,0,0
1129,550.0,1.0,4,859.66,53.61,6.23,12.94,32.04,94.7,1.69,0.76,6.42,6.08,1,13,49286.31346,0,0,0,0,1,0,0
3737,1337.26,2.600733521,4,159.82,20.92,8.32,44.41,1.65,97.15,1.96,7.11,6.22,5.73,1,6,594566.9352,1,0,0,1,0,0,0
6065,1205.34,2.218257169,5,457.54,20.78,10.0,62.31,38.36,99.32,0.76,9.8,9.47,4.46,1,10,366751.3466,1,1,0,1,0,0,0
2973,1127.42,1.295279593,3,635.11,44.71,5.46,118.42,20.85,98.81,1.12,6.62,4.49,3.64,1,16,202406.6363,0,1,0,1,0,0,0
437,1319.79,2.542387545,4,435.17,53.16,7.02,62.69,7.32,97.15,2.1,6.81,7.18,8.4,1,10,265777.1071,0,0,0,0,0,1,0
6557,908.28,3.032626837,4,639.43,67.15,8.03,80.58,18.53,95.58,0.15,6.07,6.76,6.43,1,11,408580.8482,1,1,0,0,1,0,0
2265,1689.01,1.285504424,3,927.52,46.98,5.88,69.06,17.58,95.96,1.38,5.85,5.91,6.71,1,7,323890.4964,1,1,0,1,0,0,0
4356,1903.55,2.243091432,3,1077.64,32.96,7.75,59.5,15.8,95.06,1.19,4.54,3.56,6.28,1,22,377469.5991,0,0,1,0,0,0,1
6618,1285.44,2.401828628,4,459.17,30.45,7.47,63.21,19.86,96.07,1.0,6.72,7.18,4.07,2,47,645876.2,0,1,0,0,0,1,0
1436,931.61,1.915791126,3,571.55,62.45,8.26,18.16,41.47,93.75,1.41,4.85,5.56,4.98,2,18,331313.0259,0,0,0,0,0,1,0
2893,1176.33,2.539485382,1,574.0,6.05,6.36,12.52,13.88,87.44,1.2,6.06,4.99,6.59,1,12,264084.9694,1,0,0,0,0,1,1
6093,1423.6,3.119619297,3,269.11,35.1,10.0,52.0,15.42,96.44,0.94,7.67,0.43,3.45,1,27,444886.4922,1,1,0,0,1,0,0
6756,1277.53,1.0,4,826.49,17.07,6.58,40.09,28.51,90.0,1.66,3.91,5.18,5.18,1,7,335992.2879,1,0,0,0,1,0,0
2823,1090.39,1.44733322,3,798.1,59.36,7.92,79.59,31.73,95.2,2.32,4.28,6.18,4.47,1,20,134402.4537,0,0,0,0,0,1,1
4902,1001.8,2.172002994,4,904.57,23.34,8.27,58.05,4.44,92.17,0.64,5.69,6.43,3.77,1,13,712913.11,0,0,0,0,0,1,0
4130,651.31,2.397083736,3,1028.26,47.49,5.72,12.85,31.27,96.06,1.31,6.07,6.91,8.22,1,23,265067.8392,1,0,0,1,0,0,0
534,550.0,1.972925609,2,669.64,23.69,3.36,29.22,11.53,81.09,1.85,3.95,8.5,5.13,1,12,41150.01198,0,0,0,0,1,0,0
821,1066.26,2.371148512,4,839.44,52.4,10.0,4.55,13.37,99.9,1.12,7.26,10.0,7.06,1,7,202538.0785,0,1,0,0,0,0,1
1848,550.0,3.16977183,4,712.97,47.21,6.48,79.55,8.86,94.7,2.4,4.23,1.92,3.67,1,11,251368.8202,0,0,0,0,0,0,1
1571,550.0,1.650916683,3,36.3,33.08,7.7,0.45,17.05,94.62,1.81,4.86,6.61,8.72,1,7,95064.7711,0,0,1,0,0,0,0
5862,1328.73,3.695268993,3,780.46,29.1,7.88,54.25,31.38,98.69,1.22,7.69,3.38,4.69,1,20,362558.6935,1,0,0,0,0,0,1
883,1047.13,2.610481854,4,553.82,31.57,5.52,39.57,11.99,87.92,1.52,4.41,4.69,4.72,1,6,305937.3969,0,1,0,0,0,1,1
2382,550.0,1.0,3,830.42,7.29,7.38,32.71,23.89,88.59,1.54,2.58,6.86,7.3,1,12,138785.5624,0,0,0,0,0,0,0
3876,1635.79,1.258883874,2,383.34,6.94,7.37,58.37,2.22,96.72,1.05,6.09,10.0,10.0,1,9,336364.1528,1,0,0,0,0,1,0
1417,550.0,1.94182078,2,422.08,16.03,3.72,16.56,17.68,89.23,1.26,2.33,6.63,5.78,1,10,69593.30291,0,0,0,0,0,0,0
1563,632.25,1.268074488,2,575.53,15.28,5.24,14.13,17.2,90.94,2.28,0.31,6.88,3.83,1,19,-8239.721048,0,1,0,0,0,0,0
175,901.6,1.452001866,3,628.48,25.15,8.26,19.82,15.34,99.9,0.67,6.1,4.74,5.39,1,19,155406.0548,0,0,0,1,0,0,0
5304,581.94,2.712990858,4,518.23,31.61,8.64,34.84,17.26,99.62,1.86,6.67,4.71,2.59,1,10,486696.6709,1,1,0,1,0,0,1
1995,1186.46,2.038321832,1,286.16,25.86,4.66,100.12,34.24,90.91,2.15,4.34,5.88,5.97,1,22,90703.35133,0,0,0,0,1,0,0
5849,1630.8,1.257689693,4,351.78,5.46,10.0,27.43,9.14,90.71,0.98,6.15,10.0,7.3,1,10,293601.0958,1,0,0,0,1,0,1
2801,713.07,1.0,1,845.74,5.94,5.76,11.88,15.63,92.62,1.55,2.51,2.8,5.68,2,19,284824.9774,0,0,0,0,0,0,0
6607,667.46,3.118838607,3,631.97,28.73,9.58,78.37,39.9,94.27,2.11,3.15,4.87,2.75,1,11,236193.5447,1,0,1,0,0,0,1
6003,550.0,2.948258477,2,867.97,9.4,8.04,49.19,23.82,90.08,1.35,5.27,5.63,5.22,1,-5,180909.9121,1,0,0,0,0,1,0
2634,1675.25,2.555001914,1,124.92,16.59,7.36,82.89,30.48,90.3,1.86,2.17,6.28,7.77,1,22,252594.6386,0,0,0,0,1,0,0
6340,1664.88,1.152670291,4,980.87,39.32,10.0,66.71,27.34,96.92,2.23,6.62,8.29,6.49,1,-1,396205.2997,1,1,0,1,0,0,0
1542,813.44,1.0,2,83.54,57.88,0.74,46.58,2.1,89.92,0.85,2.67,7.85,8.66,1,17,45209.23347,0,1,0,0,0,1,0
2989,1576.36,1.096003499,2,550.96,8.18,8.32,103.76,5.93,99.01,1.36,6.12,5.45,4.98,1,4,197228.382,0,0,0,0,1,0,0
1433,1122.06,1.196783186,2,145.52,56.0,4.05,65.31,34.52,97.85,1.77,3.38,6.72,8.68,1,20,8905.622496,0,1,0,0,0,0,1
4165,688.09,2.982390005,3,385.88,70.9,6.38,68.12,14.36,93.53,2.24,5.22,8.86,8.24,1,18,182279.8859,1,0,0,1,0,0,1
4883,821.19,2.016830748,4,461.33,59.45,7.45,25.26,21.59,99.16,2.28,4.8,3.17,3.7,1,11,537268.06,1,0,0,0,1,0,1
4534,917.84,1.955184842,4,535.27,59.37,8.61,75.21,19.47,94.65,2.0,4.61,3.55,5.52,1,17,262625.7679,1,0,0,1,0,0,1
1646,767.77,1.059284265,3,1045.55,20.16,7.52,30.16,1.45,95.77,1.41,5.38,5.63,5.56,1,14,210389.2184,0,0,0,1,0,0,1
630,591.51,1.660748427,3,149.91,19.79,7.46,54.06,47.14,97.41,2.25,3.39,0.85,5.24,1,5,109278.1298,0,0,0,1,0,0,0
2242,550.0,1.102815031,4,107.05,70.38,6.83,83.9,19.31,86.52,0.57,3.02,2.21,6.37,1,19,159593.6579,0,0,0,1,0,0,0
909,719.8,1.130180745,1,306.67,10.35,4.32,65.12,15.76,92.13,2.02,1.17,6.89,4.74,1,19,115687.325,0,0,0,1,0,0,0
5802,1241.63,2.872942489,2,332.68,55.69,4.58,63.7,10.24,90.76,1.63,5.1,1.22,4.41,1,10,348844.7852,1,1,0,0,0,1,1
1925,586.83,3.646534743,3,479.31,9.61,4.83,68.5,11.63,96.87,2.44,5.44,9.67,10.0,1,20,476838.5556,0,0,1,0,0,0,1
6389,961.66,3.848720724,5,744.72,56.17,10.0,98.18,6.87,95.09,0.92,9.1,2.87,5.3,2,6,654101.0959,1,0,0,1,0,0,0
4877,1010.79,2.647702101,2,387.45,23.3,9.77,84.68,16.65,94.29,1.31,5.62,9.23,7.14,2,54,361783.19,1,0,1,0,0,0,0
5612,1048.32,5.746047597,2,652.63,4.72,6.77,72.19,23.45,99.9,1.11,6.21,8.02,7.94,1,9,363142.691,1,0,0,0,0,1,1
5642,2240.87,1.031013193,1,410.31,40.39,5.91,109.39,26.25,84.87,0.66,6.28,6.91,6.61,1,15,334293.9252,0,1,1,0,0,0,1
2416,617.59,1.0,3,781.71,26.94,6.68,28.55,6.02,94.12,1.92,6.19,6.09,6.8,2,35,106958.1941,0,0,1,0,0,0,0
6855,989.91,1.776838748,3,596.22,13.46,4.66,20.72,4.86,99.9,0.88,1.83,2.63,4.83,1,27,259075.4943,1,0,0,0,0,1,1
5902,761.55,1.819447808,5,184.15,0.14,8.63,15.85,2.04,93.78,0.45,4.09,5.73,6.16,1,22,653559.2489,1,0,1,0,0,0,1
64,1161.75,1.464104387,4,927.64,16.95,10.0,101.8,8.48,89.06,1.09,4.65,2.29,5.76,2,22,387123.6983,0,0,0,0,0,0,0
6999,1553.57,3.988376742,4,844.06,18.8,10.0,26.07,24.4,95.73,1.17,8.8,6.66,5.19,1,19,492214.9598,1,0,0,0,1,0,1
5644,1358.29,1.826308756,3,825.28,30.44,3.31,26.15,0.97,88.27,1.58,3.66,1.64,1.65,1,16,295403.6981,1,0,0,0,0,1,0
619,993.27,1.773304577,5,362.75,50.7,4.87,53.42,11.41,93.34,1.57,2.57,1.73,2.48,1,14,256345.1091,1,1,0,1,0,0,0
3690,1153.92,1.957054224,3,669.68,14.18,7.06,3.59,5.8,94.9,1.03,6.09,4.77,7.33,1,11,203923.5004,1,0,0,0,0,1,0
5760,1084.07,3.831632377,3,1219.52,5.06,9.67,21.1,13.46,99.9,0.88,6.0,4.24,7.88,1,7,317276.5623,1,0,0,0,0,0,0
216,847.12,1.779418392,2,430.48,14.9,7.37,124.71,18.6,88.31,2.33,6.37,3.16,3.12,1,9,95786.87268,1,0,0,0,1,0,0
3632,1236.22,1.0,4,344.69,5.85,7.5,16.1,13.77,91.36,2.27,2.27,3.41,6.26,1,17,458543.061,1,1,0,0,1,0,0
6014,1709.55,1.230665502,3,564.85,6.4,7.57,29.54,1.63,94.55,1.88,6.29,0.96,1.95,1,14,313478.2832,0,0,0,1,0,0,1
6234,550.0,3.374620826,5,75.42,22.53,10.0,56.14,34.72,93.29,2.1,5.43,6.03,3.74,1,14,274350.4902,1,0,0,0,1,0,0
2527,975.64,1.0,4,203.37,21.57,8.01,92.24,20.41,97.63,2.48,3.98,5.02,7.05,1,14,64889.26869,0,0,0,0,0,1,1
6564,1487.0,3.288006066,3,889.76,11.54,7.57,14.55,40.79,85.75,1.82,9.47,7.96,5.67,2,39,495941.6492,1,0,0,1,0,0,0
5508,1626.18,1.0,2,91.59,4.27,10.0,43.31,16.57,99.9,1.68,6.96,6.58,6.05,1,18,223287.9799,0,1,0,1,0,0,0
6330,2240.4,4.125460955,2,725.03,56.42,8.3,46.22,13.61,90.35,1.2,5.76,9.54,9.84,1,13,779051.6698,1,0,0,0,0,0,0
6112,853.43,1.21084439,5,198.15,48.98,5.64,16.84,5.8,89.53,0.06,3.73,10.0,10.0,2,26,575521.5587,1,1,1,0,0,0,0
5425,1434.95,4.578304533,3,1010.57,44.04,7.99,7.42,6.53,90.69,0.93,7.35,9.08,9.03,1,24,438645.6002,1,0,0,0,0,1,0
2132,550.0,1.0,2,10.19,39.52,7.85,49.79,27.48,94.67,2.06,5.37,4.8,5.17,1,12,63227.82054,0,0,0,0,0,1,0
4152,1144.18,1.515806711,4,269.27,4.06,9.36,76.16,4.12,98.02,1.35,6.04,5.15,2.56,1,17,349451.0054,1,0,0,0,0,0,0
3350,755.67,1.396966419,2,591.11,77.3,6.48,90.9,39.26,90.72,1.99,3.11,7.29,9.52,1,10,62735.87829,0,1,1,0,0,0,1
460,1408.62,1.435982477,2,10.2,60.58,5.11,7.86,29.47,98.42,2.43,3.75,5.68,2.84,1,5,143776.0267,0,0,1,0,0,0,0
6135,2166.0,1.537854434,3,861.6,53.96,10.0,3.33,26.72,96.53,1.58,7.71,8.35,7.72,2,37,447574.212,0,1,0,0,0,1,0
2007,550.0,1.678159447,2,1074.17,58.86,1.95,45.73,35.87,86.16,1.82,2.33,2.16,2.04,1,5,22677.63184,0,0,0,0,0,1,0
6080,858.13,3.063913964,2,574.61,13.72,6.54,107.99,24.01,99.9,1.79,3.79,6.11,6.58,1,13,288829.7104,1,0,0,0,0,0,1
267,735.91,1.0,3,8.39,17.49,2.6,41.07,34.62,93.71,1.44,2.69,1.51,3.88,1,9,125583.754,0,0,0,1,0,0,0
5796,957.8,1.0,4,531.17,6.13,7.89,104.45,0.4,99.27,0.68,5.16,6.73,6.15,1,9,632404.9722,1,1,0,1,0,0,0
3767,976.75,2.323556012,4,768.59,19.68,3.24,24.61,29.75,99.9,2.02,5.49,1.42,4.44,1,10,363396.1268,1,1,0,0,0,0,0
2873,594.6,1.0,3,207.14,34.0,5.32,114.32,39.35,89.87,1.43,5.36,3.06,6.24,2,31,188160.3585,0,1,0,1,0,0,0
2971,1364.11,1.710486774,2,362.63,55.23,5.33,16.12,33.71,92.57,1.67,4.31,9.7,6.06,1,13,286243.983,0,0,0,0,0,1,1
1521,1628.7,1.0,4,1050.53,22.52,4.62,63.67,22.81,99.9,1.4,2.94,7.48,4.75,1,21,250912.0961,0,0,0,0,0,1,0
679,550.0,2.653347736,3,1023.45,3.96,7.58,62.71,14.45,87.38,0.98,6.85,6.33,3.8,1,6,250269.4217,1,1,0,0,0,1,1
4278,2122.29,2.82345363,5,509.52,24.01,10.0,24.74,3.67,90.29,0.97,6.79,3.32,6.23,1,17,1034472.998,1,0,1,0,0,0,0
817,728.28,1.607294397,3,747.22,37.11,6.61,86.34,8.98,87.56,1.76,5.54,5.65,8.07,1,14,150858.7685,0,1,0,0,0,1,0
5100,1709.18,3.12676117,4,650.0,17.32,10.0,11.68,6.24,99.9,1.24,10.0,7.32,7.02,1,13,740353.4994,1,1,0,0,0,1,0
4827,1158.05,4.506071883,5,173.55,34.8,8.49,36.28,10.6,93.53,0.22,6.91,8.87,7.6,1,14,791340.6327,1,0,0,1,0,0,0
3998,1161.42,1.0,4,470.5,30.05,9.03,55.89,18.69,99.9,0.76,7.84,4.15,6.05,1,18,371305.3071,1,0,1,0,0,0,0
4084,1580.54,2.121777685,1,768.23,30.45,7.3,16.64,13.95,90.72,2.07,6.76,6.67,6.73,1,3,392679.1607,1,0,0,0,0,0,0
35,550.0,2.344320127,3,846.59,39.09,6.84,105.21,16.57,96.5,1.6,3.21,5.69,5.39,1,23,100023.1061,0,0,1,0,0,0,1
2282,626.96,1.0,3,224.97,27.91,6.67,93.46,18.03,89.96,1.41,4.41,6.56,3.73,1,7,36203.34458,0,1,0,1,0,0,1
3803,550.0,3.599558832,3,337.9,60.47,9.6,69.62,16.41,91.81,1.62,3.73,6.85,7.01,2,11,303008.2914,1,0,0,0,0,1,1
6202,1403.29,2.60421646,5,399.15,16.39,7.81,11.23,2.58,99.34,2.08,8.63,6.18,7.78,2,27,467865.5929,1,0,0,0,0,0,0
1291,550.0,4.886619316,1,687.31,43.21,8.82,86.19,5.51,97.71,1.64,5.95,5.31,7.06,2,27,63162.48133,0,1,1,0,0,0,1
1,1472.34,1.0,2,656.13,15.62,5.63,40.51,7.89,93.22,0.95,4.08,5.56,6.83,1,17,50042.59757,0,0,1,0,0,0,0
2399,920.51,2.436317283,3,582.43,49.18,4.63,46.04,15.46,94.49,1.64,2.51,4.99,7.4,1,6,168045.2225,0,1,0,0,0,1,1
4236,1114.83,2.359199828,5,315.97,17.94,7.03,62.92,8.29,98.47,1.96,5.14,6.34,6.43,1,6,455141.6568,0,1,0,0,1,0,0
1752,622.83,1.0,3,135.44,63.91,6.2,86.7,23.43,93.01,1.24,2.39,0.13,0.8,1,25,135552.1354,0,0,0,0,0,1,0
4137,1006.33,2.938682587,2,120.7,35.3,7.41,17.29,11.91,91.9,0.85,9.97,8.46,7.48,1,10,420982.6881,1,1,0,1,0,0,0
2761,550.0,1.882941253,2,125.4,31.75,6.64,59.81,26.48,88.72,0.73,3.94,5.08,8.21,1,15,170331.2886,0,0,0,0,0,0,1
4095,1532.08,3.279911887,3,596.12,31.49,8.46,28.65,1.1,95.02,1.38,7.76,9.54,9.54,1,18,583299.4453,1,0,0,0,0,1,0
5301,1681.69,1.971240382,3,615.04,7.9,8.48,29.35,5.82,91.88,1.58,8.87,2.12,7.16,1,-3,567828.5916,1,0,1,0,0,0,1
2719,550.0,1.0,2,527.51,15.49,6.76,60.51,2.96,94.29,1.51,1.56,8.36,6.05,1,13,83469.89377,0,0,1,0,0,0,1
3920,2166.82,1.319076184,4,621.29,12.85,7.21,4.5,5.93,96.19,1.92,4.62,6.19,4.42,1,13,500854.0669,1,0,0,1,0,0,1
4767,1292.24,4.518126523,4,456.37,34.81,8.82,15.27,2.56,93.15,1.28,8.13,5.66,4.25,1,4,584420.228,0,0,0,0,1,0,0
6659,1570.93,3.976794197,4,767.18,12.84,10.0,25.53,34.81,93.96,1.14,10.0,8.44,9.19,1,18,555519.9577,1,0,0,1,0,0,0
4734,1672.14,1.0,3,249.43,35.72,8.19,17.9,23.98,95.06,0.71,4.46,9.89,9.28,1,23,304605.4599,1,1,0,0,0,0,0
1103,550.0,2.299606283,3,520.05,36.28,4.1,57.42,26.9,95.08,1.31,2.75,8.77,5.92,1,12,192472.5039,0,1,0,0,1,0,0
561,840.12,2.289361187,3,1152.0,2.29,7.79,8.19,25.36,99.87,2.96,4.3,7.2,7.71,1,14,273332.3184,0,0,0,0,0,0,0
5048,1472.52,3.94831851,2,416.25,44.74,5.96,80.42,26.52,91.75,2.11,7.2,8.86,5.48,2,26,375594.8275,1,0,0,0,1,0,0
2014,1109.35,1.0,2,763.77,21.42,7.24,0.79,6.07,99.22,1.59,7.54,4.84,9.58,1,6,209804.1051,0,0,0,1,0,0,0
880,550.0,1.238518619,2,811.5,31.91,5.77,47.62,34.77,93.8,2.35,2.52,1.21,4.96,2,43,257547.1157,0,0,1,0,0,0,1
3741,1124.19,1.980240231,3,439.41,14.72,8.56,54.96,23.52,97.86,2.15,5.53,2.87,4.43,1,24,169936.0022,1,1,1,0,0,0,0
1787,1112.35,2.516874838,2,858.86,8.25,5.29,58.48,0.57,90.38,1.79,6.64,5.09,3.65,1,19,152648.984,0,1,0,0,1,0,0
2672,550.0,1.0,4,762.92,29.73,5.97,63.84,1.71,99.24,1.23,5.92,10.0,8.72,1,10,235893.1605,0,0,0,0,1,0,0
1008,1216.19,3.342599119,3,669.62,13.78,9.03,104.1,12.63,98.59,1.83,5.65,6.05,4.9,2,54,398740.4395,0,0,0,0,0,1,0
2990,1207.53,2.739403801,3,375.11,52.36,6.16,79.98,14.35,92.24,1.29,7.57,8.47,6.66,1,7,482970.247,0,0,0,1,0,0,1
6647,1473.52,1.477427364,7,1166.55,71.59,9.63,94.42,19.99,92.7,1.66,6.54,8.04,8.35,1,8,698496.1551,1,1,0,0,0,1,0
6526,550.0,3.444789637,3,290.32,32.09,4.98,53.05,4.56,95.57,1.42,4.21,7.95,9.96,1,17,472388.7754,1,1,0,0,0,1,1
1426,1950.12,1.0,1,779.68,53.97,8.92,25.09,11.14,92.74,1.42,6.19,4.38,3.54,2,40,169342.6829,0,0,0,1,0,0,0
1120,564.33,1.0,3,125.24,33.68,6.99,15.0,17.23,96.9,1.57,3.99,8.07,6.55,1,10,99428.30205,0,0,0,0,0,0,1
3511,935.84,1.858013206,5,480.78,14.04,8.04,85.05,9.29,85.7,1.42,3.24,4.34,2.51,1,0,421672.4877,1,0,0,0,0,0,0
5089,1103.76,3.167094449,2,562.92,50.24,4.28,9.8,3.27,95.14,1.52,5.03,3.75,6.3,1,15,261661.6213,1,1,0,0,1,0,0
2166,550.0,1.056415847,1,885.02,62.82,5.34,84.19,41.49,97.04,1.13,1.93,6.75,6.77,2,16,188361.0412,0,1,0,0,1,0,0
3707,1280.31,1.875373694,3,621.16,40.7,9.17,62.37,12.51,86.71,1.89,5.19,5.06,6.51,1,24,301955.4124,1,0,0,0,0,0,1
1195,1052.01,1.08272871,4,667.58,16.93,4.87,22.58,19.87,99.9,1.18,3.44,6.14,7.7,1,19,296204.2858,0,0,0,0,1,0,0
5003,1594.72,2.740509299,4,571.57,11.42,10.0,50.8,19.57,98.07,1.08,9.5,10.0,8.21,1,9,680752.6492,1,0,1,0,0,0,1
4521,981.82,2.805204772,3,162.99,30.67,5.5,71.99,0.38,99.9,0.77,7.12,1.61,2.64,2,12,259858.9736,1,0,0,0,0,0,0
2517,596.09,1.0,2,54.12,2.88,7.93,15.32,33.59,98.08,1.25,2.66,2.54,7.62,1,14,149090.0563,0,0,0,0,0,1,0
5204,1638.91,1.47430386,4,831.23,9.47,7.55,69.93,17.6,99.9,0.91,4.46,6.61,5.31,1,12,415917.9034,1,0,0,0,0,0,0
1330,988.14,1.0,2,377.72,32.52,6.95,41.47,27.49,92.82,2.01,3.84,7.71,4.45,1,10,73567.76736,0,0,0,0,0,0,1
4484,1176.95,1.900141211,4,139.33,34.12,6.77,56.68,2.56,96.15,1.51,5.86,6.06,2.76,1,20,369900.5263,1,0,0,1,0,0,1
5407,853.76,3.006812849,4,533.83,5.13,8.24,49.13,11.34,96.91,0.74,4.36,9.5,9.93,1,10,426423.7099,1,0,0,0,0,1,1
4380,1406.02,2.28761671,2,401.06,54.95,6.71,10.78,43.94,92.81,1.72,5.51,7.75,7.31,1,21,389236.7455,1,1,0,0,0,0,0
6146,667.13,4.119081613,2,504.07,37.99,9.07,2.52,1.56,96.89,1.1,4.26,5.48,8.55,1,19,251556.3021,1,0,1,0,0,0,0
4821,1146.65,2.206769332,4,819.96,63.77,6.23,17.55,25.19,85.4,2.53,6.82,0.61,2.28,1,16,279358.9368,1,0,0,0,1,0,0
6531,994.11,2.123426717,3,841.01,15.19,9.13,80.63,16.99,92.54,2.11,7.99,6.9,7.75,1,16,310330.6389,1,0,0,0,1,0,1
2659,1600.19,1.068411809,2,478.72,26.65,5.55,162.85,8.91,95.29,2.07,4.05,5.02,5.45,1,23,156307.0294,0,0,0,1,0,0,1
1420,550.0,1.0,3,729.37,30.49,4.18,4.8,5.86,88.01,1.8,4.14,4.38,7.92,1,16,57419.47588,0,0,0,1,0,0,0
3597,1331.18,2.3128751,3,88.42,3.0,8.4,33.76,9.35,89.09,1.94,5.99,7.91,5.22,1,0,425879.1112,1,0,0,0,0,0,0
2179,652.83,2.222200148,2,850.9,65.34,4.7,49.54,0.35,99.9,1.12,3.16,6.13,8.78,2,51,115600.1621,0,0,1,0,0,0,0
6839,1756.64,1.672213313,3,946.52,12.64,4.63,61.67,3.9,97.82,2.12,4.31,7.72,6.36,1,19,369492.5236,1,0,0,0,1,0,1
3756,1044.63,2.330250405,5,522.58,5.25,9.45,24.99,12.63,97.91,1.95,7.28,6.07,4.6,1,15,531943.6824,1,0,0,0,0,1,0
1721,550.0,1.104816417,4,126.93,76.62,9.86,52.22,19.77,99.9,1.97,6.93,6.66,4.57,1,8,51907.85906,0,0,0,0,0,1,1
2541,932.72,1.562287419,3,605.21,33.19,6.72,22.83,0.24,96.92,1.49,4.13,7.32,6.15,2,37,197963.0301,0,0,0,0,0,0,1
1231,811.64,1.97683394,1,66.66,23.0,4.66,9.43,27.28,83.97,2.41,3.65,4.92,3.88,1,11,43439.14639,0,1,0,0,1,0,0
4684,1228.67,1.748903643,3,255.69,20.08,7.81,137.5,18.17,91.63,0.84,3.0,0.09,4.19,1,10,417785.7389,0,1,0,0,0,0,0
2206,601.34,2.332285227,3,918.91,57.11,7.2,66.24,30.2,91.39,1.06,6.83,3.86,5.69,1,9,225287.6452,0,0,0,0,1,0,1
396,550.0,1.0,3,496.46,17.29,2.85,114.72,22.01,92.34,1.93,2.96,6.05,9.15,1,21,4747.917512,0,1,0,0,0,1,0
6998,2218.22,1.0,4,526.81,11.18,9.2,15.21,3.96,99.9,1.52,4.68,7.66,6.12,1,10,442610.3171,0,0,0,0,0,0,1
3656,1174.77,1.886354424,3,519.3,33.31,7.42,108.3,28.59,93.35,1.71,5.75,7.68,7.14,1,9,478688.3641,0,0,0,1,0,0,0
6217,826.67,1.0,4,670.5,12.81,8.7,25.97,15.34,95.31,0.96,6.16,8.95,4.66,1,23,225821.0059,1,0,0,0,1,0,0
6433,2034.08,2.472909134,3,230.2,6.35,9.52,20.63,7.33,83.04,0.7,3.99,0.65,4.51,1,17,569723.1743,1,0,0,1,0,0,1
4276,550.0,3.139102112,5,1208.95,21.54,10.0,39.81,0.17,99.8,0.82,6.64,8.39,8.38,2,21,502736.146,1,0,0,0,1,0,1
1535,670.27,2.49452896,2,774.41,46.63,5.4,41.05,15.59,93.72,0.77,2.81,6.27,4.14,1,4,143333.6534,0,0,0,0,1,0,1
6125,853.04,1.194545266,1,203.06,31.06,3.65,110.9,15.72,93.72,2.59,3.1,2.81,3.28,1,18,182447.773,1,0,0,1,0,0,1
6198,1164.13,3.115466002,1,327.22,47.36,6.29,6.06,18.66,90.67,1.18,2.83,3.07,2.96,1,19,303247.5923,1,0,0,0,0,0,1
3165,1253.45,1.500422648,3,670.26,21.08,7.39,108.57,17.58,96.23,1.48,4.83,4.26,2.47,1,17,142577.3832,0,1,0,0,1,0,1
3987,936.15,2.26227244,3,239.11,42.81,4.53,83.9,22.6,94.01,1.37,5.24,5.65,6.28,1,20,338429.1076,1,0,0,0,1,0,1
3119,557.97,1.939237537,3,214.17,13.79,6.14,112.75,7.06,92.91,2.3,6.31,5.77,5.58,1,5,150855.3204,0,0,0,1,0,0,1
1959,550.0,2.979532078,4,13.71,23.83,5.06,21.24,28.39,91.08,1.6,3.98,8.74,5.49,1,13,77031.59866,1,0,0,0,1,0,0
613,550.0,1.0,3,1341.99,1.51,5.38,49.34,18.49,99.9,1.17,2.87,1.8,2.15,2,21,50286.73309,0,0,1,0,0,0,0
290,747.71,2.584191937,3,499.61,4.35,7.73,128.85,8.86,93.02,1.26,5.88,10.0,10.0,1,10,137578.3341,1,0,1,0,0,0,0
4487,1055.34,1.810957857,3,671.96,24.08,6.08,79.67,25.55,95.6,1.72,2.85,8.8,8.22,1,10,244375.9703,1,0,1,0,0,0,1
5606,1711.71,1.274574596,3,1013.39,41.84,7.91,64.35,10.14,89.0,1.35,3.78,6.0,4.77,2,48,291155.7421,1,1,0,0,0,0,0
990,1080.39,2.337881208,3,232.64,25.09,5.92,22.17,25.15,96.09,0.8,3.87,3.86,4.9,2,41,245139.9205,0,1,0,1,0,0,1
3244,594.66,1.0,2,605.78,56.4,6.96,92.24,4.3,84.09,1.79,5.04,0.08,3.11,1,17,19370.21201,0,0,1,0,0,0,0
2360,709.95,1.202345328,2,40.08,14.54,4.64,5.45,27.59,88.65,0.7,2.35,9.99,7.81,1,19,10942.62089,0,0,0,0,0,0,0
5593,953.36,3.102956136,2,692.27,17.44,7.74,68.46,2.89,93.25,1.98,5.21,6.59,5.63,1,5,153984.933,1,0,0,1,0,0,1
5107,550.0,3.026506276,3,291.25,3.82,9.5,21.19,2.59,99.9,0.96,5.9,8.17,7.13,1,14,294234.743,1,0,0,0,0,0,0
5607,1052.21,1.82740415,3,644.02,36.63,8.25,60.33,13.81,92.85,2.82,4.08,6.86,5.1,1,15,208211.5957,1,1,1,0,0,0,1
3988,1424.81,4.543231399,1,395.86,52.83,5.48,82.92,3.18,87.96,1.19,3.69,8.7,3.16,2,13,260575.4925,1,0,0,0,0,0,0
3576,1323.84,3.767558618,1,541.45,30.8,7.17,72.15,1.95,99.7,0.99,6.12,4.51,8.73,2,8,471436.2409,1,0,1,0,0,0,1
4469,550.0,3.123917304,3,859.58,0.76,9.43,64.25,13.59,91.93,1.94,3.06,0.24,5.84,1,14,282524.7182,1,1,1,0,0,0,0
2287,739.26,1.242991217,2,373.41,20.04,3.37,83.29,19.8,91.72,1.47,1.51,7.4,5.23,2,28,46646.71244,0,0,0,0,1,0,0
650,834.57,1.0,3,439.92,22.32,5.63,70.86,3.67,94.74,1.96,3.51,4.1,1.72,2,33,69543.51776,0,0,0,0,0,0,1
1559,758.47,1.262706224,3,245.91,0.37,8.41,41.65,13.94,87.99,1.59,2.43,8.08,5.13,1,7,123377.7762,0,0,0,0,1,0,1
2970,829.85,1.891653409,3,560.84,50.89,5.28,23.23,25.41,90.44,1.2,4.46,1.53,3.15,1,15,75170.08072,0,0,0,0,1,0,0
487,1454.19,1.712802724,4,599.84,51.1,6.99,101.47,7.77,95.25,2.0,3.43,10.0,8.15,1,10,272226.5919,0,0,0,1,0,0,0
2573,1334.34,2.088845749,3,505.94,25.1,6.75,62.52,27.84,97.45,0.14,5.75,1.41,5.28,1,17,239796.4809,0,1,0,1,0,0,1
3398,837.14,1.216579482,2,591.95,37.98,5.26,27.55,33.47,94.23,0.95,2.75,6.07,3.05,1,6,86593.78091,0,0,1,0,0,0,0
5213,1496.13,3.009158001,4,533.45,7.99,5.82,13.48,18.91,94.21,2.8,6.72,7.73,8.55,1,7,504701.4498,0,0,0,1,0,0,1
1772,914.61,1.969877996,2,1014.42,41.4,6.04,81.84,28.04,95.66,1.38,0.52,4.49,8.16,1,5,141112.0814,0,0,0,0,1,0,0
4583,1532.61,2.363318598,3,611.52,41.13,5.54,75.26,27.41,92.04,1.44,4.91,6.91,5.94,2,6,452090.244,1,0,0,0,0,0,0
2290,630.08,1.130709619,4,442.2,36.62,7.1,70.04,32.31,88.19,1.95,6.74,9.22,6.25,1,11,123166.9589,0,0,0,0,0,1,1
1678,570.62,2.765106183,3,215.78,46.15,7.37,39.43,36.54,94.45,1.34,5.63,4.94,8.03,1,11,268033.2901,0,0,0,0,0,1,0
345,866.59,1.0,4,443.86,38.24,6.31,20.68,8.41,90.22,0.86,2.87,0.35,3.18,1,5,212913.9279,0,0,0,0,0,1,0
1313,1438.77,2.625165708,4,176.24,24.06,6.69,3.31,21.36,93.02,1.24,5.78,6.85,4.38,1,14,390299.3172,1,0,0,0,0,0,0
3431,550.0,3.770993514,4,397.33,72.06,7.49,122.02,26.94,85.89,1.12,3.17,0.97,0.1,1,16,362264.0608,0,0,0,0,0,1,1
6222,1118.63,3.159659641,3,438.45,38.71,10.0,16.9,7.88,99.9,1.02,5.33,2.94,2.0,1,11,468900.6086,1,0,0,0,0,0,0
4598,679.89,3.253499176,4,124.47,22.76,9.15,14.32,5.48,91.58,0.49,6.35,0.85,5.66,1,19,425968.8509,1,0,0,0,0,1,0
852,550.0,1.508227609,2,196.84,12.43,4.23,27.22,26.31,92.29,2.0,1.09,10.0,7.73,2,24,13436.2447,0,1,0,0,0,0,1
6259,1629.25,3.936229087,2,598.66,33.97,8.74,34.31,20.91,99.9,1.98,7.44,8.98,4.15,1,11,326245.639,1,0,0,1,0,0,0
6731,863.02,2.008446441,3,105.48,77.15,6.28,46.46,37.37,95.26,1.86,4.08,5.28,5.68,1,10,304209.7172,1,0,0,0,0,0,0
92,826.08,3.119365868,2,340.94,70.57,3.63,7.51,8.48,91.82,1.66,0.34,7.35,5.7,1,7,109298.8332,0,1,0,0,0,0,0
4523,550.0,2.562340726,3,311.49,6.83,5.72,39.72,2.0,99.9,1.47,6.13,7.02,6.07,1,11,269412.3903,1,0,1,0,0,0,0
6836,1110.45,1.247922529,3,525.42,42.13,10.0,19.87,63.89,95.3,0.61,6.07,9.59,8.81,1,9,306258.6187,1,0,0,0,0,1,1
6069,1608.87,3.576349096,4,686.46,23.12,9.02,119.66,5.85,96.3,1.52,7.0,6.66,4.73,1,20,661753.1824,1,0,0,0,1,0,1
6228,782.9,1.769098482,3,34.53,20.92,6.38,28.31,53.31,90.15,1.67,1.35,2.17,2.26,2,28,187398.6305,1,1,0,0,0,1,0
2961,1177.71,1.136594265,1,328.97,15.24,4.13,49.3,16.59,84.73,1.29,0.16,0.34,6.39,1,14,175718.3251,0,0,0,0,0,0,0
4865,2027.73,2.00030168,4,468.29,0.98,6.94,46.27,30.58,90.72,1.9,5.34,8.98,9.33,2,41,417510.9901,1,0,0,0,0,0,0
794,858.42,1.0,3,520.16,51.26,5.66,89.94,16.26,95.9,2.25,5.87,2.34,3.3,1,-2,216515.3413,0,0,0,0,1,0,1
5386,992.95,2.880031008,3,867.92,42.08,5.6,76.79,8.92,97.96,1.71,0.71,5.76,5.01,1,24,285084.7394,1,0,0,0,0,0,1
2440,1006.85,1.607505347,2,200.68,9.41,5.65,16.12,18.02,94.93,1.11,4.86,6.2,5.33,1,25,334039.6913,0,0,0,0,0,0,1
6620,1249.39,4.506193698,3,499.06,15.52,10.0,75.37,1.36,90.43,1.37,8.41,7.08,5.68,1,12,387028.2366,1,0,0,0,1,0,0
2316,1028.47,1.313040673,2,481.75,4.78,9.16,27.26,11.69,93.88,1.87,4.64,8.24,9.86,1,10,92505.59685,0,1,0,0,1,0,0
3861,1386.37,1.732594418,3,590.93,48.09,7.14,44.33,4.47,99.9,1.14,6.34,6.99,7.65,2,61,263865.5095,1,0,0,0,0,1,1
2390,1429.04,1.112939611,4,73.71,29.92,7.75,12.25,27.45,90.72,1.91,7.15,4.91,6.68,2,36,437653.3554,0,0,0,0,0,0,1
3472,1291.71,1.0,3,197.32,44.88,4.84,60.68,25.03,85.38,2.02,6.18,10.0,10.0,1,21,170822.5667,0,0,0,0,0,0,0
6448,1423.75,1.708664799,2,223.78,41.92,5.55,23.2,12.51,93.32,1.31,6.8,5.36,6.77,1,13,243680.6911,1,0,0,0,0,0,1
6890,980.67,2.523725297,4,301.67,0.73,9.82,11.19,21.57,99.9,1.65,4.68,5.47,6.24,1,3,321309.7347,1,0,0,0,1,0,1
5139,597.29,1.9457456,4,146.63,35.37,8.66,12.39,11.42,92.86,2.03,5.5,7.64,6.42,1,20,221885.2799,0,0,1,0,0,0,0
702,988.51,1.653452693,2,733.98,54.64,9.67,9.28,13.04,99.9,1.48,4.71,3.7,4.89,1,22,186110.2906,0,0,1,0,0,0,0
1774,873.35,1.0,2,422.64,51.86,4.49,54.69,28.58,99.9,1.45,1.99,3.83,5.79,1,10,38146.02878,0,0,0,0,0,0,1
4966,550.0,2.266691686,5,190.27,59.38,10.0,32.31,1.09,97.83,1.25,5.48,9.69,6.73,1,17,472388.0923,1,0,0,1,0,0,0
3716,830.53,1.323549075,3,551.53,39.68,4.78,96.53,25.0,99.2,1.29,6.6,8.96,4.15,2,28,226639.1185,1,0,1,0,0,0,0
4801,1374.36,2.054585809,3,154.9,36.29,6.44,3.14,2.85,94.71,1.53,7.76,5.87,5.79,2,22,371169.8045,0,1,0,0,1,0,0
3276,1026.14,1.567010272,3,734.29,25.87,7.87,52.25,15.83,90.13,0.7,2.93,2.56,4.93,1,18,78687.65144,0,1,0,1,0,0,0
5001,1090.36,2.563796733,4,178.33,10.7,8.53,15.44,11.13,92.35,2.07,2.68,8.96,8.4,1,7,406840.1694,1,1,0,0,1,0,1
2941,1236.71,1.0,2,1065.99,57.0,6.32,81.64,17.56,91.71,1.49,6.66,10.0,6.5,1,5,148065.8613,0,0,1,0,0,0,0
2743,931.9,2.611440375,3,758.73,14.69,6.3,63.44,24.37,90.94,0.96,1.98,4.53,5.12,1,13,174550.4167,0,0,0,0,1,0,1
5660,550.0,1.178959017,2,288.62,51.03,4.21,111.13,9.2,94.8,1.3,1.17,6.95,6.34,1,9,249262.4642,0,0,1,0,0,0,0
5016,1305.92,1.0,5,427.58,21.84,7.99,55.74,6.17,94.18,2.25,6.94,6.97,6.87,1,20,318225.4129,1,0,1,0,0,0,0
825,2093.21,1.0,2,214.02,64.46,7.55,2.41,25.64,92.01,2.06,3.74,9.72,5.61,2,50,248293.8253,0,0,1,0,0,0,0
3224,550.0,2.019821314,3,761.48,14.72,5.14,10.69,46.74,94.01,1.38,6.49,6.99,5.35,1,11,149272.1084,0,0,0,0,0,0,0
4748,1356.4,1.544071738,4,261.49,74.07,7.45,45.93,35.28,93.77,1.5,6.82,9.42,5.84,1,11,349515.0949,1,1,0,0,1,0,1
4927,970.38,2.717602416,3,240.92,24.6,6.78,87.23,16.58,91.83,1.22,6.58,4.66,6.04,1,11,396735.0564,1,1,0,0,0,0,0
5833,786.88,1.818557689,3,585.04,10.02,7.34,29.73,24.81,97.57,1.11,6.76,6.56,5.52,1,16,432458.034,0,0,1,0,0,0,0
1525,1336.19,1.10374757,4,305.2,53.4,7.71,72.88,32.06,94.68,1.07,3.45,2.02,3.73,1,16,263213.226,0,0,0,0,1,0,1
2491,1686.82,1.057314862,2,53.18,46.2,7.39,81.87,40.39,93.63,2.23,6.37,8.82,7.05,1,21,187247.6754,0,1,0,1,0,0,1
4044,1428.66,1.912768878,4,329.34,47.37,5.82,8.01,19.43,99.9,1.29,6.04,4.05,6.71,1,3,535860.7967,0,1,0,0,0,1,0
5181,1359.74,3.477821201,4,515.75,22.8,10.0,45.27,14.49,92.3,1.82,4.76,2.63,4.25,1,13,435714.2437,1,1,0,1,0,0,1
3594,1492.0,5.295942087,3,610.47,17.85,7.26,1.82,7.29,84.79,1.11,10.0,6.87,8.2,1,14,818639.7382,1,0,0,0,0,1,0
4486,1066.78,2.310846015,5,323.34,18.99,10.0,11.08,19.44,99.85,1.24,6.3,6.06,7.13,1,10,486263.6323,1,0,1,0,0,0,0
5027,1252.22,1.061756463,3,138.55,11.34,9.57,25.29,13.2,99.9,1.72,7.35,9.43,7.88,1,15,389953.1122,1,0,0,1,0,0,0
6742,1930.0,3.760818872,3,533.78,33.9,7.36,18.87,10.63,80.11,1.45,5.86,7.63,7.89,1,19,516918.1922,1,0,0,0,0,1,0
430,581.23,1.0,3,763.99,17.23,8.6,59.57,29.59,93.95,2.14,1.01,4.9,5.52,1,13,39236.37427,0,0,0,1,0,0,0
4527,950.35,2.490189397,3,926.39,69.53,5.96,111.62,27.39,95.95,1.97,6.79,4.35,7.4,1,11,302382.6776,1,0,0,1,0,0,0
2543,690.05,1.0,1,446.66,51.78,5.87,71.1,26.58,92.91,1.11,2.79,1.56,4.32,1,19,91337.67333,0,0,0,0,0,0,1
6986,2192.52,1.0,3,172.13,23.18,10.0,8.54,12.91,99.9,1.6,6.01,9.22,8.53,1,8,338826.2994,1,1,1,0,0,0,0
569,550.0,1.039750998,2,899.22,51.62,2.66,38.94,15.11,83.31,1.4,4.04,2.79,5.34,1,16,102522.8054,0,0,0,0,0,1,0
2249,1056.11,1.227054093,3,300.08,17.17,8.64,23.61,3.78,92.12,0.6,5.48,3.04,6.69,1,8,291151.565,0,1,0,1,0,0,1
4489,550.0,3.069112702,3,575.86,19.36,7.51,34.74,1.94,95.16,1.86,4.0,5.02,6.47,2,25,378468.1718,1,0,0,1,0,0,0
3225,795.85,1.0,4,470.16,44.62,5.19,52.44,21.81,98.08,1.16,5.76,4.8,4.81,1,9,227924.5633,0,0,1,0,0,0,0
1015,679.57,1.093525573,2,518.23,46.36,7.35,13.87,4.22,98.41,2.76,3.8,2.49,4.83,1,11,138895.3891,0,1,0,0,0,0,0
4779,1186.8,3.810525254,5,800.46,49.64,9.52,91.88,6.16,93.95,0.87,3.64,9.27,6.55,1,10,518743.0371,1,1,1,0,0,0,1
6376,1327.95,3.776251036,4,1003.32,10.3,10.0,38.84,2.22,99.9,1.46,10.0,10.0,10.0,2,39,624175.8427,1,0,1,0,0,0,0
6645,1088.51,1.409465488,2,543.77,45.8,6.19,23.34,9.8,89.62,0.71,4.51,5.0,4.84,1,13,255137.6006,0,0,0,0,1,0,1
1739,550.0,2.153863396,1,529.29,54.31,3.28,51.85,16.28,86.78,2.16,1.1,3.24,4.44,1,5,115765.1128,0,0,0,0,0,1,0
1128,550.0,4.149932625,3,172.48,22.98,7.98,44.76,42.02,90.45,1.05,2.77,1.96,3.56,2,10,204842.7002,0,1,0,0,0,0,1
2102,550.0,2.396959184,1,556.49,43.09,3.8,17.22,16.29,91.88,1.53,1.04,4.99,4.98,2,32,5557.155051,0,0,0,0,0,1,0
4809,849.96,2.261439795,3,504.5,46.83,8.09,13.43,23.31,95.97,2.29,5.01,9.06,5.34,1,23,332330.7842,1,0,0,1,0,0,0
320,550.0,2.118715136,2,780.34,44.25,1.39,78.83,19.04,97.08,2.07,0.82,9.97,7.03,1,17,19005.8778,0,0,0,0,0,0,0
5236,839.18,2.660031304,3,39.77,38.71,9.63,64.93,24.34,97.07,1.05,5.53,7.42,3.13,1,14,331133.4232,1,0,1,0,0,0,0
6378,664.34,3.382167762,4,329.85,22.28,8.01,31.75,6.3,99.9,0.83,3.72,9.45,6.8,1,2,311378.9668,0,1,0,0,1,0,0
4638,1540.65,3.241657318,2,637.56,20.01,7.68,30.64,7.93,94.05,0.7,7.58,10.0,7.49,1,16,339477.876,1,0,1,0,0,0,0
6264,1304.8,1.792917833,3,607.91,2.91,4.65,64.85,25.51,93.55,1.83,5.46,3.44,7.37,1,8,277175.9163,0,0,0,1,0,0,0
4288,1048.47,2.193814202,2,1122.05,22.77,9.06,44.04,5.12,97.68,1.19,7.0,6.59,5.97,1,21,237731.8917,1,1,0,0,0,1,0
632,879.41,2.266629681,3,105.34,19.63,6.9,61.42,5.37,87.83,2.68,5.38,3.89,5.36,1,7,208183.9801,0,0,0,0,0,0,0
577,1195.99,1.036083376,3,604.53,16.13,7.74,40.76,15.44,99.9,1.77,5.74,10.0,7.48,1,20,198484.8755,0,0,0,1,0,0,0
6004,1173.64,2.301933032,3,651.16,26.41,2.48,147.97,9.74,87.82,1.4,3.87,7.17,4.19,1,14,279317.38,1,0,1,0,0,0,1
2925,1038.87,1.0,2,58.41,62.24,2.57,35.24,43.42,85.03,2.15,4.83,9.89,9.12,1,22,21337.85873,0,0,1,0,0,0,1
5090,879.48,3.285003421,4,663.46,27.8,8.79,10.4,6.69,99.9,1.54,4.86,4.75,7.27,1,14,290733.9099,1,0,0,0,1,0,0
1080,550.0,2.952521792,3,675.95,33.55,9.85,81.02,44.36,95.3,1.89,6.58,6.28,9.27,1,15,98526.0432,0,1,0,0,1,0,1
5114,1037.71,1.09209856,4,395.12,26.89,8.24,8.52,34.18,95.86,1.43,3.73,3.78,4.91,1,18,388747.194,1,0,0,0,0,1,0
4466,1741.57,2.015672342,2,668.65,69.17,2.9,2.75,7.36,89.24,0.53,4.92,6.53,7.05,1,15,308510.9495,1,1,0,0,0,0,1
3849,1648.14,1.803187338,3,286.13,27.48,10.0,72.61,32.08,95.97,0.96,6.37,4.82,5.65,1,19,363855.6368,1,0,0,0,1,0,0
6263,857.93,2.107979197,4,141.12,0.33,6.1,1.92,6.41,99.9,1.41,6.68,6.22,6.59,1,18,453766.4525,1,0,1,0,0,0,1
6598,856.11,1.0,3,973.7,40.3,7.52,76.15,13.82,93.02,1.47,5.02,1.06,6.1,1,22,200354.6815,1,1,1,0,0,0,0
5700,1229.94,1.634053084,2,355.61,27.38,10.0,72.59,22.76,99.9,0.84,7.93,7.15,6.22,1,26,323534.3701,1,0,1,0,0,0,0
1855,550.0,1.996248608,3,922.59,23.84,8.39,106.79,16.78,96.65,1.54,5.58,9.87,9.85,1,23,142974.7413,0,0,0,0,0,1,0
4376,1836.01,1.0,3,835.51,20.7,5.76,121.29,18.43,99.5,2.05,8.08,4.5,6.67,2,42,392822.0741,1,0,0,0,0,0,0
2426,577.32,1.038132203,3,300.27,29.07,6.43,48.38,35.42,94.63,1.22,2.46,4.24,4.87,2,33,138029.9048,0,0,0,0,0,0,0
1917,967.81,1.0,4,463.41,17.03,8.9,78.32,0.39,99.9,2.24,7.61,7.84,5.99,1,10,96095.86217,0,0,0,0,0,0,0
3770,550.0,1.992121476,2,331.56,23.64,3.49,73.67,43.44,88.2,1.97,1.33,7.62,7.09,1,19,164503.459,1,1,0,0,0,0,0
6490,2248.84,4.228159415,5,893.01,21.06,10.0,9.61,13.65,94.35,0.05,8.18,8.27,3.48,1,20,733629.5798,0,0,0,0,0,1,0
5086,1134.91,1.934008121,4,395.58,66.85,6.23,136.14,9.65,97.29,2.44,5.41,3.8,7.64,2,33,337452.8506,1,1,0,1,0,0,1
983,550.0,3.741620275,2,782.82,43.09,6.7,42.4,30.73,96.2,0.99,3.49,3.41,7.01,1,14,338001.5249,0,0,0,0,0,0,1
6369,689.99,2.652003499,3,525.8,32.47,9.06,53.49,32.23,95.95,1.59,5.5,10.0,6.16,1,3,343099.4084,1,0,0,1,0,0,0
1675,1152.41,2.690550165,1,676.01,33.51,6.92,78.97,35.07,94.89,1.01,3.45,7.7,2.67,1,8,115548.2401,0,0,0,1,0,0,0
785,1313.46,1.703501317,3,437.19,29.65,9.19,26.6,3.18,90.04,1.33,5.65,7.97,7.86,1,24,253150.9941,1,0,1,0,0,0,0
5469,1946.01,1.90547435,2,988.21,13.96,6.32,56.97,8.29,92.3,0.81,7.15,9.19,7.19,1,15,398777.7425,1,0,0,0,1,0,0
4728,637.46,3.233333144,3,301.25,39.37,9.86,25.37,2.28,96.53,1.37,4.75,2.5,6.99,1,12,320582.6899,1,0,1,0,0,0,0
2762,645.83,1.0,3,541.42,28.47,7.18,18.74,42.53,94.03,2.04,3.64,1.09,2.65,1,15,18965.74668,0,0,0,1,0,0,0
1973,1049.26,1.785673467,4,839.33,56.14,8.98,55.2,5.78,87.88,1.6,4.9,2.64,2.73,1,6,254741.5845,0,0,0,0,0,0,0
3181,607.97,1.335726763,3,1038.68,5.38,7.19,15.06,1.98,95.96,1.62,5.7,5.23,5.06,1,10,263677.9399,0,1,0,0,1,0,1
3720,980.09,3.023932236,3,849.4,27.13,9.3,51.49,40.97,91.91,2.13,7.55,6.05,8.38,1,11,367215.5415,1,1,0,1,0,0,0
6988,1520.26,1.42280679,4,364.53,14.66,7.93,102.46,23.0,97.73,1.63,5.8,6.04,5.91,1,12,271954.1655,1,1,0,0,0,0,0
3735,1252.56,2.686558193,2,239.71,25.03,8.09,22.39,2.31,95.09,2.18,5.91,10.0,9.14,1,24,307791.9793,1,0,0,0,1,0,0
500,692.45,1.699053577,3,733.19,6.93,6.78,13.57,6.11,99.9,1.37,2.02,5.63,5.98,1,11,123398.3183,0,0,0,0,1,0,0
5953,731.37,3.080544128,5,356.93,32.57,6.06,30.85,20.15,88.54,1.66,3.72,1.24,3.43,1,15,381233.1808,1,0,0,0,0,1,1
363,657.08,1.512336617,4,52.16,35.64,5.75,56.93,32.81,98.85,2.27,3.69,5.8,4.08,1,12,169984.7819,0,0,0,1,0,0,0
2117,1246.47,2.16534028,2,877.54,28.34,5.18,6.63,3.02,94.13,2.1,4.34,5.39,4.07,2,27,258309.049,0,0,0,0,1,0,0
2905,1139.0,1.0,4,1191.61,19.29,6.0,20.2,0.11,88.77,1.77,4.35,1.72,6.45,2,36,284792.6505,0,0,0,0,0,1,1
6871,1296.86,2.692408256,5,572.74,27.45,8.64,77.97,23.63,89.87,1.11,6.62,2.27,1.6,1,21,428568.2303,1,1,1,0,0,0,0
1361,558.05,1.055004562,3,723.46,4.77,3.76,38.62,17.18,93.07,1.3,0.94,2.62,3.12,1,9,65793.8771,1,0,1,0,0,0,0
292,550.0,2.572631555,4,237.74,51.63,9.86,20.72,3.18,95.76,1.54,4.96,10.0,4.43,1,18,216617.924,0,1,1,0,0,0,0
2583,550.0,1.2640972,3,263.14,61.5,8.19,117.09,26.43,91.21,1.72,5.92,0.61,5.46,1,9,92291.35513,0,0,1,0,0,0,0
3315,550.0,2.380150571,2,671.47,22.13,6.19,40.23,26.41,91.59,0.66,5.24,9.58,6.09,1,10,95894.25659,0,0,1,0,0,0,0
6668,1872.27,4.54987317,5,591.54,45.7,9.95,93.93,5.18,86.91,1.6,7.82,8.51,8.76,1,23,735124.8047,1,0,0,0,1,0,1
6019,550.0,2.91869201,3,912.6,19.93,3.52,38.3,11.17,88.45,2.14,3.91,7.47,3.78,1,9,136369.1064,1,0,1,0,0,0,0
1682,1044.95,1.830649008,3,1041.04,44.45,10.0,17.26,14.58,98.07,1.04,6.75,5.69,4.33,1,7,402650.454,0,1,0,1,0,0,1
93,550.0,1.686046962,3,140.94,24.9,7.52,31.11,24.4,95.55,1.73,4.98,5.01,4.66,1,7,44002.73589,0,0,0,0,0,0,0
5727,1297.26,1.286997052,5,524.32,21.06,6.38,47.93,1.34,95.0,1.26,4.1,2.83,4.58,2,22,355268.53,1,0,1,0,0,0,1
5247,1061.61,3.358041787,4,117.16,14.98,6.5,70.58,3.44,99.6,1.41,7.44,8.39,6.56,1,18,901265.1851,1,1,0,0,0,1,0
5262,1163.32,3.102700769,3,366.04,12.24,5.83,36.19,3.71,99.9,1.24,3.5,2.33,3.85,2,38,256293.3832,1,0,0,1,0,0,1
6662,1376.82,1.495025997,4,636.25,44.6,8.42,43.07,33.36,86.75,1.29,5.54,6.64,6.63,1,22,396390.2015,1,0,0,0,1,0,1
5078,1425.85,1.169170551,4,819.64,9.59,9.35,65.96,26.44,90.99,1.95,6.27,7.55,7.08,1,17,322615.6366,1,0,0,0,0,0,1
6958,1538.8,1.849178478,2,367.31,8.36,5.27,90.17,16.7,97.82,1.31,5.36,5.57,6.24,1,4,193256.857,1,0,0,0,0,1,0
2078,1198.14,1.748330239,1,137.93,6.15,6.93,54.8,5.9,94.9,1.65,5.89,7.44,7.75,1,9,90385.53636,0,1,0,0,1,0,0
859,1052.22,2.811810604,2,550.11,42.21,4.07,4.59,11.51,84.54,1.14,3.94,6.41,2.24,2,22,105977.1044,0,0,0,0,0,0,0
4329,805.92,2.02320994,5,506.72,48.26,7.63,33.74,19.21,85.36,2.07,7.07,6.61,8.53,1,8,346141.043,1,1,0,1,0,0,0
279,550.0,1.012337491,3,458.54,9.9,9.15,69.79,23.34,95.24,1.76,6.59,1.77,3.97,2,31,12739.11552,0,1,0,0,0,1,0
5149,1319.82,2.760656615,3,492.75,21.5,10.0,37.36,18.76,99.9,1.41,7.96,10.0,10.0,1,12,609171.4957,1,0,1,0,0,0,1
3816,1394.65,3.076075698,4,565.49,20.49,9.83,14.81,10.93,94.53,1.11,8.91,7.04,4.27,1,11,525115.1613,1,0,0,1,0,0,1
2705,550.0,1.023159862,2,492.35,37.58,6.8,5.63,12.53,87.53,0.94,1.73,9.01,4.29,2,42,256364.8987,0,0,0,1,0,0,1
1939,879.97,1.0,1,301.8,5.09,0.29,45.91,49.81,96.85,1.98,0.22,1.27,2.26,1,17,145616.0687,0,0,0,0,0,1,0
4544,1010.83,2.704026571,3,223.68,12.11,8.55,53.01,29.05,99.66,1.41,6.23,5.03,4.86,1,12,343882.809,1,1,0,1,0,0,1
6653,1371.3,3.667584907,4,669.83,15.07,9.25,32.74,5.14,95.43,1.56,4.44,5.29,5.89,1,16,566661.5398,1,0,0,0,1,0,1
1956,550.0,2.010068151,4,315.89,25.03,6.66,79.71,12.57,93.73,1.75,4.12,9.35,6.7,1,11,293829.5694,0,0,0,0,1,0,1
4655,636.25,3.620703764,5,571.31,30.16,4.86,60.34,12.56,87.79,1.67,8.01,7.26,2.41,1,11,584450.9103,1,0,0,0,0,0,1
3202,1056.4,2.551037108,2,474.16,44.32,5.34,97.05,27.43,93.99,1.32,5.81,9.35,4.95,1,14,333841.0811,0,0,0,1,0,0,0
2437,942.18,1.0,3,721.79,10.89,7.87,36.56,3.86,94.98,1.61,4.15,9.02,5.25,1,18,43162.40544,0,0,0,0,1,0,1
5063,1639.0,3.138884105,5,261.29,37.23,10.0,6.98,7.17,99.9,2.08,10.0,7.69,5.04,1,11,736854.4836,1,0,1,0,0,0,0
861,550.0,2.071229216,4,489.95,43.86,7.07,50.51,4.81,96.23,1.57,5.11,10.0,7.68,1,22,128484.8194,0,0,1,0,0,0,0
6028,860.83,1.187157911,6,804.15,10.8,7.53,57.63,19.92,89.72,1.6,5.31,7.48,7.4,2,47,367538.0679,1,0,1,0,0,0,0
938,845.65,2.892747742,3,534.13,12.44,8.26,77.76,19.15,88.94,1.54,6.53,4.12,6.07,2,12,184681.7162,0,0,0,0,0,0,0
2135,657.43,1.916210983,2,886.83,65.15,4.53,9.26,23.52,98.04,3.11,5.35,3.55,6.56,2,17,18184.65996,0,0,0,1,0,0,1
2056,729.98,1.0,2,695.67,42.11,2.77,49.9,29.7,79.93,1.15,2.57,5.04,5.86,1,14,41678.47109,0,1,0,0,1,0,1
6,1069.49,1.230458103,3,757.58,37.84,4.4,46.86,5.73,80.9,1.57,5.82,4.25,5.12,1,10,89824.60649,0,0,0,0,1,0,0
1063,550.0,2.518274005,2,311.23,32.54,4.48,95.99,18.29,90.21,1.36,3.31,3.63,5.87,1,13,176421.9074,0,0,0,0,0,1,0
3761,796.19,3.477119693,4,1088.34,53.34,4.84,37.92,11.24,91.83,1.54,6.27,6.61,4.46,1,23,511531.9376,1,0,0,0,0,0,0
5839,1596.29,2.277437668,3,1016.59,36.79,6.05,74.34,9.32,99.9,1.61,6.68,4.16,5.24,1,8,390021.9643,1,0,0,1,0,0,0
3841,1417.24,2.365780051,4,573.58,18.81,9.75,7.1,6.17,99.9,1.36,10.0,10.0,8.39,1,11,671634.2168,0,1,0,0,0,1,1
4951,1303.39,1.0,4,11.32,32.55,8.01,46.47,21.42,97.04,1.22,6.97,7.95,9.71,2,15,314885.0051,1,0,0,0,0,1,0
5633,1359.56,2.307343858,3,269.28,19.82,8.37,95.4,4.78,89.82,1.53,5.91,9.35,6.97,1,12,377520.7734,1,1,0,1,0,0,0
224,1213.01,1.818171351,4,451.41,33.95,8.01,102.68,7.17,99.9,1.48,5.84,5.93,6.2,1,13,306063.4177,0,0,1,0,0,0,0
4541,1192.83,2.03786619,4,105.48,22.01,8.99,19.73,6.23,98.4,0.88,4.81,8.39,6.82,1,13,566775.9087,1,0,1,0,0,0,0
1523,1235.84,1.842031534,2,772.48,1.79,5.65,93.07,4.31,85.55,1.26,3.35,0.93,7.36,2,49,242515.5896,0,0,1,0,0,0,1
2388,1886.97,1.0,3,7.94,4.8,5.65,0.71,13.72,87.05,1.71,5.93,7.9,7.6,2,16,459014.1239,0,0,1,0,0,0,0
436,948.18,3.356351663,2,122.42,27.35,5.85,8.22,37.12,95.61,1.14,6.97,7.33,6.45,2,31,297613.9704,0,0,0,0,0,1,0
3665,1714.27,4.363038034,3,389.17,21.66,7.15,87.97,17.04,84.3,1.53,6.55,7.66,7.45,1,7,548642.6743,1,0,0,0,1,0,0
6360,946.91,3.069049967,3,466.77,4.88,4.77,63.85,22.63,84.56,1.88,2.98,8.62,4.07,1,21,346095.1573,1,0,0,0,1,0,0
1043,550.5,1.0,3,362.24,7.88,6.54,69.62,17.89,90.99,2.13,6.08,1.34,6.21,2,44,48894.81401,0,1,0,0,1,0,0
1358,550.0,1.0,2,449.25,22.78,4.8,7.31,17.24,88.99,1.57,2.92,5.67,8.65,1,20,216504.7266,0,0,1,0,0,0,1
1826,550.0,1.308161431,3,30.37,47.77,6.04,45.94,36.89,95.67,1.61,6.49,3.79,5.67,1,7,155573.2173,0,1,1,0,0,0,0
3105,860.54,2.367229102,3,525.04,23.29,5.81,123.1,21.53,96.77,1.6,4.7,8.28,10.0,1,15,191561.7763,0,0,1,0,0,0,0
5022,1218.44,1.702122157,3,600.08,19.22,6.85,52.46,36.65,96.75,1.91,6.52,4.8,5.82,1,20,415490.1067,1,0,0,1,0,0,1
602,824.59,1.983334829,3,120.83,24.56,6.82,87.15,9.38,87.69,2.31,4.3,5.1,7.03,1,26,144729.8005,0,0,0,0,0,0,0
6123,954.7,1.0,3,452.58,46.55,3.47,90.49,18.64,89.44,1.65,5.02,2.2,8.88,2,33,223272.8222,1,1,1,0,0,0,0
6900,902.07,3.157964559,4,906.51,49.76,7.48,98.35,13.12,87.01,1.28,5.5,10.0,6.55,1,16,406016.5694,1,0,0,0,0,1,0
4905,1479.88,1.073951299,4,732.06,27.75,8.7,48.64,2.82,90.55,2.3,7.4,10.0,7.75,1,14,433972.6782,1,0,0,0,0,0,1
6575,1798.19,3.577990837,3,424.89,2.61,7.74,5.6,6.65,98.31,1.02,6.16,10.0,6.19,1,10,566330.8753,1,0,1,0,0,0,1
1338,874.22,1.0,3,611.22,37.43,6.88,39.05,19.61,84.23,1.5,3.15,6.66,8.2,1,12,223539.1365,0,0,0,1,0,0,1
4853,1992.7,3.575764462,4,761.17,40.6,8.31,30.25,15.69,93.29,1.37,8.85,6.08,6.2,2,13,713021.6051,1,0,0,0,0,0,0
4124,1682.77,1.149605959,2,652.84,21.68,7.41,17.07,24.91,91.01,1.53,6.71,5.85,6.13,1,11,216961.8714,1,1,0,0,0,0,0
6385,1304.89,4.018235305,4,173.37,37.06,9.28,15.14,11.85,99.48,0.86,6.0,1.2,4.25,1,12,608624.4005,1,0,0,0,0,1,1
1853,1452.7,1.77248323,3,58.99,40.47,9.49,34.31,15.61,95.98,2.59,7.83,9.59,7.68,1,17,342451.2155,0,0,0,1,0,0,1
3886,1717.65,3.469669949,3,431.28,0.06,10.0,9.17,1.88,96.79,1.34,6.05,7.0,5.21,1,5,383036.1863,1,1,1,0,0,0,0
768,550.0,1.839053707,4,335.9,43.48,6.99,19.33,25.76,96.4,1.22,4.85,4.55,4.33,1,5,253898.9156,0,0,0,0,1,0,0
1308,1388.91,1.0,3,440.11,24.65,7.05,16.4,14.0,99.82,1.55,3.82,6.79,8.74,1,16,248847.4113,0,0,0,0,0,0,0
2079,550.0,1.0,3,811.06,46.9,5.38,16.45,21.91,97.24,1.09,4.94,7.03,4.62,2,9,90460.73789,0,0,1,0,0,0,0
2596,757.67,1.694310441,3,940.59,24.01,10.0,27.95,3.26,93.62,1.65,7.54,6.35,5.99,1,18,215636.2172,0,0,1,0,0,0,1
5794,550.0,3.005646014,4,56.44,11.19,10.0,28.94,1.58,91.98,1.45,9.07,9.74,10.0,1,12,466900.2158,1,0,0,0,0,0,1
5539,1024.69,1.167443344,4,386.54,17.87,9.62,2.49,2.2,92.8,1.73,8.7,8.57,9.92,1,15,244871.9574,1,0,1,0,0,0,0
5861,1625.37,3.468749086,3,639.07,49.12,5.71,63.72,16.29,83.92,1.46,6.69,7.07,7.82,1,21,416237.3035,1,0,0,0,0,0,0
1336,550.0,1.418814967,2,540.45,21.68,3.98,66.46,42.24,89.74,2.59,1.71,6.2,4.22,1,8,65723.11262,0,0,0,0,0,0,1
3765,1406.63,1.0,3,68.52,34.58,6.65,33.31,4.0,89.65,0.94,4.59,2.3,5.53,2,38,425481.1935,1,0,0,0,1,0,1
4007,1267.22,2.18782113,4,715.27,86.44,6.57,62.61,23.57,93.79,1.43,3.02,8.68,8.66,1,5,290926.8522,1,0,0,0,1,0,0
2104,946.99,1.227902599,3,507.04,72.72,8.07,1.59,16.94,93.96,0.72,4.68,4.62,4.77,2,24,231124.0805,0,1,0,0,0,0,1
3043,601.06,1.603121569,3,749.01,18.73,4.95,40.68,19.01,89.07,1.38,2.16,3.77,5.66,1,15,49342.32675,0,0,0,0,1,0,0
3833,1274.02,2.058710274,4,97.38,43.73,6.17,10.14,18.42,96.76,2.08,8.08,0.26,4.0,2,50,545995.3007,1,0,0,0,0,1,1
1931,550.0,1.588792207,5,15.09,2.77,8.07,54.53,48.62,97.83,1.34,4.06,5.45,7.59,1,7,218811.8383,0,0,0,0,0,0,0
3327,806.19,1.0,1,988.98,43.81,4.96,31.01,22.54,99.9,1.69,2.98,3.7,4.93,2,22,124544.9974,0,1,1,0,0,0,0
2916,550.0,3.217503603,4,1076.85,4.1,8.65,3.41,14.61,99.68,1.86,6.9,10.0,9.73,1,23,182949.8409,0,0,0,0,0,1,1
6870,1646.74,1.724571339,3,359.69,61.03,6.43,35.46,27.57,88.33,2.17,5.57,3.94,5.51,1,18,265148.8427,1,1,1,0,0,0,0
2997,1530.0,1.785409923,3,552.64,17.62,6.05,63.23,10.08,83.91,1.53,4.38,3.8,5.26,2,23,297128.1516,0,0,0,0,0,1,1
464,550.0,1.0,3,229.63,23.94,8.75,60.06,14.81,95.89,2.18,4.66,10.0,5.72,1,20,23066.99327,0,1,0,0,1,0,0
6171,550.0,3.674042056,2,145.93,10.7,6.93,8.47,9.24,92.42,1.17,5.58,4.83,6.77,1,13,217657.8444,1,1,0,1,0,0,1
568,550.0,1.849126668,3,136.51,49.92,3.83,1.5,26.72,94.0,1.69,6.79,10.0,10.0,1,12,287097.3558,0,0,1,0,0,0,0
725,550.0,1.125123911,3,452.06,29.42,7.43,71.77,26.88,97.86,1.42,4.8,3.8,7.34,1,7,139194.6017,0,0,1,0,0,0,1
4331,1722.1,2.827756813,1,470.68,8.24,5.8,5.96,27.78,99.75,1.4,6.38,6.66,5.32,1,-3,295636.1385,1,0,0,1,0,0,0
1818,1034.3,1.104604041,3,193.7,21.15,8.98,24.45,1.56,98.29,1.68,5.33,5.06,5.78,1,18,280297.0426,0,0,0,0,0,1,0
1526,550.0,2.766211811,2,713.06,65.56,3.6,51.39,10.6,97.76,1.88,4.22,6.66,10.0,1,14,23432.68525,0,0,1,0,0,0,1
5030,1596.19,1.0,4,735.47,0.16,9.51,22.51,10.8,96.98,1.03,5.36,7.95,9.31,1,6,443263.0323,1,1,0,0,0,1,0
1964,1137.38,1.0,2,353.43,66.78,3.8,95.65,28.37,92.32,1.71,0.79,5.94,6.01,1,24,64330.62613,0,0,0,0,0,0,1
395,857.78,2.751950305,3,615.54,27.79,3.42,25.63,12.94,94.34,1.18,3.7,4.39,6.87,1,9,282915.8867,0,1,0,0,0,1,1
2279,1297.69,2.896392177,2,398.22,37.61,9.13,22.43,7.16,94.54,1.17,3.54,6.35,5.51,1,14,220988.0124,0,1,0,0,0,1,0
5754,1382.61,2.302883065,4,174.11,54.63,5.58,38.99,0.36,98.84,1.22,8.79,2.41,3.06,1,9,440842.8566,1,0,1,0,0,0,1
660,550.0,3.431824217,3,484.68,36.3,9.21,33.27,30.04,99.9,1.1,5.42,3.33,4.26,1,14,173504.8444,0,0,0,0,0,1,1
813,550.0,1.103147022,3,523.87,39.89,4.11,42.89,34.1,89.73,2.48,2.3,8.57,6.69,1,10,86111.38938,0,0,0,0,1,0,1
2101,1083.05,2.193910122,1,710.06,63.97,6.33,63.52,7.65,80.39,2.21,3.52,4.34,5.01,1,6,23347.78815,0,1,0,0,1,0,0
1143,742.88,4.048452117,2,167.55,8.13,8.12,59.97,6.93,93.73,0.6,7.31,9.52,6.94,1,15,287349.1022,0,0,0,0,0,1,1
1035,1535.57,2.431553444,2,867.01,6.26,8.55,30.99,18.84,99.58,1.05,5.64,7.77,7.46,1,18,368890.6677,0,1,0,0,1,0,1
3942,1312.94,1.312026735,4,365.39,3.88,9.42,38.57,17.1,94.84,0.68,6.7,6.24,5.92,1,17,378618.9225,1,1,0,0,1,0,0
25,1029.81,2.156653345,2,24.46,27.11,5.0,85.69,15.79,96.63,1.55,5.09,5.67,3.77,1,16,241830.8696,0,1,1,0,0,0,0
1823,550.0,1.0,4,293.84,43.91,7.36,18.44,19.33,80.38,1.22,2.78,9.35,3.76,2,24,149791.0076,0,1,0,0,0,1,0
4097,1402.17,1.722193844,2,715.93,10.71,8.02,67.77,27.66,99.9,1.88,6.12,6.4,8.05,1,6,487140.8111,1,0,0,0,1,0,0
2457,550.0,1.888014424,3,462.36,24.1,7.48,30.57,8.05,96.83,2.5,5.01,3.73,5.62,2,35,124130.0211,0,0,0,0,0,0,0
6920,1242.45,1.298774338,4,423.82,39.41,5.04,22.14,7.67,92.11,1.08,6.69,5.87,6.89,1,9,426113.6303,1,0,1,0,0,0,0
6292,1281.8,3.396545189,3,858.82,50.4,7.34,85.11,2.22,90.12,1.15,8.09,7.9,4.57,1,11,487583.0329,1,0,0,0,0,1,0
3467,563.95,1.0,4,358.21,7.32,6.6,16.5,37.79,90.1,1.28,2.22,5.5,2.94,1,7,144867.1084,1,0,1,0,0,0,0
1815,1348.31,1.0,2,1012.37,10.57,5.63,74.04,17.16,85.52,2.09,2.92,6.6,8.11,1,13,113221.6296,0,0,0,1,0,0,0
6699,1855.43,1.468525379,4,470.89,21.83,5.99,56.53,8.58,96.3,1.69,8.68,3.55,6.74,1,9,554948.6208,1,1,0,0,0,1,1
3107,550.0,1.924803598,3,182.65,19.69,2.83,113.37,37.74,99.9,0.78,2.75,3.13,5.37,1,21,198064.7471,0,0,0,1,0,0,1
5500,1228.89,2.321384684,4,811.54,2.67,10.0,64.24,1.72,99.9,1.06,8.22,9.07,9.07,1,24,580517.5075,1,0,0,1,0,0,0
1962,592.53,1.824204056,3,756.19,2.77,7.2,99.13,36.99,93.17,1.88,4.69,8.87,8.1,1,9,136328.4322,0,0,0,0,0,0,0
1765,831.3,1.0,3,771.18,37.29,3.48,0.25,14.94,82.66,2.31,1.58,0.95,5.46,1,12,10234.23708,0,0,1,0,0,0,0
773,1100.88,1.0,3,388.99,37.59,6.57,0.52,24.68,92.86,2.06,4.37,10.0,7.63,1,22,220007.155,0,0,1,0,0,0,0
4026,1641.08,2.560884287,3,494.05,3.8,7.17,114.44,54.31,87.93,1.44,2.76,2.15,7.25,1,28,307875.1808,1,0,0,0,1,0,0
3835,1128.09,2.512733384,3,1188.71,23.63,8.37,88.8,8.35,93.15,1.94,3.95,6.23,6.99,1,6,297892.8048,1,0,1,0,0,0,0
5725,1618.08,1.225591744,2,694.75,14.36,7.1,63.0,10.78,99.9,2.02,3.83,0.97,2.74,1,24,235684.2164,0,0,0,0,0,0,1
3960,1251.41,3.082831495,2,108.84,33.2,7.44,91.42,21.07,99.9,1.7,6.02,4.46,5.66,1,15,215944.9062,1,0,0,0,1,0,1
6819,886.39,3.060466873,2,485.42,22.84,7.97,3.81,23.14,99.9,1.41,6.74,5.29,5.1,1,15,271144.2114,1,1,0,0,0,1,1
1153,550.0,1.086552437,3,1125.5,16.1,6.87,61.05,29.19,92.54,1.67,5.07,7.53,4.92,2,52,73537.8521,0,0,0,0,0,0,0
201,1152.7,2.656206488,2,725.39,49.57,6.19,57.15,35.82,95.51,0.78,5.42,4.26,3.21,1,22,231907.9277,0,0,0,0,1,0,1
5538,1440.35,2.929929874,3,326.94,37.32,7.48,54.7,22.3,98.79,2.01,5.69,6.41,6.54,1,15,287338.197,1,0,0,1,0,0,1
2070,550.0,1.292995806,2,289.13,63.59,5.43,18.13,29.97,85.3,1.43,3.39,8.84,6.78,1,16,50914.02599,0,0,0,0,1,0,1
1986,778.73,2.060170263,2,328.2,4.07,5.45,73.88,3.46,96.85,0.73,2.9,4.21,3.1,1,24,95622.20945,1,0,0,0,0,1,0
4312,1628.72,3.255861617,4,462.37,45.91,7.86,19.92,0.75,99.9,0.63,8.58,4.2,4.66,1,9,544429.877,1,0,0,0,0,1,0
5113,550.0,3.325822755,5,576.66,10.27,8.85,61.5,4.78,95.9,0.82,6.32,2.74,4.05,1,9,412348.2183,1,0,0,0,1,0,0
5123,665.08,2.189400413,3,342.61,24.14,7.08,66.85,6.16,93.21,1.23,4.08,0.77,7.28,1,8,350880.8964,1,0,1,0,0,0,0
6894,1260.83,3.97070113,3,790.43,51.64,6.5,17.87,2.45,95.98,1.93,5.58,10.0,8.42,1,11,292755.523,1,1,1,0,0,0,0
5808,550.0,4.002586039,5,415.03,48.5,6.94,63.83,5.97,98.82,1.24,7.0,8.81,7.74,1,-1,346577.2325,1,0,0,0,1,0,0
5199,1587.13,1.0,3,947.19,32.86,7.61,3.49,0.56,98.97,1.82,7.67,4.98,8.14,1,16,569669.9328,1,0,0,0,0,1,1
6568,1563.94,3.770390049,4,762.47,71.45,10.0,63.97,4.99,95.11,0.56,6.52,7.94,4.58,1,8,692828.908,1,0,0,0,0,1,0
5362,1486.4,3.456311084,3,814.49,15.71,8.75,67.42,30.48,97.5,2.44,3.07,6.07,6.27,1,11,452140.432,1,1,0,1,0,0,0
790,1220.57,2.197197424,3,986.43,0.4,8.77,30.66,22.21,88.94,1.33,3.79,6.93,6.44,1,14,188778.8076,1,0,0,0,0,1,0
2346,614.25,1.629540693,3,195.47,46.95,4.34,65.94,20.53,94.69,1.51,3.57,8.39,6.28,2,15,270056.474,0,0,0,0,1,0,0
139,759.92,1.0,4,237.53,19.42,6.78,72.37,20.92,99.9,2.22,5.45,7.11,7.7,1,7,175073.5731,0,0,0,0,1,0,0
1886,2013.34,1.641978505,2,634.88,26.82,6.74,101.36,37.07,90.25,1.12,2.59,7.07,5.67,1,13,227632.6904,0,0,1,0,0,0,1
338,550.0,2.432889702,3,196.21,30.02,3.64,4.38,13.8,87.73,2.05,7.0,8.0,6.37,1,16,182241.1725,0,0,1,0,0,0,1
260,834.4,1.739441341,3,424.69,13.5,8.85,11.2,32.79,90.09,1.79,4.01,4.88,5.72,1,20,218176.661,0,0,0,0,1,0,1
36,550.0,3.276958827,4,402.0,30.64,3.26,10.23,7.41,90.59,2.03,4.22,5.11,4.8,1,3,235030.3987,0,0,1,0,0,0,0
719,1065.79,1.201645166,2,380.22,43.31,2.86,8.46,49.5,87.95,1.37,3.07,3.44,5.49,1,13,56864.5667,0,0,0,0,0,1,0
4513,550.0,2.054379537,3,444.28,39.87,4.72,108.74,32.68,90.04,1.6,4.11,7.49,6.39,2,37,169887.516,1,0,0,1,0,0,0
5586,550.0,2.157199758,3,344.01,17.7,9.61,24.64,12.65,95.27,1.11,5.25,6.51,7.66,1,11,345301.1169,1,0,1,0,0,0,1
6772,1023.07,1.177763634,4,55.58,13.02,8.3,15.38,3.08,94.05,1.53,6.2,7.85,5.54,1,15,350043.317,1,0,0,0,1,0,0
4350,1999.89,2.019267113,3,597.96,47.36,5.54,6.92,3.84,99.9,1.26,6.19,7.04,5.9,1,13,663765.2402,1,1,0,0,0,0,0
376,1290.57,1.501609629,4,115.93,17.67,5.71,90.44,34.52,85.74,2.04,5.49,8.66,8.14,1,14,257308.6152,0,1,0,0,0,0,0
2525,550.0,2.771258121,2,761.76,17.39,6.32,65.28,2.02,99.9,1.29,6.15,3.12,7.24,1,15,150016.3787,0,0,1,0,0,0,0
3642,784.31,2.214263707,3,1012.43,37.14,7.14,54.89,6.54,89.89,2.03,7.07,9.26,7.87,1,13,330777.6192,1,0,1,0,0,0,1
620,871.09,1.0,2,351.15,2.13,8.26,5.13,21.37,94.67,2.3,4.88,1.94,4.55,2,26,4846.588541,0,1,0,0,1,0,1
2653,706.56,1.746485857,4,647.51,4.16,7.33,103.24,6.27,99.9,2.25,2.78,3.64,7.51,1,13,33381.18772,0,1,0,0,1,0,0
3147,586.53,1.026596463,3,880.07,2.47,5.54,81.83,16.9,99.9,1.67,3.45,0.59,1.84,1,10,105267.2963,1,0,0,0,1,0,0
4211,684.47,3.076438976,3,801.58,12.23,8.62,26.23,28.47,94.7,2.03,5.3,2.98,5.24,1,18,200173.7523,1,0,0,0,0,1,0
1107,550.0,2.04196534,3,594.82,25.54,5.37,71.5,37.09,94.24,2.16,5.7,4.88,6.29,1,5,234829.8305,1,1,0,0,1,0,0
2618,842.16,3.371805664,1,509.27,20.73,4.28,35.88,36.54,98.54,1.54,2.53,9.42,5.91,1,14,212641.0238,0,0,0,1,0,0,0
302,550.0,1.0,3,251.84,50.61,6.16,60.57,9.75,92.34,1.78,3.6,6.87,9.23,1,5,27035.13747,0,0,0,0,1,0,0
1075,550.0,2.774532676,3,555.7,31.91,2.78,85.06,24.63,88.17,1.54,5.71,2.82,7.42,1,15,120055.3012,0,0,0,0,0,0,0
5992,1484.71,3.117119966,3,717.94,31.7,7.36,15.61,25.33,92.7,1.24,3.84,6.83,6.32,1,14,522584.6232,1,0,0,0,1,0,0
5643,1120.47,2.610455597,4,98.32,25.07,6.27,7.89,6.38,94.42,0.5,6.45,6.91,4.68,1,18,688363.2979,1,0,0,0,1,0,0
6120,912.43,1.854286249,4,675.78,5.82,10.0,87.95,20.4,96.93,0.8,5.79,8.98,6.63,1,12,490964.0904,1,1,0,1,0,0,0
6311,877.75,2.997011329,2,933.82,20.51,9.49,61.71,15.41,95.12,1.0,5.23,8.35,5.77,1,10,181749.0237,0,0,1,0,0,0,0
4714,1115.03,2.519953769,3,662.48,34.01,5.75,10.23,6.12,99.9,2.2,4.02,3.79,5.57,1,5,353026.4342,0,0,0,0,0,0,0
362,839.86,2.136883246,3,1022.66,44.57,7.8,55.82,5.69,91.79,1.04,4.86,5.25,6.58,1,13,274953.7258,0,0,0,1,0,0,1
6063,550.0,4.72441073,5,318.62,68.03,6.2,65.19,27.93,87.57,2.06,4.18,8.08,10.0,1,15,652095.3436,1,0,0,0,0,1,0
1565,550.0,1.0,2,518.19,52.16,5.43,29.55,4.55,91.26,1.58,0.65,8.09,4.62,1,18,227343.9593,0,0,0,0,0,0,0
3531,1422.5,2.868660955,3,610.96,18.95,7.96,13.98,2.36,99.06,2.01,4.97,7.62,3.38,1,20,447581.2695,1,0,0,0,0,0,0
5187,1124.58,2.424165332,3,98.5,38.28,8.88,95.29,12.42,89.55,2.62,6.55,6.6,7.2,1,14,288605.9177,1,0,0,0,0,0,0
733,699.69,2.699788093,2,780.82,46.33,6.81,86.44,5.96,94.07,1.58,2.14,0.27,4.32,1,13,38810.05938,0,0,0,0,0,0,0
953,785.99,1.116816807,3,1001.37,45.85,5.45,37.87,5.88,84.44,1.93,1.48,6.7,8.27,1,16,7494.090684,0,0,0,1,0,0,1
481,1293.03,1.157028832,3,1045.77,48.02,5.6,20.85,30.95,90.46,2.01,4.92,4.91,5.7,2,18,201158.4865,0,0,0,0,0,0,1
6937,1789.95,2.212914042,2,474.51,41.5,9.21,1.93,15.04,99.9,0.97,5.89,8.7,10.0,1,21,630827.586,1,0,0,0,0,0,0
2474,812.28,1.0,2,232.5,39.02,8.59,44.6,32.5,92.33,1.27,5.52,9.35,6.46,1,29,26004.12264,0,0,0,0,1,0,1
272,1473.2,4.342154715,3,323.36,31.79,9.0,54.82,25.87,84.95,2.1,8.31,3.79,5.78,1,11,460532.137,0,0,0,0,1,0,0
6183,1297.12,1.0,4,186.98,46.14,8.32,55.41,1.1,96.32,1.06,4.76,9.08,9.77,1,22,300541.0971,0,1,0,0,0,0,0
6893,1267.32,1.93831814,5,742.84,29.71,8.98,31.97,12.86,92.22,2.28,6.3,6.82,6.05,1,11,370857.963,1,0,0,0,0,0,0
2881,1399.62,1.885085617,3,327.22,37.13,7.9,51.08,10.89,99.08,1.34,2.56,4.39,2.54,1,19,349710.939,0,0,0,0,1,0,0
6918,1475.63,2.407678272,4,416.89,25.42,7.95,36.99,16.01,99.9,1.21,7.71,2.92,4.13,2,35,532523.2646,1,0,0,0,1,0,0
4046,936.96,3.497100183,5,273.26,64.24,8.76,42.04,1.57,83.11,0.43,3.09,10.0,7.48,1,16,720236.7969,1,0,1,0,0,0,0
5169,1679.48,1.808388196,2,257.07,65.43,7.31,27.07,5.64,89.85,1.7,5.44,4.77,8.86,2,48,250082.6755,1,0,0,0,1,0,0
6316,1211.73,2.227487662,3,516.89,21.83,9.08,38.15,25.04,90.16,1.58,6.11,2.81,6.45,1,18,320437.5681,1,0,0,0,1,0,0
709,550.0,3.374040581,4,586.95,62.88,5.97,45.52,3.7,92.04,1.42,1.3,3.8,4.3,1,14,206386.6225,1,0,0,0,0,1,0
5903,1346.8,4.411162528,4,1243.9,52.18,6.24,68.64,8.26,94.13,1.28,7.08,10.0,5.13,1,14,753679.8619,1,0,0,0,0,1,1
5261,1041.4,3.181325045,3,54.97,80.06,7.51,67.24,36.56,99.9,0.81,3.43,6.2,7.48,2,28,252309.1071,1,0,0,0,0,1,0
4013,1314.37,1.0,4,846.03,46.93,7.93,71.29,17.3,95.63,1.76,5.86,5.96,3.95,1,6,241583.6966,1,0,1,0,0,0,0
2849,950.91,1.355339655,2,16.56,9.5,2.58,34.37,27.47,94.65,1.59,2.62,7.33,5.07,1,9,235503.6093,0,0,0,0,1,0,0
4445,1403.27,1.07740458,1,97.43,8.96,5.9,8.67,11.59,88.55,1.38,5.75,6.47,5.34,1,15,141295.1188,1,1,0,0,1,0,1
2861,1686.0,1.138793789,3,674.65,27.07,9.53,6.95,20.84,83.63,2.42,7.71,10.0,10.0,1,15,425683.0816,1,0,0,0,0,0,0
130,607.24,1.722275429,3,516.29,19.77,7.13,42.67,24.79,89.61,1.56,5.25,2.37,3.49,1,13,37158.51351,0,0,0,0,0,1,1
5431,1608.72,2.126134164,4,375.62,29.47,7.88,60.0,33.66,86.35,1.65,4.95,9.11,6.3,2,28,473425.3601,1,0,0,0,0,1,0
2950,550.0,1.121421973,4,722.38,25.56,5.25,38.55,16.46,96.41,1.58,3.76,3.4,4.59,2,16,61535.01434,0,0,0,0,0,1,0
5599,1132.92,1.717983852,4,262.85,33.43,10.0,38.15,14.79,99.66,1.64,8.16,4.32,6.37,1,11,272566.8612,1,0,0,1,0,0,0
5526,863.05,1.397207758,4,645.3,60.88,6.83,104.92,14.98,98.36,1.05,5.3,8.72,7.91,2,21,504253.4112,1,0,0,0,0,1,0
4723,1303.74,2.80864383,4,119.26,6.59,10.0,10.86,5.02,88.59,1.64,4.69,6.26,6.98,1,15,551901.5948,0,0,0,1,0,0,1
1365,677.16,1.0,2,375.04,43.17,5.72,34.83,19.23,91.78,1.02,4.93,6.89,7.7,1,11,53509.4121,1,0,0,0,1,0,0
490,1371.91,1.947107916,2,906.34,3.62,5.13,5.79,1.85,86.98,1.83,3.38,9.46,5.38,1,22,418871.7147,0,0,0,0,0,0,0
4771,1050.07,1.621971779,4,351.05,66.52,9.34,12.23,22.58,96.92,1.44,8.11,6.04,4.28,1,18,473953.8351,1,1,0,0,0,1,1
89,1065.11,3.574403809,4,950.21,37.43,6.85,77.58,18.98,91.82,1.58,6.38,8.57,8.38,1,13,419170.9819,0,1,0,0,0,1,0
1635,550.0,1.804812959,4,118.39,40.76,6.83,39.43,19.43,95.96,1.38,4.03,1.34,4.62,1,12,153018.1354,0,1,1,0,0,0,1
1992,550.0,1.123399606,5,1016.53,27.39,6.79,36.57,24.05,91.73,1.18,1.93,9.44,7.47,1,20,146985.5722,0,1,0,0,0,1,0
3865,1368.13,1.0,3,635.82,35.67,6.0,61.85,14.21,84.71,1.47,6.82,8.58,8.19,1,23,438526.1078,1,0,0,0,1,0,1
351,930.22,1.0,2,347.87,30.8,5.95,35.68,43.49,98.36,0.43,3.14,6.81,6.55,1,10,84151.19848,0,1,0,0,1,0,0
2234,550.0,2.296832579,5,86.53,4.72,7.99,39.72,13.23,89.07,1.94,3.2,1.58,3.45,2,32,213648.6523,0,0,0,0,1,0,1
3075,897.34,1.538119098,3,465.82,29.83,5.01,64.15,27.25,91.53,1.18,5.1,1.69,4.08,1,16,116639.8566,0,0,0,0,0,0,1
1218,915.19,1.419031221,2,716.4,34.5,4.56,61.39,26.67,96.93,1.02,3.12,1.61,4.53,1,3,162168.827,0,0,0,1,0,0,0
3789,648.6,4.335120009,4,472.46,2.51,10.0,13.41,9.28,98.65,1.75,10.0,9.17,6.83,1,21,372224.9634,1,0,0,0,1,0,0
6073,669.93,4.614818779,4,426.17,31.86,10.0,65.06,0.55,87.94,1.05,5.26,7.45,4.88,1,8,464670.4555,1,0,0,0,0,1,1
3925,965.01,2.81199008,4,821.61,50.46,5.66,2.55,16.81,81.02,1.63,5.44,10.0,9.53,1,12,377597.0026,0,0,0,1,0,0,0
1942,1125.41,2.621853509,2,708.78,55.35,7.17,5.39,34.98,94.68,1.45,6.12,7.38,3.72,1,10,236832.6297,0,0,0,0,1,0,1
399,1312.12,1.822728798,4,821.74,18.96,7.75,53.84,6.32,85.51,1.66,5.29,4.66,8.37,1,9,354201.8406,0,0,0,0,0,0,0
875,1437.55,3.975360503,2,648.85,4.35,7.96,101.88,9.0,93.8,2.49,5.38,1.78,3.72,1,9,306728.8897,0,0,0,0,0,1,0
6116,1257.89,1.0,4,596.72,26.28,7.0,39.53,7.93,97.64,2.21,4.33,7.51,5.7,1,11,273275.4552,1,0,0,0,1,0,0
6969,1080.35,2.476186093,5,2.96,54.64,8.86,7.91,25.59,86.79,1.64,3.68,3.93,5.49,1,6,491616.3884,1,0,1,0,0,0,1
1049,550.0,2.027882387,2,489.29,20.3,7.12,21.14,6.84,99.04,1.65,4.43,6.99,4.9,1,16,107897.3555,0,0,0,0,0,1,0
4500,1257.36,3.417185747,4,563.09,29.4,7.66,0.43,36.69,96.26,1.74,7.32,10.0,6.44,1,13,573530.0596,1,1,1,0,0,0,0
1821,628.51,3.748410855,2,500.23,11.88,6.27,15.82,47.04,89.15,1.82,4.53,3.85,4.88,2,6,178423.7066,0,1,0,0,0,0,0
1100,550.0,2.457996029,2,105.57,14.14,6.58,32.92,1.83,91.02,0.89,4.18,10.0,7.32,1,25,329368.4416,0,0,0,0,0,1,1
6124,1581.07,2.466800168,3,278.44,18.84,8.18,12.89,12.37,89.06,0.01,4.68,9.55,5.44,1,17,502068.2341,1,0,0,0,1,0,1
4381,888.96,1.564265028,5,638.0,1.9,6.99,49.55,16.76,99.42,2.08,5.97,10.0,10.0,1,10,376093.7211,1,1,0,0,0,1,1
2024,550.67,2.732691674,3,425.01,58.64,7.2,72.41,34.49,94.55,1.83,4.35,4.26,3.78,1,4,195168.9298,0,1,1,0,0,0,1
3475,800.99,1.0,3,642.05,37.22,5.63,85.99,4.91,96.51,1.82,1.42,4.47,4.53,1,12,137758.8035,0,0,0,0,1,0,1
6882,736.19,2.515885745,3,293.57,40.65,7.38,33.03,13.34,93.26,1.28,7.19,7.18,5.67,1,15,234078.0554,1,0,1,0,0,0,0
137,562.66,1.369973755,4,1033.7,31.32,7.11,39.75,15.11,98.52,1.37,6.25,6.98,10.0,1,20,187029.6332,0,0,0,0,1,0,0
3113,762.27,2.143419262,3,545.06,27.68,5.38,60.25,20.37,86.13,1.73,2.62,7.8,7.31,1,13,134129.1809,0,0,0,0,0,0,0
421,1185.79,2.14321221,2,299.17,7.32,7.34,37.32,14.17,99.9,1.44,3.12,6.29,5.84,1,8,72644.83547,0,0,0,1,0,0,0
5812,1871.4,2.626053311,2,1056.66,30.08,6.28,44.64,0.39,92.26,2.28,4.18,3.46,6.24,1,17,315170.3715,1,0,0,1,0,0,0
1401,598.13,2.667348602,3,642.53,24.14,7.38,107.84,17.94,93.13,1.01,5.34,6.78,2.79,1,11,332117.2763,0,0,0,0,0,0,0
4800,1004.72,2.683643223,5,263.69,18.06,5.86,25.98,4.14,89.61,2.31,7.63,8.63,8.54,1,17,626057.6199,1,0,1,0,0,0,0
2083,1272.98,1.0,1,439.48,44.4,3.51,104.43,10.51,92.81,1.99,2.58,2.82,6.35,2,25,85252.91224,0,0,0,0,1,0,0
963,550.0,1.023366764,1,616.53,33.6,2.85,37.35,12.51,92.19,0.94,1.79,5.71,6.63,1,7,210082.091,0,0,1,0,0,0,0
3808,1476.04,3.02543034,4,393.1,68.22,10.0,29.88,15.71,82.16,1.46,4.1,5.45,4.63,1,23,540612.616,0,0,0,0,1,0,1
3211,1006.91,2.123836205,1,850.51,44.09,6.59,29.67,22.23,97.67,1.73,5.44,5.59,7.21,1,21,104903.9468,0,0,0,0,0,1,1
1101,550.0,1.400311178,2,852.75,0.64,7.8,24.88,31.9,92.53,2.2,2.76,1.32,6.03,1,14,5321.689719,0,0,0,0,1,0,1
5901,1373.44,3.166584641,5,394.22,39.45,9.73,25.92,22.01,84.97,1.12,7.72,10.0,8.04,1,23,499854.7564,1,0,0,0,1,0,0
5495,1043.69,3.342722334,2,807.17,24.66,8.77,39.57,39.77,90.36,1.62,4.61,0.42,4.78,1,10,276907.9485,1,0,1,0,0,0,1
2515,1276.99,1.0,4,460.49,17.49,8.13,32.18,2.96,98.23,1.35,5.37,2.04,5.48,1,9,279994.6704,0,0,0,1,0,0,0
6017,939.78,1.0,4,568.73,45.63,6.71,57.15,13.31,87.06,1.49,2.82,3.49,5.57,1,0,551327.0134,1,0,0,1,0,0,1
2535,767.45,1.237450048,2,152.8,50.37,4.54,136.27,1.41,89.51,1.41,3.55,4.3,5.16,1,13,5847.465138,0,1,0,1,0,0,0
2738,1125.42,1.0,1,854.36,9.64,4.63,37.31,18.25,88.07,1.24,2.87,1.13,4.93,2,45,-212.2043814,0,0,0,0,0,0,0
5068,1068.87,1.884338799,3,1202.95,15.14,5.54,26.39,21.71,93.85,1.75,5.17,1.69,4.02,1,13,179551.6698,1,1,1,0,0,0,0
435,696.64,1.461289673,5,435.51,33.41,7.66,167.1,22.22,99.9,2.03,3.29,6.45,6.06,1,13,308918.3544,0,1,0,0,1,0,0
4907,1756.7,1.0,4,620.18,19.94,9.87,17.55,33.2,90.68,1.77,6.02,8.97,7.87,1,12,359672.6264,1,0,0,0,1,0,1
2303,617.43,1.205675967,1,683.11,39.0,1.6,49.1,38.29,91.42,0.89,1.75,5.82,5.13,1,9,96498.10863,0,0,0,0,0,1,1
5820,773.57,1.934582682,5,366.43,7.52,10.0,33.66,24.91,99.9,2.18,7.39,5.01,6.12,1,16,386219.5939,1,0,0,0,0,1,0
829,857.01,1.0,2,532.4,43.97,4.22,74.25,21.83,82.72,2.36,2.89,8.19,6.36,1,22,29477.65103,0,0,0,0,0,1,0
788,974.94,1.056837421,1,362.45,24.58,6.27,109.18,14.93,99.81,2.07,3.28,3.49,4.77,1,9,94506.6086,0,0,1,0,0,0,1
4770,1008.86,2.969001397,2,155.25,18.86,6.18,29.42,24.26,97.94,1.05,5.27,1.47,4.16,1,6,226257.1268,1,1,0,0,0,0,1
5219,1196.2,1.064175982,4,136.35,31.07,10.0,15.11,11.92,99.9,1.62,7.95,6.02,5.88,1,6,308736.1876,1,1,1,0,0,0,0
4749,1300.36,5.807238734,4,761.02,19.48,10.0,32.73,9.1,99.9,1.46,5.43,4.9,5.1,2,9,502558.6249,1,0,0,1,0,0,0
4887,1735.95,4.189773099,3,1103.33,7.99,7.75,69.93,19.99,91.61,1.2,5.3,3.6,4.41,1,18,708378.4708,1,0,0,0,1,0,1
456,1621.94,2.555138548,2,876.87,34.41,5.88,56.36,3.46,89.23,2.22,7.46,10.0,6.83,1,19,295616.5361,0,0,0,0,1,0,0
5684,1143.53,3.756605259,2,524.9,42.78,5.68,45.91,5.3,90.93,1.33,6.98,9.57,7.53,1,12,170660.5113,1,0,0,0,0,1,0
2073,550.0,1.0,3,152.62,41.49,4.36,77.29,6.96,91.23,2.96,4.42,8.01,4.21,1,4,18819.4621,1,0,0,0,1,0,0
3060,550.0,1.0,4,578.78,35.07,6.92,109.14,23.58,93.76,2.22,4.23,0.44,5.82,1,19,130052.3209,1,0,0,0,1,0,0
4647,1646.72,2.019522321,3,581.83,41.02,4.96,62.51,10.11,98.88,1.26,3.92,7.1,6.82,1,17,400348.3466,1,0,0,1,0,0,1
1451,710.61,1.286837554,4,682.14,25.3,7.79,5.36,16.28,94.27,1.9,5.49,0.67,5.93,2,22,142803.6013,1,0,0,1,0,0,0
3176,629.33,1.0,1,759.14,23.45,3.74,17.65,45.29,89.29,2.37,3.51,8.59,3.73,2,24,140266.7015,1,1,1,0,0,0,1
3581,1810.08,2.609749196,4,438.51,1.85,9.82,104.44,20.82,95.41,0.91,10.0,9.46,6.35,1,14,594441.6729,1,0,0,0,0,1,1
1105,562.94,1.0,3,494.66,64.36,4.9,99.9,27.81,96.4,1.13,3.94,7.33,3.55,2,13,11182.88146,0,1,0,0,0,0,0
5597,829.1,3.895644172,3,846.18,17.1,5.6,44.48,16.35,99.9,1.14,5.79,9.8,4.98,1,18,486479.7014,1,1,0,0,1,0,0
1770,550.0,1.628371929,4,1160.63,10.75,8.86,16.87,25.09,96.82,1.74,5.09,2.72,5.55,1,15,267990.7192,0,0,0,0,1,0,1
398,550.0,1.0,2,362.85,22.98,3.62,86.2,22.53,92.35,1.37,2.36,6.6,4.85,2,16,71190.4955,0,0,1,0,0,0,1
6347,893.13,1.0,3,583.54,5.23,8.86,26.45,2.73,98.94,1.02,2.8,5.14,4.14,1,-2,170923.6931,1,0,1,0,0,0,0
797,550.0,1.0,2,538.87,3.13,3.42,99.62,14.64,94.05,1.57,3.94,5.03,5.23,1,28,58829.68632,0,1,0,1,0,0,1
3658,550.0,1.0,1,200.14,53.6,1.98,34.2,38.95,92.86,0.75,1.01,4.64,6.91,1,21,323212.685,1,0,0,1,0,0,0
6841,550.0,1.337630765,3,319.65,8.59,8.18,3.36,14.24,97.18,0.73,5.17,5.17,7.34,1,17,249008.2782,1,0,0,0,0,0,0
6696,1016.55,3.648845919,4,858.46,12.71,10.0,39.27,37.92,99.58,1.06,6.74,3.79,6.99,1,23,356721.2944,1,0,0,0,0,1,0
3220,1398.37,2.080553313,2,865.6,28.5,5.63,30.62,11.06,89.5,2.17,3.47,0.05,1.15,1,11,73909.96068,0,1,1,0,0,0,0
5806,763.97,2.932144218,3,39.86,10.03,6.14,6.04,14.95,99.25,1.36,4.65,9.09,5.75,2,20,379143.2008,1,1,0,0,0,1,0
4974,873.55,1.150033892,3,481.13,60.73,4.68,10.23,12.46,96.94,1.76,5.06,8.57,5.8,1,16,377162.1303,1,0,0,0,1,0,0
3409,550.0,2.234656308,3,548.27,17.03,9.34,35.57,2.63,96.43,1.72,5.01,4.3,4.02,2,24,201095.8696,0,0,0,1,0,0,0
1458,1068.13,3.381325573,2,588.7,33.42,7.71,5.59,27.87,90.14,1.11,8.09,5.76,7.34,1,14,196652.0796,0,0,0,0,0,0,0
1664,832.15,2.66667281,2,582.44,34.82,5.04,50.42,6.5,91.72,1.38,3.88,5.92,5.09,1,14,144102.8131,0,0,1,0,0,0,0
1334,1195.55,1.0,3,445.23,29.9,5.17,76.24,27.14,94.45,1.58,3.19,10.0,9.44,1,10,224252.2063,0,0,0,0,0,1,1
755,848.11,1.0,5,778.94,14.73,7.53,37.27,37.02,90.29,1.52,2.49,9.8,6.88,1,10,321822.1054,0,1,0,0,1,0,0
65,972.44,1.151764321,3,181.58,72.18,7.29,38.06,35.95,94.53,1.51,4.36,3.3,7.42,1,21,191925.6804,0,0,0,0,0,0,0
177,941.24,3.155240375,3,616.89,11.42,10.0,73.0,13.75,97.38,1.73,3.51,2.65,6.24,1,13,154641.3518,1,0,0,0,1,0,0
1747,1269.84,1.0,3,509.97,25.79,4.32,80.95,0.02,96.21,1.87,6.41,5.17,4.96,1,15,114866.6244,0,0,0,0,0,1,0
6432,1397.88,1.0,2,316.94,29.82,7.45,123.89,19.81,92.95,1.4,6.67,4.32,7.04,1,15,252869.7888,1,1,0,0,0,0,0
4143,925.73,3.145481038,3,449.65,42.02,6.55,42.34,5.75,93.73,1.58,6.02,8.46,4.49,1,24,323914.3166,1,1,1,0,0,0,0
4140,1593.68,1.986880679,2,403.84,0.89,8.59,14.64,4.26,92.94,1.45,5.75,8.99,10.0,1,9,482459.2353,1,0,0,0,1,0,0
26,747.49,1.418893522,3,1166.44,26.54,7.83,21.61,13.38,95.46,1.78,5.32,5.26,5.3,1,15,176512.8657,0,0,1,0,0,0,0
3051,550.0,1.507275576,4,260.87,32.95,6.05,0.11,8.0,92.97,1.2,2.75,5.92,4.59,1,14,177930.326,0,0,1,0,0,0,0
525,550.0,3.275021981,2,492.09,9.62,8.5,86.06,21.59,95.32,1.99,4.85,5.71,5.92,1,17,171065.8476,1,0,0,1,0,0,0
5397,1104.28,2.867132663,4,247.27,8.22,5.27,65.69,21.36,92.75,1.06,4.99,9.21,7.39,1,14,428338.0879,1,0,0,0,0,0,1
3301,1355.66,4.092086614,1,213.57,38.9,4.07,64.93,18.11,91.99,1.26,4.17,7.49,4.32,1,11,90486.23136,0,0,0,1,0,0,0
4535,1417.85,1.733996503,5,138.31,41.78,8.69,57.76,23.05,99.9,0.66,8.74,8.18,7.39,1,11,544342.8273,1,0,1,0,0,0,0
4300,1578.44,2.716587371,2,331.71,22.33,9.38,13.24,14.24,98.64,0.99,5.38,3.04,5.43,1,23,426162.4888,1,0,0,0,0,0,1
5242,1282.32,1.975623109,4,752.49,30.3,7.64,40.62,9.55,93.85,1.23,6.27,10.0,4.46,1,5,374208.9413,1,1,0,1,0,0,0
2369,550.0,1.0,3,428.63,10.81,5.05,47.99,11.49,89.9,1.62,2.68,7.8,6.05,1,15,140042.5114,0,0,1,0,0,0,1
3663,1384.52,3.207645002,5,718.69,59.12,8.84,20.41,0.06,93.79,1.42,6.76,4.17,7.65,1,18,523950.3209,1,0,0,0,0,0,0
4023,1521.72,2.001836397,4,243.93,54.28,10.0,65.67,11.91,99.41,1.73,8.24,5.79,3.89,1,7,498542.0941,1,1,0,0,1,0,0
664,586.69,1.0,4,317.88,27.13,9.97,96.16,15.46,83.23,1.62,7.22,6.54,3.76,1,16,313056.0119,1,0,0,1,0,0,1
3941,1332.85,3.5701783,4,320.84,57.22,10.0,7.5,8.29,84.68,2.07,5.41,2.61,6.65,2,26,489710.1184,1,1,0,1,0,0,1
3229,1110.08,1.662208695,4,856.25,32.27,6.53,23.23,6.64,96.21,2.09,3.68,1.5,6.16,1,15,259626.2449,1,0,1,0,0,0,1
4605,1302.39,1.76070584,4,384.91,32.64,7.29,39.67,2.99,99.13,0.56,6.73,6.7,8.52,1,18,350525.4698,1,1,1,0,0,0,0
2456,945.36,2.313882531,3,281.91,42.9,5.07,8.61,29.87,93.51,1.63,4.05,10.0,8.04,1,9,140050.8266,0,0,0,0,1,0,0
1221,550.0,1.0,2,512.94,15.07,3.96,62.47,52.17,84.46,1.72,2.71,1.9,4.76,1,9,327293.6543,0,0,0,0,0,0,0
1742,581.91,1.93069249,1,244.02,60.92,4.77,16.24,23.95,89.27,2.36,1.86,5.18,1.58,1,21,35618.14473,1,0,0,0,1,0,1
4884,696.5,3.160257716,2,681.04,32.57,5.11,32.07,9.61,88.69,1.82,5.27,8.12,5.85,1,2,348814.7384,1,0,0,0,1,0,0
332,875.26,1.63919778,2,557.67,16.5,6.51,65.41,4.36,96.5,1.26,3.46,4.43,5.16,1,20,90195.87773,0,0,0,1,0,0,0
5871,1964.38,2.529407105,3,729.91,43.64,10.0,72.74,14.16,99.9,0.94,6.53,10.0,9.62,1,18,549599.9039,1,0,0,0,1,0,0
5999,2237.66,1.409081109,3,723.54,18.76,7.58,46.68,0.87,84.33,1.37,3.36,6.3,2.38,1,11,435721.3769,1,1,1,0,0,0,1
3891,1054.45,1.209994446,4,571.38,43.91,9.14,93.43,2.13,99.9,1.1,7.47,8.14,7.82,1,12,412400.9441,1,0,0,0,1,0,0
5093,1337.46,1.912108815,3,564.81,3.33,9.31,48.93,11.61,99.41,1.72,9.77,10.0,8.24,1,11,365171.6204,1,0,0,0,1,0,1
598,1404.98,1.590590446,2,354.11,12.46,8.32,24.09,34.76,89.95,1.82,4.88,3.88,8.4,1,17,245715.0197,1,1,0,0,1,0,1
4895,1254.64,3.814208481,2,483.97,10.07,6.85,22.78,16.21,94.79,1.08,8.67,9.37,7.92,1,4,349963.7862,1,0,0,0,1,0,1
5266,2173.66,4.245092459,3,713.77,12.95,6.8,73.17,13.58,99.9,1.31,10.0,8.91,7.59,1,23,597803.1979,1,0,0,0,1,0,0
2434,1126.81,1.966727394,2,572.81,8.75,5.07,116.33,1.9,88.63,1.45,2.09,1.39,4.78,1,19,100778.1371,0,1,0,0,0,0,1
5962,1275.93,2.675422319,3,480.66,5.58,7.83,44.22,3.7,99.68,1.74,7.08,6.9,5.33,1,10,470642.6979,1,1,0,0,0,0,0
1459,779.1,1.210573587,2,627.22,31.39,2.59,107.99,41.19,99.9,1.28,3.07,2.98,4.21,1,24,83682.36213,0,1,0,0,1,0,0
146,1159.37,1.269122208,2,136.99,42.57,8.61,12.0,9.26,99.9,1.25,6.77,6.48,4.9,1,7,149929.4724,0,0,0,0,0,1,0
1415,1450.32,2.131903007,2,819.47,19.79,4.84,22.77,4.16,97.1,1.5,3.09,7.41,6.61,1,16,107051.602,0,0,1,0,0,0,0
739,550.0,3.509578535,3,683.43,6.52,10.0,99.07,31.77,99.9,1.27,6.06,1.51,6.5,2,22,131526.127,0,0,0,0,0,0,0
3823,949.39,2.150148456,5,252.68,24.21,9.14,59.5,5.16,99.9,0.84,4.64,1.54,8.59,1,19,462808.9501,1,0,0,0,0,1,1
228,890.36,2.442325249,4,495.31,48.44,8.65,49.25,8.52,94.99,1.27,5.42,4.64,4.04,1,9,265652.2489,0,0,0,0,0,1,0
3076,550.0,1.701726784,4,97.11,0.22,7.03,44.48,15.23,88.59,1.51,6.66,7.24,6.32,1,19,186737.0976,0,0,0,0,1,0,0
6666,1569.56,2.732128952,3,989.79,21.47,9.04,30.48,17.42,91.78,1.37,4.98,10.0,7.05,1,10,487967.138,1,0,0,0,0,0,0
498,733.56,1.182057344,1,510.23,38.18,5.83,45.71,21.94,86.38,1.13,2.2,3.55,5.05,1,4,159153.8674,0,0,0,1,0,0,0
7,550.0,1.0,1,636.64,48.26,4.32,60.29,11.35,94.18,0.72,5.81,5.43,6.03,1,15,177283.1961,0,0,0,0,0,1,1
1977,760.55,1.447092736,1,512.87,21.91,4.8,51.27,3.51,88.11,1.58,2.04,0.62,4.89,2,35,10481.50495,0,0,1,0,0,0,0
902,1010.31,1.149796842,3,399.25,35.53,6.38,51.96,26.41,96.07,2.4,4.46,5.4,6.47,2,6,125336.0566,0,0,0,1,0,0,0
4686,2521.89,1.0,3,1387.77,56.83,8.38,42.96,10.51,99.9,0.35,4.48,4.22,6.82,2,23,485085.9289,1,0,0,0,0,0,1
3379,550.0,2.626374098,3,593.96,35.67,8.86,61.09,3.93,98.79,1.69,3.48,7.53,8.47,1,2,48526.37792,0,1,0,1,0,0,1
5244,850.91,1.683958032,4,517.28,18.04,7.29,0.2,4.32,89.73,1.05,5.18,5.2,4.57,1,13,404392.2191,1,0,0,0,0,1,0
5563,1086.21,1.136012872,4,761.18,25.23,10.0,28.88,19.41,97.64,2.23,6.34,5.73,5.17,1,13,345521.1114,1,1,0,0,0,1,0
370,550.0,4.208386677,2,154.58,41.08,4.65,27.46,1.69,85.53,1.76,0.67,3.28,7.88,1,6,174203.6892,0,0,0,0,0,1,0
4844,1857.6,1.051511811,2,451.37,37.19,5.01,18.55,27.19,97.58,1.83,2.69,1.26,3.12,1,12,184553.6764,1,1,0,0,0,0,0
2365,550.0,1.050429333,2,682.67,36.16,5.62,21.88,9.17,92.33,1.78,4.22,5.83,2.81,1,21,19440.88921,0,1,0,1,0,0,1
2701,550.0,1.897086791,4,39.63,24.77,6.35,45.43,41.95,99.9,2.09,4.54,4.6,6.17,2,33,108674.3131,0,0,0,0,0,1,0
6034,792.14,2.477129839,4,659.69,0.03,6.95,2.49,5.31,99.9,1.94,7.09,7.29,6.49,1,10,458969.3247,1,0,0,0,0,1,0
1237,834.61,1.788886498,3,320.57,24.61,6.21,85.34,30.41,86.85,1.52,2.1,4.73,7.58,1,29,251914.1432,0,1,0,0,0,0,0
3643,1431.14,2.409877226,5,642.51,52.27,5.79,54.06,5.18,91.51,1.46,4.44,4.78,6.07,1,8,426194.5944,1,0,1,0,0,0,1
3286,1578.36,1.875565541,2,25.03,68.22,6.01,66.93,0.38,88.98,1.79,6.97,6.68,6.8,2,16,140307.0887,0,1,0,0,1,0,0
1932,550.0,2.34173681,3,555.05,10.91,4.68,53.43,7.98,99.85,1.47,2.79,5.39,4.83,1,21,52071.15059,0,1,0,0,0,1,0
5616,1225.4,2.673639039,3,740.54,30.86,8.2,9.14,12.36,97.07,1.14,5.26,6.26,6.84,1,14,336645.3889,1,0,1,0,0,0,0
1219,572.53,2.205455153,1,438.32,2.33,7.45,53.49,28.26,87.94,1.65,4.89,2.37,3.03,2,6,72415.13265,0,0,0,0,1,0,1
949,550.0,2.393027765,4,480.89,0.75,9.44,65.57,21.56,99.9,0.76,4.01,6.39,6.29,1,20,213407.352,0,0,0,0,0,0,1
1717,550.0,1.504301594,3,403.16,7.11,9.03,9.24,45.87,98.43,1.71,5.5,3.55,7.99,1,17,5882.917675,0,0,0,0,1,0,0
2183,550.0,1.542584442,3,407.2,5.16,7.53,25.47,30.55,93.66,1.38,2.51,10.0,7.65,1,11,73703.94389,0,1,1,0,0,0,1
4030,1015.29,1.0,5,1044.76,2.74,10.0,28.84,11.16,92.58,1.35,5.4,5.95,5.83,1,19,316542.9349,1,0,0,1,0,0,0
2576,550.0,1.0,2,33.24,25.19,4.42,51.55,20.19,95.07,1.68,2.51,5.05,4.62,1,31,101986.4207,0,0,1,0,0,0,0
2325,660.33,1.0,4,482.39,53.07,8.73,3.26,29.66,99.9,1.79,4.67,3.77,4.9,1,12,148270.9706,0,0,0,0,0,1,0
3585,1732.38,1.0,2,432.37,25.88,4.79,58.8,33.94,96.77,1.83,3.46,2.6,7.86,1,9,245750.9113,1,0,1,0,0,0,1
5506,918.6,4.172689965,4,29.52,19.74,8.3,5.46,5.15,97.86,1.12,7.05,3.59,3.7,1,19,418393.8771,1,0,0,0,0,0,0
138,804.09,2.954551785,4,149.62,61.74,8.01,93.6,23.34,93.91,1.87,6.04,6.73,5.28,1,9,200915.5985,0,0,0,1,0,0,0
5578,1435.79,2.299701651,2,122.81,33.29,5.17,98.86,49.04,94.04,1.64,4.95,0.33,3.63,1,21,242393.7223,1,0,0,0,0,1,1
2017,914.2,1.975561616,3,306.21,51.44,6.79,69.26,38.6,99.9,1.61,4.93,1.54,6.47,1,14,70508.59274,0,1,0,0,0,1,0
251,1022.56,1.719061818,3,588.03,42.6,9.69,66.28,38.63,96.55,1.18,6.62,6.08,3.62,1,15,296868.324,0,0,1,0,0,0,1
3784,1221.08,1.0,4,866.35,8.31,5.27,13.18,8.4,92.22,1.03,4.61,4.04,8.71,1,20,345177.651,1,0,1,0,0,0,1
5683,1260.48,1.113372887,4,642.56,40.44,4.83,13.29,7.23,88.1,1.44,3.6,7.55,4.06,1,14,299442.3526,1,0,0,1,0,0,1
1090,1027.03,1.884952055,3,50.57,19.8,3.62,21.5,31.48,99.9,1.77,7.96,5.34,7.17,1,19,194227.7894,0,0,0,0,0,0,1
2016,1226.9,2.41369557,4,124.54,46.35,8.88,64.92,5.67,91.71,1.66,7.27,5.51,6.45,2,29,460691.5568,0,0,0,1,0,0,0
3372,550.0,1.988992482,2,96.68,65.39,6.85,80.46,2.39,93.12,1.24,2.49,10.0,6.44,1,3,18290.21771,0,0,0,0,0,1,0
4875,1520.43,2.552308477,4,659.84,37.87,6.24,19.06,18.03,99.9,0.93,7.44,5.85,8.3,1,13,654701.6367,1,0,0,0,0,0,1
4305,1080.01,2.854196143,4,829.61,30.08,9.62,85.81,16.2,96.61,1.54,4.0,2.97,7.01,1,18,296080.8125,1,1,0,0,0,1,0
3846,1421.32,2.702095156,3,1235.6,6.16,8.35,23.76,9.46,91.38,0.93,5.06,9.14,8.18,2,43,461933.024,0,1,0,0,1,0,1
5786,1858.88,1.936895612,1,126.44,54.62,6.21,5.3,13.29,88.1,0.96,3.97,8.14,7.83,1,14,547758.8897,1,1,1,0,0,0,0
912,1358.53,1.05045993,3,832.65,27.9,8.19,44.67,18.47,85.46,1.27,5.72,8.09,7.26,1,6,272803.5748,0,0,0,0,0,0,0
2863,550.0,2.602688958,3,446.33,4.31,4.73,36.66,38.23,99.44,1.62,3.73,8.1,3.86,1,9,223898.5655,0,0,0,1,0,0,0
2415,1039.02,1.372277861,1,1059.02,42.36,6.23,23.49,24.72,95.35,1.23,4.21,5.19,6.2,1,15,55621.11148,0,0,1,0,0,0,1
4471,1186.79,1.418717367,1,369.28,12.74,7.92,83.62,9.18,97.92,1.7,5.94,9.85,6.06,1,11,185083.2125,1,0,0,0,0,0,1
1281,550.36,3.930831836,1,459.03,33.28,5.77,0.73,20.08,91.7,2.17,7.93,8.94,9.11,1,13,130780.0944,0,1,0,0,0,1,1
2682,900.88,1.0,3,603.9,38.38,4.06,133.5,30.8,93.17,2.29,3.49,4.1,5.64,1,26,185735.6973,0,0,0,0,1,0,0
5447,2405.02,1.537369765,2,452.93,58.03,6.51,76.51,21.18,89.37,1.39,7.24,8.57,7.0,1,17,322301.9399,1,0,1,0,0,0,0
2307,1211.47,1.738602664,3,184.46,42.06,5.3,50.05,14.12,89.81,1.35,3.22,8.07,5.32,1,17,270884.0567,0,0,1,0,0,0,0
2118,1478.81,1.0,4,421.19,13.92,9.03,24.46,25.23,95.44,1.49,6.41,7.29,7.93,1,17,189545.3847,0,1,0,0,1,0,1
911,550.0,1.0,4,214.55,31.67,7.53,17.8,6.54,95.53,1.7,4.15,8.2,5.93,1,20,201950.9096,0,0,0,1,0,0,0
4442,1798.99,1.508958267,2,743.83,36.45,5.38,14.89,2.53,98.09,1.16,2.83,5.02,4.18,2,34,267534.5034,1,0,0,0,0,1,0
3432,550.0,1.0,3,466.3,45.99,5.46,35.79,19.96,93.52,0.87,2.2,1.79,2.01,1,13,50073.08318,0,0,0,0,0,0,0
5779,1065.39,1.826287937,3,160.6,55.28,8.44,86.56,36.68,99.9,3.09,5.3,4.81,5.82,1,11,236477.421,1,0,0,0,0,0,0
2158,730.03,1.840518688,2,631.71,71.7,6.72,57.13,26.99,91.6,2.07,5.41,9.48,5.79,2,49,207479.7255,0,0,1,0,0,0,0
3584,1259.71,3.097278207,4,482.01,33.45,7.69,10.05,3.39,88.1,0.5,5.09,4.65,8.24,2,31,529601.5947,1,0,0,0,1,0,1
2670,1010.89,2.002415883,1,581.64,44.39,3.61,11.69,14.44,90.98,1.86,3.08,2.38,3.07,1,18,16130.50967,0,1,0,1,0,0,0
3450,1401.47,1.520796391,3,762.11,23.41,7.02,80.21,12.3,98.99,1.68,3.25,3.97,5.37,1,20,166669.7572,0,0,0,0,0,1,1
1241,550.0,2.403054434,3,143.45,18.98,5.07,80.88,28.25,90.66,1.96,3.47,4.97,3.5,2,10,137220.1701,0,0,0,0,1,0,0
1089,1002.49,1.12581386,2,354.22,44.61,8.31,106.01,26.79,94.32,1.36,3.28,5.71,4.44,1,0,165208.5865,0,0,1,0,0,0,1
2977,550.0,1.0,2,426.87,44.32,5.38,52.36,24.62,88.2,1.98,4.47,1.15,2.67,2,34,95153.28566,1,1,0,0,1,0,0
4194,1599.49,2.782334892,1,726.01,10.54,6.77,8.76,22.26,92.76,0.72,6.86,4.07,5.03,1,16,335733.7557,1,0,0,0,0,0,0
158,786.48,3.488486693,1,247.96,34.43,7.33,58.07,26.77,99.15,1.26,0.18,5.69,3.67,1,9,61155.96443,0,1,0,0,0,1,0
1708,550.0,3.499145012,2,528.74,20.07,9.02,56.82,14.92,96.88,1.32,7.03,8.96,5.5,1,20,155384.2047,0,0,0,0,0,0,1
2425,1105.34,1.661614735,2,368.58,60.08,4.79,66.18,37.72,97.22,1.15,4.03,4.62,2.17,1,26,81707.22162,0,0,0,1,0,0,0
936,550.0,1.0,3,545.0,37.37,5.56,59.08,59.71,99.9,1.25,2.63,2.32,9.0,1,10,221969.6997,0,1,0,0,1,0,0
5112,691.05,1.0,5,1185.71,39.52,7.33,21.72,14.61,87.69,0.87,4.76,6.55,5.24,2,12,335460.7798,1,0,0,0,1,0,0
1829,767.75,1.56058539,4,457.76,11.5,4.39,64.96,35.85,91.44,1.32,2.68,7.88,3.57,1,8,123157.6374,0,0,0,1,0,0,1
6037,1431.56,3.67779019,4,277.35,54.02,8.0,13.18,9.5,92.16,1.02,6.37,2.77,6.01,2,30,631899.7745,1,0,0,0,1,0,1
6593,550.0,2.75098409,4,903.12,12.23,10.0,63.09,20.21,99.9,1.97,5.77,10.0,5.49,2,41,466062.0521,1,0,0,0,0,0,1
1250,852.57,1.525850635,2,97.21,33.37,4.15,34.81,50.35,97.07,2.16,1.37,8.76,6.55,1,15,16624.65884,0,0,0,0,1,0,1
6807,587.82,1.210337512,3,756.76,6.09,6.37,35.71,15.81,99.66,1.3,4.85,6.57,7.23,1,17,262199.615,1,0,0,0,0,0,0
1108,779.75,2.340001737,2,65.34,59.82,4.97,28.84,7.62,95.61,2.18,3.92,7.49,6.67,1,8,266783.4487,1,1,0,1,0,0,1
6635,939.55,3.137903025,5,468.79,16.84,5.86,103.39,16.56,87.29,2.45,9.1,3.2,5.99,1,15,562735.5075,1,0,0,1,0,0,1
736,550.0,1.311016618,5,450.47,25.45,7.46,150.73,11.2,96.42,1.91,5.91,4.86,7.01,1,12,196798.878,0,0,0,0,1,0,0
3604,1761.18,3.315228565,5,48.26,15.11,7.83,46.07,7.59,87.61,1.58,6.48,3.28,5.9,1,14,661316.4645,1,0,0,1,0,0,0
3448,557.98,1.0,4,59.19,44.5,6.07,51.15,16.71,95.43,1.09,2.83,2.51,1.66,1,9,52801.80291,0,0,0,0,0,1,1
954,550.0,2.177793806,3,31.71,61.33,4.21,177.87,27.4,99.9,3.13,2.07,3.81,1.88,1,9,166357.3197,0,0,0,0,1,0,0
3155,799.4,1.624150563,3,458.46,0.65,6.07,81.22,23.08,92.83,0.57,2.7,7.0,5.91,1,16,221503.7505,0,0,0,0,0,0,0
5638,1050.81,2.166655185,3,864.6,47.92,10.0,0.17,19.29,89.6,1.45,5.34,2.23,6.1,1,11,355007.569,1,0,0,0,0,0,0
283,834.54,1.867174187,3,1030.56,12.35,5.1,18.63,40.37,95.94,1.17,4.49,2.99,8.2,1,15,269936.4519,0,0,0,1,0,0,0
6992,1275.98,2.872522775,3,299.18,41.23,6.95,42.59,21.8,90.86,0.8,5.72,7.52,4.24,1,21,362352.5963,1,0,0,0,0,1,1
2753,965.59,3.93450467,2,721.2,47.1,8.57,9.17,20.61,86.92,1.31,4.12,4.99,6.32,1,4,298120.5774,0,0,0,0,0,1,0
3245,974.8,1.940053172,4,278.95,10.78,4.9,54.53,7.22,99.9,1.59,4.99,7.0,5.57,1,12,202602.2106,0,1,0,0,0,1,1
2066,550.0,1.918061204,2,853.26,31.21,8.97,30.6,29.66,99.9,1.55,3.61,7.94,7.38,1,10,80359.30542,0,0,0,0,0,0,0
1978,1238.69,1.0,2,1112.74,17.08,9.97,48.1,9.79,97.92,1.71,6.95,0.4,8.12,1,7,82104.41899,0,1,0,1,0,0,0
3974,553.44,1.993973357,4,886.46,26.45,8.03,85.24,10.5,96.36,0.99,1.48,3.06,4.97,1,11,316437.5183,0,0,0,1,0,0,1
1792,1040.24,2.782907169,3,518.55,37.57,5.82,59.55,18.79,89.08,1.43,3.21,2.87,6.57,1,4,310406.7096,1,1,1,0,0,0,1
5391,1068.77,2.413596589,3,414.37,47.68,8.0,46.43,6.45,93.35,1.02,7.77,9.15,4.7,1,19,308536.2826,1,0,1,0,0,0,0
6641,903.05,2.134331762,3,631.11,13.26,5.32,42.27,41.51,95.66,0.99,6.08,8.23,8.0,1,17,328083.4477,1,0,0,0,0,1,1
6242,2526.53,5.208139625,4,700.53,52.71,10.0,5.82,2.18,99.56,0.89,9.4,8.39,9.23,1,14,837070.9985,1,1,1,0,0,0,1
5773,1873.84,3.658252263,3,723.11,56.02,7.59,24.27,28.09,96.75,0.82,7.16,9.8,6.22,1,11,602019.1851,1,0,1,0,0,0,0
4185,1789.2,3.685181653,5,575.16,29.46,9.67,29.52,17.44,94.66,1.46,5.85,5.26,7.02,1,20,805392.1752,1,1,0,0,0,0,0
3197,1450.43,1.0,2,892.14,25.04,6.95,2.39,9.53,96.16,1.28,5.12,2.1,4.41,1,21,148084.1292,0,0,0,0,0,1,0
4889,1547.53,1.599636463,3,455.17,24.62,7.69,15.39,10.86,96.96,1.86,8.18,9.89,7.16,1,17,468310.7527,1,0,0,0,0,0,0
2005,973.81,1.0,3,615.27,25.84,3.26,95.66,16.67,86.14,1.42,4.92,6.08,5.24,1,14,160202.3634,0,0,0,1,0,0,1
4667,1556.04,3.515944816,3,129.86,23.05,8.21,29.92,10.8,96.14,1.76,7.47,3.45,7.15,1,19,490452.6457,1,0,0,0,0,1,1
6642,601.46,3.42639477,3,414.33,62.41,5.63,34.92,40.73,92.16,2.02,6.28,6.15,5.4,1,15,349307.7433,1,0,0,0,1,0,1
2475,603.88,3.245691611,3,663.77,49.29,9.83,58.78,5.71,99.9,1.67,5.74,3.31,4.39,1,6,168635.6435,0,0,0,0,0,0,1
4193,1496.96,1.360365067,3,729.14,6.88,9.29,57.47,0.75,97.02,1.39,7.57,6.67,6.62,1,18,366630.5464,1,0,0,0,0,1,0
2787,1151.39,3.548198397,3,1200.29,32.37,6.61,98.41,26.0,92.31,1.75,6.32,10.0,8.85,2,22,342796.9737,1,0,0,0,1,0,0
6386,1280.45,1.604954267,4,777.26,36.67,8.52,71.64,6.42,99.9,1.54,7.21,4.26,4.33,1,24,276464.0483,0,0,0,0,0,0,0
3826,1109.14,1.75331202,3,358.51,51.45,8.47,50.34,52.61,92.33,1.89,5.23,6.81,7.16,1,12,177877.3161,1,0,0,1,0,0,0
5021,837.79,3.709596935,2,745.25,31.19,3.91,57.67,27.11,91.7,1.12,5.06,5.37,5.46,2,63,310392.0043,1,0,0,0,1,0,0
892,695.32,1.0,2,643.56,13.54,5.31,44.13,13.85,97.18,1.45,1.5,4.19,5.3,1,16,108191.0264,0,1,0,0,1,0,0
2644,1384.6,2.362752731,2,246.71,51.13,3.13,68.81,3.72,88.67,1.03,3.2,10.0,8.96,1,7,211262.4756,0,0,0,0,1,0,0
6877,1061.82,3.234991459,4,430.98,16.42,9.66,20.78,1.4,90.93,2.35,7.13,7.17,3.77,2,19,423250.8321,1,0,0,0,0,1,0
5185,1679.32,1.831668548,3,407.86,48.44,7.8,98.62,24.43,97.15,2.0,8.54,7.95,4.12,1,15,377980.0418,1,0,0,1,0,0,0
4573,1425.25,1.932159794,4,591.26,18.81,8.96,1.74,1.35,99.42,1.27,6.62,6.94,5.7,1,18,426634.0984,1,1,0,0,1,0,0
4563,853.32,1.454499862,2,274.07,50.16,8.31,121.78,6.33,93.9,1.46,6.95,7.34,6.89,1,10,208991.5136,1,0,0,1,0,0,1
1725,583.5,1.0,2,821.47,67.66,3.71,90.24,33.41,92.46,1.15,3.11,6.07,4.59,1,11,61585.24437,0,0,0,0,0,1,1
5116,1245.13,3.67430765,3,169.52,57.22,10.0,61.1,24.2,95.94,2.68,5.4,2.86,2.98,2,45,247773.101,1,0,1,0,0,0,0
2051,550.0,2.826486089,4,637.95,32.73,6.59,75.47,4.78,88.35,2.19,3.63,3.55,6.38,2,28,198381.3202,0,1,0,0,0,1,0
6322,1024.25,1.0,4,423.29,27.95,5.07,21.27,18.08,92.11,1.54,1.97,6.14,3.63,1,25,415354.7003,1,1,0,0,0,0,0
242,550.0,1.748030335,3,116.54,38.98,4.77,152.41,34.54,81.76,1.66,0.75,0.02,3.39,2,37,13346.80843,0,0,1,0,0,0,1
5600,1267.34,2.219155474,4,487.7,13.3,6.98,44.7,4.33,92.73,1.39,6.55,8.38,6.21,2,18,415958.6386,1,0,0,0,0,1,0
3951,1875.44,3.663731655,5,663.72,15.84,9.85,72.2,0.48,83.42,0.77,8.18,5.34,7.98,1,14,829207.4143,0,0,0,0,0,0,0
6444,1688.66,2.920013713,3,1177.54,15.56,9.18,16.91,7.99,99.62,1.55,6.93,9.48,7.19,1,12,420356.6998,1,1,0,0,0,1,0
2046,1493.17,1.970040899,4,277.14,35.35,10.0,0.29,2.44,98.86,1.65,7.57,8.29,10.0,1,22,333732.4536,0,0,0,0,1,0,0
3900,550.0,2.092646457,3,349.43,2.61,9.9,42.73,14.91,98.83,0.54,5.68,8.83,6.35,1,23,270604.2798,1,0,0,0,1,0,1
403,577.84,1.0,2,173.64,57.77,6.81,12.64,3.54,98.07,1.42,3.71,2.05,5.85,1,11,11848.54421,0,0,0,0,0,1,0
6491,1429.85,2.872092047,5,251.0,4.11,10.0,83.6,13.17,85.86,0.95,7.34,9.47,7.98,1,10,652987.1885,1,1,0,0,0,0,1
50,1423.83,2.126659257,1,62.69,35.01,6.37,64.17,28.83,97.52,1.37,3.42,4.43,7.05,1,15,185449.727,0,0,0,1,0,0,0
6113,1388.79,3.681694899,2,710.95,63.34,4.94,36.91,25.14,97.28,1.32,3.67,8.7,6.47,2,29,366455.8412,1,0,0,0,0,0,1
4089,1516.79,4.574019892,4,332.84,6.83,9.66,20.47,10.41,81.89,2.4,6.21,10.0,8.73,1,16,770226.5585,1,0,1,0,0,0,0
4229,1702.8,3.603246257,3,691.93,9.49,10.0,17.33,4.19,93.75,1.62,9.11,7.89,7.08,2,35,735956.2095,1,1,0,0,0,1,0
5312,1636.47,3.531130631,3,307.5,46.34,6.58,59.31,7.49,95.8,0.85,3.74,3.69,5.17,1,12,829576.0237,1,0,0,1,0,0,0
558,550.0,1.901367565,4,225.53,21.82,6.19,39.84,30.69,96.35,1.56,3.82,6.76,5.11,2,49,214216.1815,0,0,0,0,1,0,1
2774,1143.71,1.7993822,1,1080.91,22.98,5.16,13.19,5.3,94.91,1.2,5.3,2.03,7.25,1,13,23658.5459,0,1,0,0,0,0,0
4793,1005.51,2.362257155,2,472.01,3.25,5.95,16.04,13.84,94.43,1.3,3.57,1.74,4.83,1,20,212059.8364,0,0,1,0,0,0,0
1208,550.0,1.0,2,1021.63,17.49,5.26,51.14,14.06,88.45,1.46,0.46,10.0,10.0,1,18,60428.82362,0,0,0,0,0,1,0
5166,1144.82,3.092493176,3,273.57,27.22,9.33,70.92,8.66,97.42,1.33,5.21,8.97,7.04,1,6,495872.6611,1,0,0,0,0,0,0
1151,550.0,1.0,2,64.6,6.1,4.71,96.69,9.12,87.96,0.77,2.45,3.6,6.64,1,10,96827.65945,0,0,1,0,0,0,1
9,983.26,1.0,2,206.33,24.37,5.18,50.91,31.04,94.04,1.84,7.19,9.72,9.73,1,9,177535.5475,0,0,0,1,0,0,1
3755,1336.16,2.244199193,3,398.12,49.95,5.98,78.26,29.79,93.74,0.97,5.68,7.07,7.61,2,17,186866.9714,1,0,0,0,0,1,0
1707,1018.91,1.687637652,4,154.35,60.65,4.21,95.59,35.1,96.77,1.34,2.77,4.05,5.64,2,11,140059.7426,1,0,0,1,0,0,1
2593,841.37,2.351004712,3,507.01,20.08,6.82,25.57,14.07,92.81,1.1,5.54,5.93,6.43,1,10,240847.2834,0,1,0,0,0,0,0
4777,2233.04,3.219952108,3,603.29,10.99,10.0,67.79,5.5,99.9,1.81,5.45,7.58,6.46,2,42,598327.0592,1,0,0,0,0,1,1
5829,1256.39,2.889037699,4,592.6,24.11,7.39,49.84,23.73,97.9,1.07,6.11,5.77,4.15,1,25,506266.7364,1,0,0,0,0,1,0
1614,1168.67,1.733532631,2,750.11,2.21,6.12,56.8,7.21,95.52,1.21,7.03,3.49,6.79,1,11,116372.7315,0,0,0,0,0,1,0
1071,978.82,1.0,3,703.47,33.69,6.94,51.73,32.63,86.1,1.05,5.23,10.0,9.92,1,14,172592.5019,0,0,0,0,1,0,0
6889,1291.36,1.619891429,4,614.33,9.42,10.0,47.06,19.36,98.41,0.86,7.81,8.63,8.39,1,11,396706.5208,1,0,0,1,0,0,0
5402,1059.66,3.828728174,2,669.51,37.39,9.12,8.86,3.03,97.6,1.26,4.57,5.2,3.73,1,3,258884.3212,1,0,0,0,1,0,0
6656,1048.33,1.985677469,4,9.61,58.99,6.62,24.03,10.85,94.9,1.01,5.49,7.79,3.13,1,14,374525.4551,1,0,0,0,0,1,0
716,1946.34,1.417200784,1,521.38,22.93,5.75,4.85,11.11,92.92,1.06,4.89,5.16,7.76,1,12,133799.7569,0,0,0,0,0,0,0
1896,550.0,1.0,2,664.58,24.87,4.38,71.47,18.36,95.99,2.21,3.07,6.8,7.59,1,15,95851.86024,0,1,0,0,1,0,1
6359,550.0,2.569541567,4,871.5,23.55,10.0,0.56,6.46,85.89,1.88,6.04,7.33,7.04,1,18,202065.6799,1,0,0,0,0,1,0
3262,563.33,1.132005717,3,268.21,6.64,9.06,35.55,7.76,96.47,1.86,5.48,3.33,4.25,1,12,3013.856578,0,0,0,0,0,0,1
3444,1053.27,1.027159644,3,692.48,53.09,9.35,50.66,26.82,90.26,1.45,5.28,9.71,10.0,2,25,263276.2461,0,0,1,0,0,0,0
4175,1294.63,4.393520169,3,975.53,13.67,8.53,12.56,12.9,99.9,0.84,9.24,5.35,9.54,2,35,754888.9641,1,0,0,0,0,1,1
4425,902.17,2.210751504,4,470.33,34.68,7.95,29.77,31.03,95.08,1.7,5.25,8.37,4.63,2,24,318858.4163,1,0,0,0,0,0,0
2123,984.26,3.423153919,3,595.94,40.67,8.86,11.46,32.68,90.19,1.0,6.94,1.25,5.0,1,23,461783.1151,0,1,1,0,0,0,0
318,1245.26,1.842217854,1,116.53,51.9,6.72,69.73,1.5,91.22,2.29,4.96,2.35,6.18,1,18,89342.32242,1,0,0,0,0,0,0
5042,1167.52,1.940846155,4,414.24,38.18,4.66,30.2,36.04,99.68,1.28,7.1,10.0,7.42,1,11,442920.1756,1,0,0,0,0,0,0
4133,1152.94,2.72138412,2,188.76,15.84,8.41,54.0,19.73,95.2,1.56,4.5,3.44,6.75,1,20,222016.1772,1,0,0,0,0,1,0
1672,550.0,1.982029985,4,755.2,20.61,7.23,13.46,0.46,91.51,1.78,5.18,9.66,10.0,2,14,254820.3219,1,1,0,0,0,0,0
5118,1755.48,1.225548443,3,140.31,32.19,6.6,9.17,35.93,91.36,1.49,4.68,0.57,4.93,1,16,395890.0818,0,1,1,0,0,0,0
4645,1687.01,3.900964975,3,48.68,38.76,8.74,79.76,27.18,98.05,1.32,8.62,4.76,4.56,1,17,512508.5385,1,0,0,0,0,1,0
4128,1440.64,3.160951851,4,813.66,13.07,9.96,37.91,23.29,99.9,0.31,8.14,5.1,6.01,2,24,760692.8731,1,1,0,0,0,1,0
3635,2043.27,1.918029489,2,715.98,43.17,5.14,8.58,20.28,99.9,1.19,6.28,7.95,6.8,1,10,510303.3374,1,0,0,0,0,0,0
427,1551.51,3.005564594,2,285.33,45.07,9.15,59.96,8.5,78.98,1.87,5.59,7.5,9.57,1,14,463662.0609,0,0,1,0,0,0,0
3426,550.0,1.292733763,1,862.81,14.7,6.15,57.79,14.11,95.36,0.66,4.9,7.79,4.51,1,11,18672.51448,0,0,0,0,0,1,0
4158,1635.03,2.841696855,4,944.49,58.93,9.11,78.79,18.82,98.73,2.0,7.14,9.91,5.83,1,17,533514.3498,1,0,0,0,0,0,1
2536,1029.58,1.068357287,3,536.85,0.22,7.46,5.11,4.88,96.79,1.65,3.86,6.67,6.51,1,20,209947.6722,0,0,1,0,0,0,1
5161,1635.13,1.769192434,3,285.85,19.8,6.61,8.43,16.55,87.4,1.58,6.96,10.0,4.12,1,10,522381.8816,1,1,0,0,1,0,0
2591,550.0,1.398324533,4,710.84,35.57,4.41,106.19,28.38,83.58,1.91,1.98,2.53,1.49,1,17,254395.5888,1,0,0,0,1,0,0
546,550.0,2.40068882,2,578.73,11.14,7.45,17.17,19.79,95.16,0.87,1.13,6.55,7.02,1,14,55395.38916,0,1,0,1,0,0,0
5404,1149.79,1.834354274,3,294.11,31.28,5.3,91.85,15.98,92.17,1.96,5.82,7.16,4.28,1,18,214696.5807,1,0,0,0,0,1,0
262,550.0,2.023577216,3,287.07,75.52,5.88,38.38,27.6,94.73,1.73,2.73,9.49,8.16,1,13,106830.2166,0,0,1,0,0,0,1
254,980.17,1.799254386,4,609.2,34.9,4.58,85.98,19.5,85.14,0.65,7.6,7.87,7.09,1,18,217650.6843,0,0,1,0,0,0,0
2533,1558.71,1.027073955,1,700.13,35.34,9.36,18.05,1.07,95.37,1.59,2.74,2.88,5.54,1,20,142714.2018,0,1,0,0,1,0,1
6961,680.25,3.186417891,3,532.37,47.98,7.36,70.65,14.77,97.11,2.43,4.2,5.13,6.83,1,12,234284.394,1,0,0,1,0,0,1
666,1537.35,2.102780604,3,659.73,20.39,7.57,34.3,1.79,91.74,1.24,5.98,6.01,5.46,1,23,418056.8035,1,0,0,0,0,1,1
6106,1169.91,1.0,5,608.68,9.1,10.0,54.9,1.3,89.71,1.93,3.97,4.81,4.32,1,15,382698.4231,1,0,1,0,0,0,0
171,636.04,1.032646517,3,150.3,20.56,5.68,91.23,17.58,99.9,1.99,5.25,10.0,10.0,1,27,70039.72972,0,1,0,1,0,0,0
1176,558.32,1.0,4,734.6,8.26,4.19,38.79,12.56,92.51,1.12,6.42,8.13,8.54,1,11,320882.9168,0,0,0,0,0,0,1
5084,1400.76,1.310996916,3,535.98,7.13,6.5,19.01,8.13,95.93,1.12,4.3,5.29,3.91,1,5,223043.6377,1,0,0,0,0,0,1
3125,828.83,2.270852329,2,65.86,39.8,3.09,1.69,31.84,92.15,1.15,4.78,1.58,4.27,1,10,93677.63653,0,0,0,1,0,0,0
1482,825.1,4.220691599,2,1158.99,64.25,6.68,36.68,24.23,96.93,0.9,6.82,2.49,4.92,2,38,421392.4962,0,1,0,0,0,0,0
1906,966.69,1.256991893,4,583.37,33.42,6.26,19.26,16.82,97.61,1.41,4.99,1.96,3.79,1,8,244161.9048,0,0,0,0,0,1,0
4695,708.12,1.0,4,427.97,41.58,8.02,34.8,6.29,99.9,1.72,7.63,6.11,6.12,1,16,275795.34,1,0,1,0,0,0,0
4850,1619.5,3.808870462,4,362.7,27.31,9.73,40.47,8.74,99.9,0.85,10.0,5.04,5.38,1,23,700466.1435,1,0,0,0,1,0,0
5534,994.94,2.467437863,3,507.81,35.25,10.0,104.41,35.99,92.61,2.17,6.48,6.76,5.17,1,16,223887.0399,1,1,0,0,1,0,0
1900,764.52,4.768663768,3,386.47,31.95,7.26,0.38,11.08,89.11,0.39,5.3,0.22,5.72,1,14,508015.2438,0,0,1,0,0,0,0
3343,558.97,1.139538519,2,180.3,17.34,6.86,29.19,24.26,93.19,1.71,2.93,3.14,6.84,1,17,29693.59482,0,0,0,0,1,0,0
693,550.0,1.605518391,2,851.91,16.6,3.73,70.21,35.49,89.99,2.32,2.99,5.26,2.92,1,13,22668.00959,0,0,1,0,0,0,0
4309,1179.79,3.019621118,2,348.42,19.98,9.29,57.55,0.71,92.63,0.93,6.95,3.44,5.61,1,9,217238.0406,1,1,0,0,0,0,1
6105,2024.4,3.012117839,2,689.65,24.58,5.01,8.31,19.91,88.65,1.56,5.63,1.78,5.72,1,26,361910.7956,1,0,1,0,0,0,0
6649,907.46,2.572705307,4,312.55,34.28,7.75,24.74,6.2,99.45,1.6,6.59,9.99,7.51,2,30,232930.0119,1,0,1,0,0,0,1
4314,1622.41,1.879941563,4,949.82,18.6,9.05,7.95,4.08,97.71,1.21,7.1,9.17,8.2,1,6,580959.1933,1,0,0,1,0,0,1
2115,652.25,1.0,3,683.35,36.47,6.67,17.09,39.98,86.21,0.83,4.05,2.72,4.94,1,7,53436.7072,0,1,0,0,1,0,0
4674,1078.54,2.194071901,4,674.21,35.41,9.75,17.15,3.12,96.55,1.28,6.11,6.77,4.27,1,7,363037.3985,0,0,0,0,0,0,1
6590,760.67,3.181657294,3,98.23,21.9,10.0,68.42,2.27,99.9,1.53,4.2,10.0,6.09,1,14,320337.2467,1,0,0,0,1,0,1
2096,550.0,2.517973195,2,336.53,64.15,8.51,56.55,3.91,94.2,1.01,7.07,5.84,7.55,1,19,186164.8468,0,1,0,0,0,0,0
4168,1499.56,3.136055407,3,103.21,50.21,5.06,8.44,14.99,79.91,1.55,4.53,5.37,5.74,1,17,344588.8785,1,0,0,1,0,0,0
4731,550.0,3.805417508,3,115.61,55.8,7.28,62.53,20.59,94.59,2.14,6.6,6.3,6.2,1,16,277952.8699,1,0,0,0,1,0,0
4857,1522.4,1.532862053,3,247.56,13.5,8.64,26.49,20.21,98.15,1.26,7.21,5.92,6.01,1,18,293880.5894,1,1,0,1,0,0,0
781,1130.17,1.452217732,2,619.97,60.37,6.02,49.97,9.35,90.71,1.03,4.46,0.41,4.37,1,15,59711.34511,0,0,0,0,0,1,0
4504,1287.27,3.373992551,4,964.39,34.85,7.1,28.68,27.13,99.9,2.07,4.28,6.55,7.67,1,9,635898.9889,1,1,1,0,0,0,0
6625,1647.78,2.363525748,4,408.61,30.89,9.13,23.73,16.13,94.74,1.23,10.0,7.5,5.28,2,46,683435.7966,1,0,0,0,0,0,0
3935,1747.75,2.076796876,4,651.49,20.41,8.18,8.88,7.77,89.16,1.28,5.14,10.0,8.22,1,6,463228.4463,1,0,0,0,1,0,1
541,1114.92,1.76565011,3,597.83,30.82,8.19,89.57,32.61,93.26,2.39,4.43,1.51,2.84,1,13,209435.4559,0,1,1,0,0,0,0
4804,1363.54,2.981835035,5,229.35,37.92,8.35,55.7,11.04,95.3,2.55,5.28,10.0,8.52,2,16,416041.3085,1,0,0,0,1,0,0
5234,756.23,3.229252834,4,1392.16,27.83,6.35,61.86,12.54,95.09,1.62,5.67,8.93,5.46,1,14,408729.6267,0,0,0,0,0,1,0
520,1008.1,2.48363363,2,764.26,21.14,3.13,86.49,35.36,92.08,2.51,3.68,5.12,6.98,1,5,144078.848,0,1,1,0,0,0,0
4028,688.72,2.261950982,2,1038.51,31.65,7.06,25.35,13.06,92.54,0.55,5.34,5.5,3.81,1,12,167716.6407,1,1,0,1,0,0,1
2678,550.0,4.092086731,3,394.79,37.76,9.79,31.02,23.0,99.67,1.19,4.71,8.49,7.67,1,16,306389.4055,0,0,0,0,0,1,0
5928,1119.83,3.424566147,3,122.95,46.48,7.15,41.72,0.79,89.64,1.09,9.01,1.43,3.5,2,18,549893.9634,1,0,0,0,0,0,0
3818,1899.3,1.67056062,3,447.03,22.73,8.8,8.82,2.19,94.57,1.11,6.2,6.03,7.14,1,19,654222.9907,1,0,0,1,0,0,0
6811,820.88,3.547604471,2,116.81,19.75,7.46,10.35,4.79,97.95,1.7,6.13,7.26,7.41,1,10,278904.5951,1,0,0,0,1,0,1
2728,550.0,1.660231756,4,572.73,38.91,5.5,79.91,29.17,99.9,2.95,1.75,5.59,5.99,1,23,43772.6327,0,1,0,0,0,0,0
882,829.58,1.907398915,4,384.04,23.32,3.08,81.71,18.52,94.06,2.07,3.52,5.86,7.7,1,19,201790.0964,0,1,0,1,0,0,1
5674,585.68,3.743035079,4,1039.26,19.57,8.69,108.79,15.36,97.15,1.18,6.84,3.07,7.49,2,18,463327.7776,1,0,0,0,1,0,0
6067,1561.0,3.585463285,5,643.29,16.36,8.94,83.69,13.48,96.67,1.71,5.81,4.42,7.64,1,12,536409.8922,1,0,0,0,0,0,0
6247,2405.15,2.45081702,3,421.76,8.07,9.41,23.49,1.87,99.9,1.46,5.8,5.15,4.88,1,16,625562.7251,1,0,0,0,0,0,0
5562,1248.45,2.223605355,4,485.22,51.4,8.95,8.95,21.64,93.66,2.08,6.85,7.79,6.85,1,7,517467.6186,1,1,0,1,0,0,0
5037,1307.78,2.598814392,3,755.8,5.95,10.0,1.72,14.04,93.84,1.24,9.4,10.0,9.77,1,12,328655.7388,1,0,0,0,1,0,1
6921,1264.09,1.0,4,383.4,44.75,4.75,13.59,3.44,94.32,1.73,5.55,10.0,10.0,1,7,200389.3077,1,0,0,0,1,0,0
6142,922.13,1.418995161,4,1374.65,7.88,7.16,43.97,9.08,98.01,1.05,6.41,0.65,0.81,1,16,282566.0241,1,0,1,0,0,0,0
1171,550.0,1.670820147,2,302.87,46.87,4.24,42.09,34.3,95.89,1.91,1.59,2.86,4.74,2,44,129320.0743,0,0,0,0,0,1,1
4203,1059.86,1.0,3,702.92,23.53,9.08,95.11,15.28,95.77,1.27,4.99,6.18,2.86,2,22,234023.3346,0,1,0,0,0,0,1
3158,1459.44,1.0,4,807.54,23.28,5.93,23.63,14.21,89.43,1.7,4.8,3.2,5.7,2,46,402405.7518,0,0,0,1,0,0,1
1446,823.34,1.129488991,4,746.56,27.36,6.05,79.91,24.34,91.54,0.81,3.02,4.93,5.88,1,19,291841.2798,0,1,1,0,0,0,0
4476,1659.0,2.468804774,4,329.73,13.69,8.55,58.54,12.87,87.3,2.2,7.14,8.4,7.24,1,11,586801.0909,1,0,0,0,1,0,1
4092,1656.84,2.247618475,3,433.85,58.15,6.93,74.15,14.67,98.81,1.16,6.25,9.37,4.85,1,24,357762.4838,0,0,0,0,0,0,1
2636,550.0,1.55712734,4,424.6,38.5,8.88,15.98,21.79,99.9,1.14,4.72,9.41,5.91,1,11,155812.4042,0,0,0,1,0,0,0
2838,690.85,2.196792687,3,463.16,41.93,8.0,65.32,22.01,95.61,1.86,4.97,5.44,5.39,1,17,51498.06209,0,0,0,0,0,0,0
3422,719.94,2.30882573,2,441.85,20.39,8.06,47.4,38.22,99.9,1.09,6.3,4.34,3.89,1,3,143128.438,0,0,0,0,0,0,0
3192,550.0,2.072036298,3,567.83,47.71,7.01,87.98,14.47,95.14,1.64,6.15,6.16,4.53,1,6,187908.5068,0,0,0,0,0,1,1
1329,738.18,1.136439482,3,515.33,59.06,5.23,77.13,1.68,92.55,1.49,6.59,5.72,6.12,1,14,173964.3149,0,0,0,0,1,0,1
3757,1520.86,1.142978336,3,464.08,3.37,8.76,58.45,13.44,90.59,1.92,4.93,10.0,6.94,1,16,530903.3731,1,1,0,0,1,0,0
6804,1331.5,4.459162352,2,355.76,41.94,6.32,0.47,15.92,91.76,1.82,7.18,3.39,6.07,2,43,421953.5409,1,0,0,1,0,0,1
6768,1142.73,3.141566236,3,459.29,14.85,5.13,58.58,10.97,87.7,2.11,6.87,3.8,2.31,1,15,231484.3086,1,0,0,1,0,0,0
4577,1207.99,2.810386292,4,617.54,0.41,9.03,17.12,10.57,97.85,1.95,6.22,8.06,7.16,1,16,639166.3694,1,0,0,1,0,0,1
75,550.0,2.512785685,3,527.12,22.66,6.29,14.44,47.86,96.2,1.25,4.34,2.45,5.1,1,14,159308.6831,0,0,0,1,0,0,1
4478,1910.04,1.797835987,3,498.54,8.05,7.69,70.08,8.91,87.76,2.5,5.51,1.76,6.37,1,19,538517.9078,1,0,0,0,0,0,0
826,652.27,1.815823712,3,631.93,30.51,9.0,53.99,10.93,99.9,1.44,4.06,8.99,7.79,1,15,164529.1517,0,0,1,0,0,0,0
6985,1377.51,3.072442631,4,33.1,71.59,5.7,62.77,0.9,90.89,2.12,3.41,6.89,6.9,1,18,588595.9354,1,0,0,0,1,0,0
6196,1667.3,2.192569263,5,592.47,16.43,10.0,30.15,16.34,93.4,1.66,10.0,7.4,6.75,1,19,649539.8808,1,1,0,0,1,0,0
2194,550.0,1.104789414,3,335.2,16.1,2.52,111.49,49.25,93.08,1.4,0.61,4.7,5.17,1,16,129346.5577,0,0,0,0,0,0,1
4758,550.0,1.039414278,1,466.04,43.48,4.75,57.11,24.94,92.81,2.24,1.13,9.32,8.33,1,2,263072.4407,1,0,1,0,0,0,0
5759,1356.12,1.0,3,573.66,31.77,7.5,4.38,11.09,89.42,1.17,4.71,7.58,3.96,1,19,318302.1394,1,0,1,0,0,0,0
1466,676.08,2.961567051,1,712.62,16.66,4.07,82.09,14.82,99.9,1.58,3.51,7.34,7.01,1,21,76286.35004,0,0,1,0,0,0,0
2665,808.65,1.0,5,624.84,34.01,6.72,21.94,10.78,87.85,1.99,2.73,2.57,4.81,1,13,255977.0197,0,1,1,0,0,0,1
3783,872.78,2.334516372,3,351.0,29.3,6.55,25.18,0.53,85.19,1.69,4.43,7.45,7.03,1,10,220569.3106,1,0,0,1,0,0,0
5128,1758.29,2.053357734,2,244.15,22.51,4.66,35.71,24.88,96.75,1.73,7.31,0.53,2.6,2,21,279371.8426,1,1,0,0,0,0,1
2387,979.48,1.0,3,224.8,23.15,8.73,42.91,20.29,93.25,1.21,4.52,2.72,3.59,1,26,56922.47986,0,1,0,0,0,1,0
4716,1403.77,2.245573102,3,129.39,24.71,6.37,3.47,4.21,87.01,0.75,2.27,3.57,3.81,1,11,281741.1885,1,0,1,0,0,0,1
6499,1140.45,1.009937892,4,1068.53,7.86,5.27,78.47,29.13,94.95,1.42,4.48,10.0,8.17,1,25,232764.3257,1,1,0,0,0,1,0
4516,1133.97,2.366869759,2,498.38,12.98,5.94,16.14,10.42,92.23,1.68,4.88,5.39,4.21,1,9,146352.1329,1,0,0,0,0,1,0
5724,1199.42,2.913503183,4,752.48,63.52,7.38,111.68,0.39,91.47,1.54,9.77,6.47,7.06,1,11,473026.0066,1,1,0,0,0,1,0
945,986.66,3.051819002,2,490.08,46.58,5.94,11.94,8.3,89.88,2.0,3.46,4.78,7.77,1,10,263775.3854,0,0,0,0,0,0,0
2190,550.0,1.007111348,3,364.47,28.31,5.02,91.72,14.36,91.44,1.01,4.15,1.86,5.05,1,11,18504.52608,0,0,0,0,1,0,1
6852,1963.87,1.0,3,607.45,28.65,9.25,78.78,5.02,89.69,1.21,6.26,6.29,6.26,1,7,346261.3087,1,1,0,0,0,0,1
842,550.0,1.0,3,674.23,31.7,6.16,10.67,23.19,86.61,1.43,2.32,6.98,6.52,1,8,145960.6322,0,0,0,0,0,0,0
6207,1349.61,2.476436083,4,565.76,44.57,5.17,23.47,10.41,93.12,2.02,5.93,1.66,4.4,1,20,333621.4196,1,0,0,0,0,1,1
4726,2170.86,4.104887589,6,929.36,0.92,10.0,30.47,1.79,94.86,0.94,8.34,4.56,7.42,1,10,1099354.634,1,0,0,0,0,1,0
470,550.0,2.987709527,2,61.99,19.9,4.08,49.1,44.28,93.29,1.83,0.67,1.18,2.92,1,18,35257.12084,0,0,0,0,1,0,0
4192,1457.02,3.355157356,3,193.61,66.17,6.0,49.06,15.12,91.6,1.88,4.6,4.97,7.2,1,18,323044.9573,1,0,1,0,0,0,0
2872,1001.2,1.087321687,2,463.06,5.63,8.32,38.35,20.58,93.06,1.3,2.74,7.89,7.67,1,-4,18130.86252,0,1,1,0,0,0,1
5973,571.99,2.972086967,4,1014.71,41.72,5.56,6.24,6.36,92.97,1.75,4.06,3.89,6.66,1,16,217908.7738,1,1,1,0,0,0,1
3016,874.34,1.062189133,1,631.09,60.21,5.93,1.85,11.86,87.07,1.47,5.01,3.77,9.65,1,17,22214.85962,0,1,0,0,0,0,0
122,620.25,2.754721278,3,387.32,5.02,8.27,9.51,20.1,92.78,1.8,3.53,8.66,6.06,1,14,228638.1768,0,0,0,1,0,0,0
1592,717.8,1.0,3,524.78,33.84,5.74,78.09,20.54,93.32,1.53,4.75,4.81,5.13,1,17,59680.49372,0,0,0,0,1,0,1
3329,1115.97,1.923727113,5,443.06,20.35,7.28,48.01,28.38,93.12,3.15,4.01,3.06,4.15,1,11,518092.7938,0,1,0,0,1,0,0
225,1360.15,3.029874969,2,301.75,26.9,6.57,21.62,11.47,91.24,1.58,5.4,2.8,4.74,1,15,328402.3993,0,1,0,0,0,1,0
5509,1523.73,4.419368764,3,503.4,1.99,6.48,4.18,16.7,93.71,0.17,7.57,9.6,8.97,1,14,595937.3834,1,0,0,1,0,0,0
2803,820.43,3.946005316,2,573.52,6.66,7.52,29.49,11.73,93.67,1.22,6.67,2.34,5.31,1,21,400560.8235,1,1,0,1,0,0,0
1856,1188.92,3.7371569,1,835.27,23.92,3.12,71.35,22.24,89.93,2.05,3.79,3.47,6.14,1,17,278108.4628,0,0,0,0,1,0,1
4863,1860.12,3.247455309,4,607.87,48.81,5.99,7.94,33.0,87.68,0.64,6.35,10.0,8.32,2,33,700924.5861,1,1,0,0,0,0,1
6785,855.68,3.565346125,4,556.58,14.53,10.0,30.63,2.16,89.7,1.53,4.3,6.51,5.75,1,10,335878.0858,1,1,1,0,0,0,0
2677,1062.47,1.780468613,1,78.23,8.68,4.27,67.35,3.44,97.1,0.3,2.34,2.97,7.05,1,19,95843.97767,0,1,0,0,0,0,0
6445,1314.29,3.455971987,2,614.58,7.08,10.0,37.32,4.14,96.16,1.83,8.71,4.71,7.45,1,18,414714.8725,1,0,0,0,0,0,1
3077,550.0,1.709506186,3,274.94,36.12,6.0,45.06,0.59,97.96,1.33,2.65,4.0,3.69,1,21,149754.6459,0,0,0,0,0,0,0
845,1455.53,1.0,3,629.97,26.49,9.99,63.87,16.17,95.74,1.22,2.07,5.98,2.75,1,2,170605.7671,0,1,0,0,0,0,0
572,1034.69,1.0,1,310.93,34.97,3.51,153.65,8.53,98.7,1.76,4.19,6.7,5.1,1,25,26565.96655,0,0,0,0,1,0,1
2356,984.45,2.371191137,2,674.07,26.24,9.45,55.07,7.91,96.3,0.41,4.07,5.48,7.04,2,7,276792.4655,0,1,0,0,1,0,0
5237,1002.7,1.207103091,4,1018.61,3.87,8.65,39.66,3.63,97.44,1.38,6.03,4.36,6.75,2,41,228327.9146,1,1,0,0,0,1,1
5804,1065.79,2.161311881,4,477.23,23.03,7.35,3.46,10.25,99.9,1.07,8.39,10.0,8.99,1,5,341547.2895,1,0,1,0,0,0,1
3179,759.96,4.326870364,3,576.92,19.22,2.38,48.31,17.47,91.24,1.8,2.62,4.61,3.45,1,23,164798.1988,1,0,0,0,1,0,1
3232,678.96,1.69632144,3,359.9,11.45,5.97,6.65,4.07,86.27,1.79,3.83,8.46,8.3,1,18,306358.7502,0,0,0,0,0,0,0
3672,1634.97,3.330735187,4,873.35,53.4,9.19,15.26,19.77,91.36,1.96,5.23,7.84,6.87,2,14,428472.8809,1,0,0,0,1,0,0
2481,550.0,1.771851553,3,1039.36,0.52,8.29,8.14,7.87,96.92,1.87,5.69,8.28,5.35,1,18,69320.97968,0,1,0,1,0,0,0
154,1002.01,1.940273697,4,755.42,19.42,6.24,60.79,5.38,95.83,1.99,1.75,5.28,4.98,1,11,242087.3562,0,0,0,0,0,0,0
476,550.0,1.856152489,1,691.0,47.44,2.99,62.45,23.32,94.53,2.23,1.89,1.8,5.34,2,13,126891.0026,0,1,0,0,0,0,1
4668,1457.84,4.505308712,2,467.27,2.95,8.45,5.81,9.22,99.9,1.51,9.88,10.0,2.81,1,3,797067.4646,1,0,0,0,0,0,0
3710,1216.33,4.233364334,4,298.63,11.06,10.0,10.06,13.57,99.9,1.36,7.31,6.96,5.67,1,17,814878.8795,1,0,1,0,0,0,0
4399,1249.1,2.179147945,2,63.7,43.08,4.39,69.21,23.92,98.73,1.66,2.97,4.67,4.67,1,16,188380.4821,1,0,0,0,1,0,0
3087,550.0,2.169073686,2,125.81,40.41,4.29,75.29,38.35,82.58,2.29,2.28,8.68,5.79,1,14,28130.53883,0,0,0,0,1,0,1
1690,751.96,2.441461375,4,810.74,14.93,8.3,4.06,21.83,94.71,1.59,5.53,4.39,7.27,1,16,210986.8417,0,0,1,0,0,0,0
278,749.78,1.214083382,3,502.64,20.61,5.77,71.09,38.74,83.99,1.38,3.33,1.78,6.94,1,9,133838.7142,1,0,0,0,1,0,0
526,1412.23,4.6183379,2,827.51,35.62,8.64,55.21,52.57,87.69,1.61,2.78,1.8,5.25,1,9,319189.3256,0,0,1,0,0,0,1
5104,965.69,2.995738568,4,657.99,55.69,7.95,83.45,13.75,98.09,2.33,4.97,8.89,7.77,1,9,495897.6888,1,0,1,0,0,0,0
6157,1335.3,3.042876612,4,635.28,13.8,9.48,28.55,17.74,91.82,1.03,8.71,5.69,6.98,1,14,572143.591,1,0,0,1,0,0,1
4950,1809.96,2.46115053,6,826.48,39.12,7.23,67.94,8.12,93.36,1.37,8.07,9.0,4.93,1,21,657827.0912,1,0,0,1,0,0,1
6945,1255.55,1.601128605,4,806.02,32.51,9.15,22.98,3.7,99.9,1.37,3.09,5.59,6.06,1,12,512392.2296,1,0,1,0,0,0,0
1087,550.0,2.459170586,3,57.57,38.43,6.31,26.62,20.9,94.42,1.98,2.66,0.97,6.36,1,11,145654.911,0,0,0,0,1,0,1
6161,1523.17,2.209791231,4,1003.37,57.21,7.65,90.32,11.07,98.38,1.39,5.91,1.47,3.17,2,24,490457.0292,1,0,0,1,0,0,0
382,682.7,2.087363198,2,255.42,20.91,8.04,111.7,17.84,97.95,1.55,3.75,5.97,6.69,1,6,164935.7466,0,0,0,0,0,0,0
1099,1170.14,1.87755811,2,757.79,49.75,4.53,30.19,20.82,92.83,2.19,5.26,8.78,7.96,1,14,197479.9571,0,1,0,1,0,0,1
4273,2188.24,2.233152941,3,793.71,52.02,8.54,31.85,6.12,92.56,0.56,10.0,10.0,7.83,1,11,554451.477,1,0,0,0,0,0,0
5135,651.47,2.292384385,4,514.8,71.64,9.4,4.57,5.9,97.11,1.46,4.43,5.47,7.17,1,17,301192.8383,1,0,0,1,0,0,0
2530,550.0,1.0,3,621.03,39.89,3.21,52.95,20.42,94.63,2.02,0.56,0.29,3.88,1,7,74694.14436,0,0,0,0,1,0,1
3237,550.0,1.0,3,196.71,39.53,1.42,83.06,3.15,96.03,1.44,5.45,2.58,5.54,1,10,87667.44339,0,0,0,0,0,0,0
4775,1230.45,2.30162851,4,588.84,69.56,8.38,114.55,4.14,77.39,2.38,4.71,6.6,3.39,1,9,397091.9479,0,1,0,0,1,0,0
5182,1417.36,2.156583472,2,391.11,30.53,6.14,39.82,9.05,95.8,1.68,4.88,5.51,6.42,1,5,240467.6221,1,0,0,1,0,0,1
5071,711.07,2.233267113,3,809.8,44.44,3.94,13.09,35.83,94.07,0.78,2.04,5.28,5.72,1,18,279970.954,1,1,0,0,0,0,0
6572,891.62,2.994777105,4,453.52,55.85,7.33,40.38,1.34,94.88,1.23,2.34,3.92,2.94,1,29,287370.1636,1,1,1,0,0,0,0
918,550.0,3.206384749,3,1080.29,28.46,5.88,59.29,19.83,91.14,1.38,5.04,8.56,5.38,1,6,219430.4552,1,0,0,0,0,1,0
3032,1318.79,1.0,3,404.84,11.63,7.22,18.18,3.59,99.9,1.71,5.45,10.0,7.47,1,17,127906.5423,0,0,1,0,0,0,1
207,1158.98,1.0,3,126.54,23.96,10.0,84.29,20.01,99.9,1.36,7.03,0.8,2.54,1,8,164522.6787,0,0,0,0,0,1,1
5934,1662.03,2.189836383,3,450.05,37.76,7.58,14.68,18.11,90.32,1.77,6.38,8.52,7.75,2,36,482298.0464,1,0,0,0,0,1,0
4712,1551.81,2.056572628,3,171.86,23.05,8.45,10.07,11.65,90.13,1.45,1.87,2.58,5.51,1,17,354366.7788,0,1,1,0,0,0,0
3168,1083.87,3.084012401,2,156.66,25.99,9.39,27.67,17.99,95.43,0.91,7.3,5.83,6.74,1,19,321002.4028,0,1,0,1,0,0,0
3401,851.23,2.489114035,3,496.61,54.61,4.71,20.81,11.08,92.43,1.37,5.79,0.39,6.32,1,22,403933.0113,0,0,0,0,0,1,0
4968,1545.13,3.611388515,4,163.93,55.25,8.9,24.35,25.07,98.78,0.98,10.0,9.5,6.65,1,19,679568.774,1,0,1,0,0,0,0
6117,1022.41,4.999980758,3,504.11,46.27,8.9,39.65,2.84,93.11,2.0,3.88,0.36,4.91,1,23,486542.0495,1,0,0,0,1,0,0
4989,1215.43,2.226951959,5,114.55,25.14,8.95,33.75,12.0,92.57,2.18,5.25,2.96,4.04,1,9,441603.7678,1,1,0,0,1,0,0
3739,821.43,3.767153873,3,800.0,21.32,8.24,35.88,1.93,91.06,1.68,4.44,8.25,6.53,1,9,370102.5654,1,0,0,0,0,1,0
6026,1016.68,2.970817977,3,1288.22,29.23,5.19,58.44,11.7,88.88,0.62,4.54,2.93,5.7,1,14,548888.5891,1,0,0,0,0,1,1
1215,550.0,2.412895416,4,517.39,19.0,7.73,37.11,2.67,99.9,1.34,5.21,4.76,5.86,2,26,227613.9937,0,1,0,0,0,1,1
297,679.42,1.324548657,2,622.02,11.39,6.62,44.3,28.79,99.76,1.89,5.3,4.69,8.77,1,19,61486.69821,0,1,0,1,0,0,0
1490,1500.21,1.384003857,4,743.08,78.98,1.94,23.18,6.1,83.82,0.79,2.14,7.25,4.61,1,19,214373.7405,0,0,0,0,1,0,1
527,550.0,3.069548929,4,875.37,8.56,8.08,45.64,27.66,84.63,1.61,6.23,10.0,8.69,1,19,177724.2175,1,0,0,0,1,0,1
6134,1006.86,1.756899634,2,62.78,46.62,6.83,58.7,5.46,99.9,0.93,4.43,10.0,7.77,1,20,161962.4873,1,0,1,0,0,0,0
442,818.02,2.329951319,3,356.03,19.43,7.2,17.02,8.78,95.92,0.77,6.46,6.09,5.79,1,18,232939.9465,0,0,0,0,0,0,0
2120,587.12,1.976201942,2,786.47,24.81,3.83,41.03,25.54,92.74,1.1,3.24,8.96,6.4,1,15,82855.67298,0,0,0,1,0,0,0
3532,1233.39,2.485825649,3,1103.46,42.39,5.92,32.33,39.45,91.12,1.89,4.16,9.68,8.4,1,11,358485.656,1,0,1,0,0,0,1
3732,1842.17,2.913336189,4,630.94,56.05,10.0,19.25,13.22,94.19,1.6,5.76,2.53,7.11,1,12,507697.8447,1,0,0,1,0,0,0
3529,1486.54,3.402016145,5,590.92,26.56,6.66,31.47,3.2,93.34,1.84,8.1,5.66,10.0,1,27,668283.1176,1,1,0,1,0,0,0
1138,1146.31,1.789572781,2,564.3,55.74,2.62,50.97,18.88,88.85,1.46,0.4,6.96,5.37,1,27,76684.15494,0,0,0,0,0,0,0
4387,1155.62,2.661662202,2,464.49,52.83,8.95,49.99,16.96,95.28,1.34,7.58,9.69,9.0,1,17,235684.5044,0,0,0,0,1,0,0
536,811.98,1.582626695,1,322.37,57.14,2.85,96.55,43.08,88.89,1.45,2.88,6.11,8.36,1,19,28865.00638,0,1,1,0,0,0,0
5193,1391.84,3.450977844,3,388.21,58.39,6.8,3.62,37.51,99.9,1.97,4.81,9.48,7.26,1,20,361439.7058,0,0,0,0,1,0,0
6849,1176.34,3.44890261,2,916.2,2.57,8.56,42.31,16.69,96.33,1.43,6.87,1.27,2.55,1,23,192954.2589,1,0,0,0,0,0,0
5368,1728.37,3.703794345,2,892.69,38.83,5.11,1.28,1.26,86.4,2.05,1.5,5.06,6.62,2,19,344195.7985,1,0,0,0,0,1,0
5679,843.91,2.784203609,4,782.47,34.3,8.36,68.35,9.36,97.72,0.65,5.99,6.24,8.84,1,5,491046.6816,1,1,0,0,0,1,1
2374,930.21,2.15092336,2,566.0,40.66,4.14,34.76,26.76,94.9,1.6,5.51,5.03,6.49,1,11,187134.6322,0,0,0,0,1,0,0
3523,551.61,2.658446462,3,547.19,35.1,4.73,32.35,13.3,96.05,1.55,5.31,1.16,4.14,1,1,255872.3588,1,0,0,0,0,1,0
6657,1292.55,3.710544345,3,692.31,24.5,7.93,16.89,1.19,92.77,0.47,5.59,2.02,4.88,1,13,494645.3531,1,1,0,0,0,0,1
5604,1412.25,1.827928206,1,777.83,24.89,6.09,15.21,2.22,92.94,1.11,8.8,10.0,9.97,1,25,431491.5291,1,0,0,0,0,1,1
4441,638.38,1.465766762,4,710.83,46.29,10.0,101.86,1.33,95.93,1.59,8.61,6.79,6.33,1,21,262166.6519,1,1,0,0,0,0,1
3416,550.0,1.0,1,46.35,60.39,0.62,68.14,4.33,91.45,2.43,0.11,6.78,7.23,1,16,269887.9081,0,0,1,0,0,0,0
1836,550.0,1.0,2,389.08,18.27,5.05,42.52,22.34,99.9,1.42,3.53,8.5,5.75,1,4,56208.60556,0,0,0,0,1,0,0
3373,1520.84,1.407801731,2,69.47,32.04,5.66,47.77,28.71,91.21,2.53,3.12,5.09,3.2,1,18,166410.6223,0,0,0,0,0,0,0
2453,550.0,1.859648866,3,802.57,27.45,5.59,36.04,1.86,81.99,0.46,2.85,10.0,8.65,1,19,176268.6847,0,0,0,0,1,0,0
5259,550.0,4.2893013,5,507.76,87.84,10.0,9.2,2.76,90.45,1.07,5.47,10.0,10.0,1,11,502753.5773,1,0,0,0,0,0,1
167,626.39,1.0,4,304.24,28.35,7.64,41.71,13.39,98.33,2.08,5.32,2.11,3.9,1,24,151235.7966,0,0,0,0,0,1,0
2008,550.0,2.023009426,1,358.44,33.05,3.4,82.54,37.2,89.04,1.27,0.16,6.58,3.71,1,18,187325.0791,0,0,0,0,0,1,0
6417,1552.01,1.946009718,3,897.16,25.11,8.92,21.87,1.68,93.88,1.76,8.3,10.0,6.53,2,41,615739.7905,1,0,0,0,1,0,1
47,550.0,2.766672323,2,382.59,25.47,7.55,115.79,24.57,93.9,1.72,3.47,8.45,9.46,2,29,215962.4519,0,1,0,0,0,0,0
2201,847.5,1.768158493,3,450.23,26.28,8.92,32.08,5.01,94.68,0.75,3.17,7.75,8.01,1,17,195844.2193,0,1,0,0,0,1,0
3689,1036.74,2.751349972,5,281.27,36.4,8.78,9.12,10.75,96.11,1.35,3.95,6.95,8.12,1,10,481539.8968,1,0,0,0,0,1,0
4685,1011.88,3.487228436,5,343.21,66.43,6.08,37.02,23.36,94.08,1.47,3.59,6.83,6.21,1,14,496885.595,1,0,0,0,0,1,1
397,1074.05,1.42286577,3,599.49,36.09,6.79,13.87,31.21,96.0,1.46,5.01,7.48,7.57,1,17,159334.9473,0,0,0,1,0,0,0
1507,550.0,2.562609311,1,403.9,16.07,6.97,71.52,27.16,99.9,1.51,6.42,4.33,5.68,1,10,45714.92155,0,0,0,0,1,0,1
4295,1220.62,3.1857655,2,634.88,55.9,6.39,70.15,1.98,91.75,1.62,4.31,10.0,10.0,1,10,494261.7138,1,1,0,1,0,0,0
2612,931.48,2.706369616,2,441.0,23.97,6.56,41.32,23.8,95.42,1.96,5.83,6.17,5.95,1,10,149196.1255,0,0,1,0,0,0,0
2004,550.0,2.087067938,4,1188.94,39.14,7.04,28.98,3.71,94.29,1.4,3.83,7.82,5.26,2,31,194443.9266,0,1,0,0,0,0,0
5776,1074.82,1.715567652,3,915.9,43.43,6.33,23.2,1.09,99.9,1.86,4.67,8.34,9.54,2,31,428905.1684,1,0,0,0,0,1,1
5378,1782.12,2.33232165,2,399.94,41.62,9.15,81.16,21.9,93.12,1.11,5.5,5.4,5.32,1,16,419401.5648,1,0,0,0,0,1,0
6302,678.77,1.595301277,5,559.45,37.69,7.07,18.94,15.71,95.94,1.55,3.06,4.84,5.95,1,13,278782.1027,1,0,0,0,0,0,1
6215,1599.41,1.512261832,3,1047.22,7.56,7.25,86.6,15.78,87.05,0.73,3.94,2.09,2.67,1,16,237751.4908,0,0,1,0,0,0,0
986,550.0,1.0,3,2.0,30.77,5.96,79.16,40.47,95.87,0.76,3.03,5.44,4.82,1,22,111487.6878,0,0,0,1,0,0,1
6654,974.78,1.507927962,2,754.78,58.37,6.12,59.2,33.7,98.3,1.02,5.32,1.06,6.32,1,14,220017.1512,1,0,0,1,0,0,0
6394,1758.17,1.499267324,3,285.33,18.38,9.42,41.34,3.43,94.16,0.79,5.74,10.0,4.32,2,41,495032.9392,1,1,0,0,0,1,0
1434,740.44,1.0,3,703.92,8.61,7.58,63.47,9.82,82.58,0.36,5.88,9.09,7.44,2,38,220447.697,0,0,1,0,0,0,0
2532,550.0,1.693840617,2,84.42,18.1,5.93,106.41,13.94,95.77,1.19,3.99,6.08,2.94,2,37,105826.265,0,1,0,0,0,1,0
6518,901.77,3.841542041,3,619.22,2.35,9.15,15.86,14.98,99.9,0.91,8.27,5.61,4.96,1,9,301401.508,1,0,0,1,0,0,1
237,1073.95,3.209491202,3,663.46,36.18,7.35,59.85,15.17,94.52,1.07,6.17,7.08,6.2,1,5,330775.3341,0,0,0,0,1,0,0
2119,600.98,2.060786157,3,116.32,15.37,5.54,15.31,17.32,89.48,1.39,5.33,3.49,4.66,1,12,224866.6197,0,0,0,1,0,0,0
2286,894.95,1.344163861,2,452.22,48.4,3.33,49.25,22.48,88.41,1.46,0.57,6.86,4.03,1,17,104149.3632,0,0,0,0,0,1,0
5680,550.0,1.012144846,2,718.57,78.04,3.55,118.78,18.31,86.62,0.66,0.05,9.67,5.72,1,2,332430.7059,1,0,0,1,0,0,0
2114,550.0,1.678418426,3,680.53,21.93,6.26,85.3,5.24,93.11,0.99,4.4,0.06,3.41,1,13,14620.32686,1,0,0,0,0,0,1
1104,674.53,2.08013877,4,281.42,1.4,9.08,24.47,20.7,98.52,2.1,6.34,6.5,8.78,2,43,217026.2738,0,1,1,0,0,0,0
1782,740.05,1.138505626,2,400.04,43.7,1.48,53.38,26.24,98.08,1.48,3.62,5.27,4.1,1,19,5854.219094,0,0,0,0,1,0,0
802,1152.07,1.427601103,2,335.95,6.0,5.43,14.4,20.6,80.85,1.61,4.1,6.18,4.73,1,8,92454.17153,0,0,0,0,1,0,0
6020,550.0,3.99467456,4,243.47,65.17,7.15,68.12,18.77,97.9,2.58,6.29,8.77,8.4,2,28,246715.1389,1,0,0,0,1,0,1
6705,951.57,2.919625701,4,1060.24,44.36,4.16,49.48,16.57,94.83,1.48,4.87,7.69,6.65,1,16,764659.9276,1,0,0,0,0,0,1
3641,1752.42,2.625927668,4,555.27,23.14,8.27,48.24,27.07,92.94,2.35,5.2,8.38,5.23,2,20,481329.7949,1,1,0,1,0,0,1
2421,859.61,1.0,4,541.62,16.86,8.9,25.64,8.63,92.2,1.26,4.82,10.0,7.96,1,9,114958.2131,0,0,0,0,0,1,0
5723,1288.75,2.587117573,4,768.81,17.19,9.73,64.51,6.83,92.93,0.17,8.13,7.24,6.31,1,9,624730.5383,1,0,0,0,0,1,0
3084,1082.1,1.728196092,2,249.98,19.5,6.4,35.97,25.34,90.32,1.79,5.15,5.65,6.53,1,21,123306.3616,0,0,0,0,1,0,0
3976,1027.16,2.300659761,4,1154.71,49.78,5.84,1.11,28.55,92.96,1.2,5.23,5.67,5.58,1,13,499160.6854,1,0,0,1,0,0,0
5592,1801.97,2.18251772,3,816.78,28.16,7.3,42.65,8.29,90.67,1.82,5.21,8.11,4.64,1,14,484640.3531,1,0,0,0,1,0,0
1737,1048.72,1.872245449,3,734.51,44.31,6.11,27.38,30.34,95.32,2.06,4.94,5.27,6.51,1,13,211568.1943,0,1,0,0,0,0,0
5081,550.0,1.304654498,3,378.06,6.33,6.07,40.35,41.07,88.21,1.97,0.05,3.59,5.45,1,24,199366.6899,1,0,0,0,0,1,1
347,1258.21,1.714074971,2,186.08,29.21,6.51,59.26,18.27,88.44,1.68,2.58,4.89,5.3,1,18,168180.8527,0,0,0,0,0,1,1
3730,1423.76,1.251325454,3,356.87,33.88,9.58,28.06,20.74,92.77,1.43,7.77,9.86,5.81,1,9,367131.3661,1,0,0,0,0,0,0
3887,1036.05,2.013444751,3,577.03,44.88,5.18,58.88,12.16,95.81,2.3,4.77,4.76,6.08,1,12,265508.2441,1,0,1,0,0,0,0
5882,1659.9,4.04552027,4,839.69,32.54,9.81,30.98,3.71,89.2,0.04,8.44,7.65,7.36,2,10,932767.5541,0,0,0,0,0,0,0
6136,1003.91,4.886921341,4,489.13,22.46,9.11,15.56,13.42,97.53,1.24,5.88,7.83,9.18,1,6,693084.4985,0,1,0,1,0,0,0
4932,859.22,2.852049712,4,933.22,32.85,6.8,28.73,0.68,98.04,2.14,6.85,7.23,4.52,1,5,307951.4,1,1,0,0,1,0,0
34,755.33,1.410790541,3,645.2,41.03,7.33,118.89,25.81,91.78,2.14,2.23,2.17,3.02,1,20,1043.931448,0,1,0,0,1,0,0
2245,625.88,1.0,2,314.46,27.68,7.61,52.93,0.43,92.48,1.72,4.35,3.67,0.63,1,10,75169.08727,0,1,0,0,1,0,0
3247,550.0,3.317364317,4,290.39,63.27,9.06,14.88,15.72,99.9,0.96,6.26,10.0,10.0,1,10,385958.6291,0,0,0,0,0,1,0
4078,1075.66,1.965149506,4,526.25,16.71,9.89,47.39,3.14,89.93,1.45,7.91,8.66,8.54,1,14,454224.74,1,1,1,0,0,0,0
1468,662.79,2.085815753,2,403.94,65.46,7.45,36.21,26.34,99.09,0.48,6.12,8.18,5.29,1,7,67177.53037,0,0,0,0,1,0,1
5899,862.04,1.502217798,4,23.67,7.96,6.83,89.78,14.97,95.04,1.21,6.3,4.16,4.41,2,6,348796.9462,1,0,0,0,0,1,0
6163,1009.33,1.321191534,4,368.76,3.24,8.34,61.64,10.19,97.51,1.32,6.3,6.52,10.0,1,4,507087.9736,1,0,0,0,0,0,0
564,550.0,1.0,2,793.43,35.85,7.29,41.49,17.35,88.73,0.9,1.34,5.19,3.48,1,11,140849.1312,0,0,0,0,0,1,0
4829,2117.97,3.11077337,3,595.72,32.06,6.31,64.1,7.86,95.78,1.74,5.13,8.24,5.78,1,14,421200.9345,1,0,0,1,0,0,0
5781,1348.39,3.596131658,4,529.29,45.88,4.04,53.64,17.06,95.14,1.61,3.26,7.9,4.57,1,27,336698.3623,1,0,0,0,0,1,1
3778,913.84,1.0,4,919.24,6.08,8.21,94.23,20.77,96.85,1.74,1.42,8.05,5.74,1,17,312343.702,1,0,0,0,0,1,1
74,1113.68,1.655995692,3,911.15,7.55,10.0,74.51,16.44,87.11,1.01,7.8,3.89,3.93,2,38,313352.88,0,1,1,0,0,0,0
855,883.65,1.698234376,2,181.05,69.75,6.29,53.21,15.06,95.49,2.0,1.29,6.63,8.01,1,26,10167.04321,1,0,0,0,0,0,0
309,550.0,3.018787009,2,424.57,18.32,5.71,78.62,32.93,99.9,0.61,2.11,1.55,6.61,1,16,20092.31553,0,0,1,0,0,0,1
1780,550.0,2.12827974,4,232.4,38.48,6.9,41.46,25.27,88.69,1.6,2.6,2.82,4.17,1,11,234898.3678,0,0,0,0,0,1,1
282,550.0,1.193013284,3,803.59,27.49,7.55,7.29,12.97,95.66,1.25,6.15,9.79,8.18,1,23,135249.7958,0,1,0,0,0,0,0
4371,1230.72,3.707905296,3,703.85,16.19,9.63,31.0,3.11,88.93,0.37,7.08,6.48,5.68,1,15,571879.3969,1,0,0,0,0,0,0
6237,1647.17,2.425216305,2,543.04,1.55,6.23,16.23,0.32,88.27,0.63,6.23,0.54,3.85,1,13,379575.9032,1,0,0,0,1,0,0
3306,550.0,2.49519446,2,373.21,28.5,5.24,6.41,9.32,97.58,1.26,2.34,0.93,6.39,1,12,-3498.926915,0,0,0,1,0,0,0
547,1051.64,3.319745999,2,572.91,23.99,10.0,43.72,3.84,99.27,0.61,8.93,7.33,5.76,1,8,278699.4585,0,0,0,0,0,1,0
1945,968.74,2.406639445,2,349.9,1.9,5.84,90.61,22.42,98.2,1.27,4.86,8.85,6.29,1,10,302987.8519,0,0,0,0,1,0,0
3754,1181.53,3.990125472,2,550.01,69.19,5.17,71.42,37.44,89.9,1.13,5.31,7.97,8.64,1,12,416683.9676,1,1,0,0,0,1,0
6288,1037.77,2.157451619,4,22.57,60.16,4.92,14.34,18.15,94.08,1.16,4.67,1.55,1.38,1,21,288087.9811,1,0,0,0,1,0,1
4117,1019.73,1.225188585,3,577.71,15.02,6.47,12.29,19.41,99.9,1.85,4.93,6.21,6.42,1,11,226223.7925,1,0,1,0,0,0,0
1570,550.0,1.662954171,3,867.99,45.08,6.71,79.37,14.72,92.22,1.19,4.96,0.11,3.92,1,21,78858.28945,0,0,1,0,0,0,0
2581,622.21,2.95770453,1,396.34,73.07,5.49,5.56,7.32,90.66,0.84,6.73,7.75,6.49,1,16,68558.52735,0,1,0,0,0,1,0
1158,1286.1,1.407204175,2,363.99,21.9,5.48,13.8,13.59,91.61,1.24,1.75,9.1,7.62,1,8,224414.2869,0,0,0,0,0,1,0
1680,550.0,2.176413203,2,306.83,4.42,5.63,81.51,25.18,98.5,1.7,4.46,5.94,5.51,1,16,69090.16399,0,0,0,1,0,0,1
720,725.08,1.479163353,3,489.23,35.79,8.39,29.16,37.23,98.24,1.25,4.46,5.75,8.95,1,12,178042.2356,0,0,0,0,0,1,1
291,550.0,2.527090512,2,859.6,38.34,5.51,17.73,0.26,99.11,1.3,4.84,5.13,7.79,1,16,-1965.596887,0,0,0,0,0,1,0
2931,1917.9,1.0,2,339.31,35.89,7.54,87.0,36.98,91.2,1.02,3.85,4.69,3.18,1,14,35980.10966,0,0,0,0,0,0,1
540,1300.04,1.863375947,4,554.01,19.04,7.45,47.27,7.89,92.4,1.93,5.06,3.63,3.01,1,16,331499.7481,0,0,0,0,1,0,1
465,730.57,1.605005255,4,144.83,38.1,6.49,67.26,0.68,83.03,2.31,4.84,5.3,6.62,1,10,172317.0729,0,1,0,1,0,0,1
2232,660.2,2.684531034,3,581.34,9.16,5.98,16.71,13.61,89.35,2.22,4.36,0.09,2.21,1,25,88794.30128,0,1,0,0,0,0,0
1036,1231.41,1.133459125,3,247.54,69.66,4.64,26.01,13.0,89.13,1.3,6.27,10.0,9.05,2,40,296406.4239,0,0,0,1,0,0,1
4822,1287.98,2.412537863,3,519.49,27.01,7.6,5.64,3.9,99.9,1.03,3.63,6.94,6.78,1,10,309520.0824,1,0,0,0,0,0,0
4397,981.2,2.840765761,5,737.05,51.73,10.0,51.92,11.81,90.44,1.76,6.77,8.37,7.18,1,10,960733.4222,1,0,0,0,1,0,1
1047,1299.01,1.0,3,539.86,26.34,6.35,74.15,41.07,94.82,1.76,2.41,0.88,3.11,1,14,134458.4354,0,0,0,0,0,0,0
4104,965.33,1.415116037,3,167.4,81.77,7.84,20.43,0.97,88.97,1.58,6.75,5.27,3.6,1,11,205918.2152,1,0,1,0,0,0,0
5790,550.0,2.348662858,4,1.3,43.15,4.14,37.28,12.36,89.37,2.53,6.95,3.29,4.72,1,16,330826.6085,0,0,0,0,0,1,0
2315,1167.24,1.066872317,3,39.92,50.25,3.91,25.14,31.29,90.96,1.01,1.76,7.1,7.5,1,10,175887.1081,0,0,0,1,0,0,1
4954,1551.28,2.563582951,4,443.14,47.68,8.93,3.39,6.16,94.93,2.18,6.58,3.67,6.45,1,7,396006.4445,1,0,0,0,1,0,0
4502,2277.23,1.654620241,3,388.04,15.61,7.12,17.03,41.6,88.43,2.13,7.51,9.3,7.41,1,15,365244.7621,1,0,0,1,0,0,1
6603,550.0,1.249857823,1,181.32,44.77,3.23,73.07,32.73,91.72,2.56,2.01,7.22,4.31,1,7,438540.618,1,0,0,0,1,0,0
3921,1196.66,1.0,3,803.69,14.05,6.1,31.45,17.73,98.48,2.07,4.82,4.3,6.03,2,43,276602.8802,1,0,0,0,0,1,0
60,989.32,1.189819741,4,525.88,21.41,7.99,50.54,30.11,89.56,1.55,3.33,0.99,0.01,2,16,137862.4402,0,0,0,1,0,0,0
1599,803.03,1.419109694,4,381.95,2.6,7.11,61.83,41.89,99.46,1.17,4.16,9.17,5.1,1,18,174861.1223,0,0,0,1,0,0,0
6973,1613.59,2.596393279,3,598.58,35.29,6.69,51.99,1.64,99.9,2.43,7.75,3.3,5.12,2,27,423395.8775,1,1,0,0,0,0,1
1189,550.0,1.900538373,3,93.26,7.27,5.83,3.29,6.35,99.9,1.25,3.37,7.12,8.19,1,10,242795.8395,0,1,0,0,0,0,1
3536,2013.79,3.610059878,5,740.42,46.11,10.0,96.34,32.89,99.9,1.82,8.67,6.86,7.67,1,13,851362.3628,1,0,0,0,0,1,0
5522,1093.65,2.876342608,3,428.73,50.52,8.35,14.1,11.85,90.65,0.18,8.8,10.0,7.3,1,16,344243.0143,1,0,1,0,0,0,0
4930,927.23,3.076841003,5,675.93,16.65,8.27,31.76,6.73,95.29,1.42,7.94,10.0,5.11,1,11,716620.3418,1,0,0,1,0,0,1
3564,1526.53,2.063532157,6,1276.59,13.63,8.38,71.51,2.5,90.55,1.27,7.83,1.28,4.6,2,52,495607.7539,1,1,0,0,0,1,0
5954,956.73,2.804388006,4,726.06,7.56,9.87,25.82,11.36,94.44,0.53,6.42,3.5,4.6,1,14,520121.5949,1,1,0,0,0,0,1
6456,550.0,3.609200543,4,1088.51,29.77,7.49,52.74,14.78,93.71,1.24,5.26,1.8,3.53,1,26,389376.6611,1,1,0,0,0,1,1
2443,904.54,1.0,1,8.18,5.45,7.75,38.78,47.52,90.29,1.93,3.95,4.59,5.64,1,15,27443.46265,1,1,0,0,0,1,0
3215,550.0,1.098212074,2,678.37,2.88,9.72,66.75,46.7,97.92,1.15,6.01,9.6,5.94,2,23,60396.85087,0,0,0,0,0,1,0
615,917.3,1.0,3,588.81,5.74,5.71,19.86,11.6,93.71,2.38,4.4,5.18,4.77,1,1,178562.4886,0,0,1,0,0,0,1
535,937.22,1.40045717,2,221.18,10.91,3.43,23.88,9.65,84.52,1.31,2.02,6.44,7.83,1,16,127069.7406,0,1,0,1,0,0,0
5570,1471.77,1.455270599,2,738.03,27.97,5.13,9.43,5.05,99.9,1.81,4.84,10.0,6.47,1,15,262729.6671,1,0,1,0,0,0,0
6281,1729.0,3.578398802,4,976.73,45.88,4.55,11.96,6.0,99.9,1.58,8.5,5.73,5.85,1,4,507080.8584,1,1,0,1,0,0,1
3402,975.14,1.846463195,2,277.69,25.52,4.21,40.83,8.71,94.96,1.71,4.9,4.68,6.35,1,9,187016.4638,0,1,0,0,1,0,0
4510,676.49,3.222117992,4,660.64,37.66,9.4,38.02,13.62,92.1,2.2,9.02,6.68,4.21,1,16,318813.9003,1,0,0,0,0,1,1
4351,1511.53,2.936296638,3,418.15,6.65,7.44,9.27,1.14,86.91,1.7,6.42,3.81,2.76,1,9,411975.0679,1,1,0,1,0,0,1
4824,2132.54,3.325386983,4,829.4,6.96,6.02,42.29,6.67,92.02,1.64,7.42,10.0,8.13,1,17,716214.1759,1,0,0,0,0,0,1
581,550.0,1.0,1,332.63,41.13,2.88,25.43,15.4,99.9,1.39,0.29,4.47,6.31,1,13,191617.3486,0,0,1,0,0,0,0
3485,1024.17,1.233902801,2,657.27,10.84,8.12,11.14,21.83,99.9,1.0,3.26,3.27,4.44,1,11,93481.0407,0,0,1,0,0,0,0
4549,1325.96,3.018469634,3,876.35,13.03,10.0,55.88,8.51,94.91,0.66,7.64,5.46,4.87,1,15,420059.0146,1,0,0,0,0,0,0
195,550.0,4.998606692,4,519.1,23.41,7.15,55.3,5.52,86.12,0.53,7.09,4.58,6.21,2,24,480559.1,0,0,0,0,1,0,0
1263,1438.21,1.0,2,406.67,15.76,8.07,62.7,24.15,87.08,1.39,5.15,6.63,7.39,1,1,35797.79569,1,0,0,0,0,1,1
172,1381.83,1.982966373,3,768.86,6.93,8.27,38.1,2.17,96.32,1.69,7.72,6.65,6.37,1,15,431628.5128,0,0,0,1,0,0,1
4766,2080.79,2.726898475,3,670.35,5.92,10.0,41.65,52.51,99.14,1.25,7.75,9.4,8.59,1,17,724354.0835,0,0,1,0,0,0,0
2822,550.0,1.703929686,4,831.02,49.5,5.67,76.26,17.93,92.82,1.54,6.6,1.91,5.47,1,16,136138.627,1,1,0,0,0,1,0
3740,1267.8,1.302946708,4,892.99,13.36,6.95,12.69,25.54,96.55,1.66,4.81,2.13,4.82,1,11,307255.37,1,1,0,0,1,0,0
5347,1491.29,1.779273074,2,357.3,34.76,7.03,99.75,37.53,99.9,1.56,6.78,9.1,5.82,1,9,425833.8266,1,0,0,0,0,1,0
3457,1115.34,1.857196917,3,321.06,32.43,5.35,21.62,7.48,88.62,1.96,3.93,1.74,4.81,1,5,140877.4536,0,1,1,0,0,0,1
2870,1296.88,3.229495602,1,1051.09,18.2,7.48,19.99,16.93,99.9,1.15,5.95,3.44,2.99,1,9,77113.15239,0,0,1,0,0,0,1
2569,550.0,1.263644159,1,517.99,75.14,4.85,122.36,38.89,96.73,1.88,2.6,8.7,7.29,1,12,215266.6129,1,1,1,0,0,0,0
924,1076.36,2.332579938,2,229.16,39.77,6.98,28.01,41.21,92.82,1.73,3.58,6.73,6.86,1,13,116071.8746,0,0,1,0,0,0,0
2750,611.52,1.441540934,3,217.89,52.44,6.59,56.5,2.83,94.05,1.39,3.73,3.77,5.96,1,14,183593.3034,0,1,0,0,1,0,0
1013,550.0,2.234515978,3,104.91,5.1,5.01,84.89,18.79,95.85,0.75,5.39,1.7,6.46,1,19,151725.1831,0,0,0,0,1,0,1
5355,1649.83,2.09443974,3,709.08,27.17,9.57,5.21,9.93,99.74,1.46,5.48,4.36,9.15,1,12,456591.1292,1,0,1,0,0,0,0
6283,767.05,3.965985384,2,101.45,33.59,8.62,80.14,25.5,90.79,1.33,6.6,8.49,6.79,1,16,281037.7764,1,0,1,0,0,0,1
1173,728.37,2.083390644,2,95.08,63.51,3.96,81.29,2.55,92.63,1.72,4.62,5.71,5.12,1,14,77749.65986,0,0,0,1,0,0,0
1562,550.0,1.0192618,2,249.64,28.0,7.78,37.67,23.21,91.28,2.13,3.79,8.08,9.23,2,33,32633.47564,0,1,0,0,0,0,1
2597,774.03,1.0,3,322.18,6.63,4.88,46.5,36.53,90.34,2.15,4.5,7.34,9.35,1,4,144043.1276,0,1,0,0,0,1,1
3495,1507.02,1.885689482,1,976.97,37.08,8.02,3.15,5.19,84.35,1.55,6.75,10.0,7.08,2,38,106538.3272,0,1,0,0,1,0,0
1641,620.84,1.762192488,3,17.86,19.36,5.13,32.53,6.75,88.01,1.27,4.53,1.88,6.76,2,24,173863.2991,0,0,1,0,0,0,1
4657,1358.99,1.613292711,3,346.6,51.8,7.26,23.07,7.19,89.41,1.74,5.81,3.47,2.12,2,31,338994.4096,1,0,0,0,0,0,1
5343,663.23,2.851278161,3,133.15,0.32,8.05,9.44,19.92,98.82,1.21,6.14,6.63,6.65,1,16,321990.6474,0,0,0,0,0,0,0
6776,923.61,2.961605775,4,436.96,37.14,10.0,54.09,3.43,94.05,2.09,5.95,4.15,7.32,1,11,491102.4804,0,0,0,0,0,0,1
3498,841.15,1.308683588,2,263.56,22.73,5.22,71.16,2.85,99.5,2.12,3.58,5.29,2.89,1,16,100905.9053,0,1,0,1,0,0,1
1430,1103.23,2.392219123,2,158.94,32.79,5.69,46.14,14.39,94.99,1.71,4.88,10.0,6.89,1,22,188981.5763,0,0,0,0,0,1,0
1760,1066.25,1.464714733,4,993.82,47.32,7.61,78.85,23.71,95.21,2.51,4.03,5.18,7.47,2,28,307351.5079,0,1,0,1,0,0,0
4426,851.21,2.449189878,4,256.07,28.03,8.69,66.03,10.15,91.92,1.87,4.27,4.52,4.53,1,16,385796.39,1,0,1,0,0,0,0
4656,1300.92,2.424506922,2,604.27,69.29,5.45,21.26,5.97,88.84,1.56,5.63,7.42,4.82,2,34,372580.1606,1,0,0,0,1,0,0
6569,550.0,2.774053074,4,594.71,9.0,8.66,69.62,33.38,92.99,1.1,8.44,5.98,3.99,1,12,356765.5317,1,0,0,0,0,0,1
5985,709.99,2.171777158,4,990.54,34.29,6.29,8.96,21.73,98.13,1.71,5.3,7.16,4.78,2,16,192774.3811,1,0,0,0,1,0,0
78,794.53,2.09065174,1,510.42,6.72,6.92,22.19,33.23,92.87,1.08,4.86,5.09,4.66,1,26,40286.07127,1,1,1,0,0,0,0
604,550.0,1.395192672,1,695.03,19.96,4.47,31.79,8.63,99.9,1.93,1.71,6.1,7.94,1,21,114123.5629,0,0,0,0,0,1,0
1239,709.19,3.504748093,2,73.71,37.96,4.45,42.64,26.61,93.76,1.58,3.27,4.64,6.1,1,11,230804.5516,0,0,1,0,0,0,0
5370,767.32,1.450274148,4,959.68,18.66,8.31,33.42,14.04,99.9,1.25,6.21,9.48,8.24,1,15,324320.0904,1,1,0,0,1,0,1
415,849.06,1.0,2,31.41,46.06,6.26,47.77,2.22,87.56,1.05,5.21,2.72,4.7,1,17,243261.6328,0,1,0,0,0,0,0
5366,1119.09,1.0,3,525.71,5.43,10.0,56.01,24.92,95.73,1.69,6.47,8.43,4.65,2,28,334538.5261,1,1,0,0,1,0,0
3021,550.0,1.0,2,259.13,25.03,8.09,83.26,11.71,99.9,1.81,2.27,5.72,4.77,1,13,147268.8939,0,0,0,0,0,1,0
6143,1289.99,1.994528184,3,1167.82,65.22,8.19,19.13,11.6,92.77,1.2,8.44,10.0,10.0,1,16,335422.4777,1,0,1,0,0,0,0
982,644.51,1.84726518,1,21.86,7.0,5.33,4.62,30.3,91.74,2.56,3.29,0.0,5.07,2,8,37848.0851,1,0,0,0,1,0,0
1164,1005.18,1.0,3,800.06,37.95,8.4,66.99,0.73,94.06,0.65,5.86,4.18,3.09,1,12,189425.9952,1,0,0,1,0,0,0
1779,550.0,2.92510514,4,753.8,14.54,7.19,29.12,24.19,92.17,2.25,6.72,4.7,6.44,1,9,202098.7724,0,1,0,1,0,0,0
5874,694.21,3.480775339,3,688.34,27.12,9.72,100.3,14.72,99.49,0.88,5.91,4.44,4.04,1,6,271877.9809,1,0,0,0,0,1,1
6574,620.16,2.72756195,3,672.99,17.78,7.89,25.41,21.63,94.77,1.84,8.31,8.74,4.86,1,19,241250.1374,0,0,0,0,0,1,0
4049,1064.85,1.798922461,1,125.42,48.73,5.78,60.8,10.71,88.14,1.08,5.43,3.68,6.67,1,14,324227.0803,1,0,0,1,0,0,1
5252,684.72,1.271397969,4,783.95,49.92,7.01,14.47,14.25,88.53,0.87,4.64,3.95,10.0,1,22,461293.6931,1,1,0,1,0,0,1
5411,681.71,1.779372596,4,182.99,28.4,4.69,32.25,19.73,88.56,2.6,3.41,8.92,6.02,1,14,172470.2605,1,1,0,0,0,1,0
586,808.87,2.190712915,2,4.56,57.33,6.88,35.23,31.87,99.9,1.55,6.23,8.15,8.88,1,14,116198.1949,0,1,0,0,1,0,1
595,1173.33,1.422041737,2,528.74,9.73,5.7,22.25,3.03,89.81,1.12,3.85,8.9,8.61,1,11,232790.0802,0,1,0,0,1,0,1
1811,1315.31,1.0,3,776.44,10.45,5.47,70.14,31.28,94.3,2.05,4.35,0.69,3.34,1,22,200336.4998,0,0,0,0,0,1,1
812,550.0,1.9611634,4,389.56,15.79,9.48,71.12,44.76,97.97,1.0,5.8,7.97,5.15,1,15,195070.2972,0,0,0,0,1,0,1
1949,639.73,3.408042138,1,678.62,24.76,7.21,0.88,3.75,90.82,1.78,1.95,1.71,3.65,1,19,38122.75421,0,0,0,0,0,1,1
3118,550.0,1.635596376,3,28.14,56.27,5.93,32.37,27.74,95.6,1.78,5.31,3.33,7.29,1,14,299134.3627,0,0,0,0,0,0,0
6678,1291.17,1.996135667,6,156.29,44.5,7.1,60.25,5.7,93.03,1.0,6.39,10.0,3.34,1,7,481970.4464,1,0,0,0,1,0,0
1167,669.92,2.380819754,3,210.68,18.26,7.34,1.74,47.98,99.9,1.9,9.02,3.52,5.86,1,27,234432.7725,0,0,0,0,0,1,1
4444,1095.56,1.0,4,555.43,61.97,10.0,38.2,11.87,99.9,1.69,4.12,0.06,3.0,1,17,286350.5692,0,1,0,0,0,0,1
1930,1396.28,1.0,3,178.94,50.85,8.63,65.71,26.49,90.96,1.82,5.15,4.85,3.51,1,15,159258.5972,0,1,0,1,0,0,0
3801,1401.23,3.168090756,4,39.45,13.1,10.0,43.15,7.32,93.27,1.33,8.73,7.79,10.0,1,18,545975.6491,0,0,1,0,0,0,1
4796,1385.27,3.099923192,4,659.49,29.36,7.38,28.24,17.41,99.9,1.68,3.76,2.65,7.86,1,9,493769.4058,1,0,1,0,0,0,0
4630,550.0,3.701446535,3,807.34,22.01,5.09,102.42,2.18,94.56,1.73,4.2,5.98,5.51,2,26,192649.1127,1,0,0,0,1,0,0
220,1000.46,1.0,2,354.08,37.13,8.46,18.18,26.4,99.9,0.96,6.77,6.02,4.06,1,2,75254.66871,0,0,0,0,1,0,0
5321,1610.19,3.407147807,3,1107.22,46.55,7.74,61.03,15.19,91.51,0.67,3.69,3.17,0.52,1,8,336523.2209,1,0,0,0,0,0,1
1065,550.0,1.512036654,3,660.16,48.56,5.61,36.23,29.35,88.73,1.21,3.01,2.41,3.8,2,43,90448.53141,0,1,1,0,0,0,0
5442,947.97,2.259402287,4,430.49,30.08,6.66,4.52,9.06,97.57,1.64,2.87,6.68,6.41,2,23,355146.4427,1,0,0,0,1,0,1
1692,914.69,1.374287766,2,423.72,56.66,6.89,35.24,15.57,98.19,1.34,5.6,6.14,7.61,1,15,110871.7187,0,0,0,0,0,0,1
4432,583.7,3.028919678,4,260.14,8.83,10.0,55.97,23.17,98.66,1.78,4.73,1.63,8.37,1,14,263632.0554,1,1,1,0,0,0,1
4323,1057.49,1.795121972,4,821.7,81.73,6.44,103.79,38.51,97.78,0.84,5.25,9.34,7.87,1,10,294568.6723,1,1,0,1,0,0,0
2013,1079.7,3.375814528,3,593.7,32.65,6.14,101.92,18.69,91.16,1.14,2.06,8.36,5.05,1,8,476550.0922,0,0,0,1,0,0,0
6601,832.82,2.511030586,2,141.54,27.69,7.08,21.04,22.94,97.8,1.06,3.26,6.5,6.37,1,12,201850.984,1,0,0,0,0,0,0
3357,1099.16,1.0,3,1041.06,30.78,6.74,22.09,6.23,99.31,2.05,4.15,4.07,4.15,1,10,113231.9804,1,1,1,0,0,0,1
5293,1465.72,1.344945866,3,310.21,18.56,7.39,9.88,15.79,99.13,1.31,9.01,10.0,9.08,1,19,457400.8199,1,0,0,1,0,0,0
774,550.0,2.139813931,2,650.06,63.47,5.44,98.5,21.86,95.43,1.04,2.23,5.67,7.1,1,13,39694.68448,0,0,0,0,0,0,1
3383,713.54,1.80045629,3,459.13,53.52,5.63,129.98,48.16,87.51,1.29,5.63,0.56,5.77,2,23,112631.2615,0,1,0,0,1,0,0
305,1275.64,1.165589586,3,514.5,18.05,8.55,46.18,13.27,99.84,1.63,8.86,9.86,7.84,1,10,159001.4417,0,0,0,0,0,1,0
3552,1294.28,2.651101436,4,781.13,25.49,4.86,13.26,1.9,89.12,1.32,4.57,2.12,4.51,1,13,762024.2044,1,0,0,1,0,0,0
2959,674.92,1.482465766,3,980.0,87.5,2.63,73.48,19.77,97.88,1.31,5.85,8.34,3.07,1,18,85873.54606,0,0,0,1,0,0,1
439,739.23,1.617846731,3,583.95,38.27,6.59,46.92,31.78,93.8,1.36,5.13,4.05,5.17,1,16,81135.44737,0,0,0,0,0,0,0
713,550.0,1.0,1,479.64,56.61,5.73,40.38,20.65,90.28,1.37,3.88,3.84,2.26,1,18,256426.9247,0,0,1,0,0,0,0
6412,1179.23,1.760268889,4,850.12,6.87,9.22,4.76,4.74,99.18,0.57,5.05,10.0,8.69,1,11,621599.7284,1,0,1,0,0,0,0
223,550.0,2.353794177,3,321.57,51.56,8.12,110.66,24.62,96.84,0.75,2.71,3.69,4.91,1,8,63898.98939,0,1,1,0,0,0,0
3157,588.65,4.046911078,3,577.26,24.47,7.4,53.95,12.29,87.31,1.53,5.03,5.19,7.96,1,5,363555.3124,0,0,1,0,0,0,1
3549,1408.7,1.0,3,1053.13,42.0,7.74,74.13,1.46,93.46,1.34,6.53,6.07,6.21,1,21,290338.5185,1,0,0,1,0,0,0
5426,977.03,1.0,4,32.81,55.6,9.22,77.01,21.83,99.9,1.39,5.83,6.51,4.16,1,12,166264.6584,1,0,0,0,1,0,0
1024,2061.42,1.0,2,570.44,0.75,8.5,74.53,10.03,96.38,1.38,6.03,10.0,6.9,1,18,289964.3689,0,0,0,0,0,0,0
6480,1786.61,1.863391522,3,586.33,17.74,5.86,34.16,4.07,91.06,1.81,5.42,4.45,2.85,1,22,342434.3873,1,0,1,0,0,0,0
1082,1204.82,1.11531682,3,124.28,33.08,6.64,78.27,21.04,99.73,1.03,4.8,1.6,1.18,1,13,254095.1851,0,1,1,0,0,0,0
2727,713.43,1.881944906,2,646.91,22.11,10.0,88.57,34.26,96.11,1.63,5.75,4.81,7.33,1,15,179392.78,0,0,0,0,1,0,0
4503,1316.87,1.509911187,4,438.96,28.12,7.3,39.9,1.99,90.95,1.49,6.67,4.93,6.05,1,6,312816.2932,1,0,0,0,1,0,0
2293,804.51,1.759757386,3,29.88,61.67,8.55,84.74,13.14,99.52,1.98,5.44,6.9,3.83,1,27,224227.6398,0,1,0,0,1,0,1
734,995.86,1.971972027,3,467.67,30.89,6.13,2.44,2.42,93.92,1.43,5.7,1.97,5.35,1,5,145371.9187,0,0,1,0,0,0,0
1674,550.0,1.461690019,3,293.15,22.66,6.85,94.31,42.5,92.68,1.52,6.21,10.0,7.92,1,13,74975.15547,0,0,0,0,0,1,0
4339,1239.34,2.674871371,5,175.75,36.4,8.71,50.37,5.85,88.38,1.19,4.93,5.07,4.81,1,13,910848.3544,1,0,0,0,0,1,0
4925,1909.91,2.342434738,5,624.88,23.62,7.3,57.97,20.02,98.82,2.09,9.72,6.62,6.75,1,16,503804.0208,1,0,1,0,0,0,1
3256,1623.34,1.49418135,2,154.85,33.47,7.04,83.11,0.22,87.8,1.44,6.08,3.01,4.69,1,15,100756.6599,0,0,0,0,0,1,0
6087,947.18,3.566541355,5,543.65,20.65,10.0,51.93,31.7,95.52,1.4,5.46,5.1,3.34,1,21,557978.6264,0,0,0,0,0,0,1
3844,550.0,1.0,4,561.86,60.08,6.17,46.79,19.48,93.54,1.7,3.07,9.15,5.24,1,15,173200.5553,1,1,0,0,1,0,0
3190,1662.26,1.0,2,397.11,39.39,7.78,83.02,29.95,96.45,1.47,6.4,7.5,5.09,1,9,162894.7123,0,0,0,0,1,0,0
5379,1539.17,3.217609257,4,447.32,58.9,6.1,21.72,9.73,91.36,0.93,8.1,0.54,1.44,2,38,1029854.544,1,0,0,0,0,1,0
3378,675.76,1.403429591,3,618.96,18.34,5.91,25.41,23.73,93.46,1.79,3.58,5.29,4.97,1,24,78663.1241,0,0,0,0,1,0,1
6858,1790.43,2.397855496,4,205.98,58.46,7.51,27.69,27.7,96.56,1.61,3.97,0.33,2.07,1,24,542732.7312,1,0,0,0,0,0,1
2113,550.0,2.139260305,3,115.41,16.39,4.86,8.52,28.71,90.12,2.0,1.47,7.01,4.8,1,21,46832.23708,0,0,1,0,0,0,0
3255,1166.68,1.972668539,3,754.17,46.65,4.42,65.09,33.9,95.58,1.85,5.15,9.89,8.19,1,4,216760.1374,0,0,0,0,0,0,1
1643,876.12,1.725063976,4,1248.47,21.6,6.79,55.92,17.08,92.4,0.96,6.48,6.65,7.51,1,10,199628.4913,0,0,0,0,0,1,1
357,1046.79,1.98348192,3,342.15,43.06,7.45,3.39,5.36,96.52,1.87,3.98,7.6,6.28,1,20,275178.7324,0,0,0,0,0,0,0
530,679.22,2.302685334,3,804.42,34.8,4.02,39.2,27.36,94.98,2.43,3.26,5.58,4.8,1,17,167832.7834,0,0,0,0,0,1,1
6743,1305.44,2.301192177,3,401.45,12.72,9.28,58.49,7.95,96.11,1.69,6.3,5.41,5.05,2,46,335768.0375,1,0,0,0,0,1,0
5082,1754.53,1.0,4,273.92,19.18,7.6,33.38,20.8,94.7,0.53,6.92,6.81,4.97,1,8,510966.5371,1,0,0,1,0,0,0
1093,1417.34,1.508624625,2,374.73,37.63,2.66,61.04,13.47,84.4,1.02,3.73,7.72,6.29,1,16,84379.08845,0,0,0,0,1,0,0
3560,1974.31,1.486558031,2,926.42,29.23,9.49,7.79,0.73,95.19,0.71,6.45,5.21,4.6,1,15,410890.9745,1,0,0,0,0,0,0
3185,550.0,3.126635075,2,854.8,47.34,4.73,14.06,0.1,94.07,2.51,4.58,6.05,5.23,2,17,9687.4976,0,0,0,0,0,0,1
4632,1376.09,2.190206818,5,301.07,24.4,7.3,43.79,23.46,99.9,1.97,7.01,8.49,6.73,1,19,428499.5365,1,1,0,1,0,0,1
5422,1334.67,4.585116892,3,270.81,25.39,10.0,18.14,15.24,99.75,1.2,7.51,10.0,10.0,1,20,618442.8382,0,0,1,0,0,0,0
6646,1274.43,2.431466986,4,434.25,28.74,5.92,65.87,2.02,89.43,2.21,6.57,2.96,4.36,1,11,371353.8115,1,0,0,0,0,0,0
5449,1553.28,4.236750505,2,767.25,18.2,6.01,24.25,0.44,99.09,1.39,6.71,7.96,6.47,1,21,403616.4095,1,0,1,0,0,0,0
5478,550.0,3.23470237,2,133.69,30.57,6.25,51.7,26.0,89.26,1.91,6.52,7.78,5.0,1,8,189963.5234,1,1,0,0,0,1,1
2337,589.22,1.983390394,4,452.4,43.84,5.24,90.89,37.08,90.8,2.27,5.43,5.96,7.84,1,11,193727.3155,0,0,0,1,0,0,0
4081,1127.34,2.898360542,5,695.64,31.66,8.17,53.33,2.98,99.42,1.72,4.34,3.01,3.32,1,19,433431.997,1,0,0,1,0,0,0
5180,1229.28,1.941510448,5,113.92,63.14,8.22,41.59,28.62,92.03,0.81,6.08,8.9,10.0,1,15,526043.9889,1,0,1,0,0,0,0
3503,1201.84,2.861316886,2,1209.03,49.9,5.15,27.26,10.94,90.36,1.5,7.79,8.87,8.71,2,34,268943.0146,1,0,1,0,0,0,1
6916,1454.39,3.498933636,3,25.06,22.2,7.65,78.07,24.44,93.67,2.11,2.88,0.26,2.22,1,16,319578.57,1,0,1,0,0,0,1
4560,1531.23,1.0,3,140.5,32.08,9.31,24.14,18.23,94.22,2.11,4.74,5.21,8.53,1,21,298130.6919,1,1,0,0,1,0,1
6220,1042.11,2.397479392,4,23.68,25.92,10.0,27.33,3.85,95.94,0.88,5.05,10.0,7.57,1,20,461232.1004,1,0,0,0,0,1,0
5200,1808.71,5.533968579,1,604.75,20.24,9.5,43.87,5.86,88.91,1.81,7.24,4.69,6.45,1,11,440594.7677,1,0,0,1,0,0,0
6739,1536.89,3.819749264,3,26.83,33.68,9.39,73.96,1.92,88.33,1.55,5.65,4.17,6.16,1,10,588985.3169,1,0,0,0,1,0,0
4428,862.05,1.303045059,4,869.53,39.39,8.65,29.08,24.69,96.17,1.58,3.04,5.92,6.91,1,13,212183.1759,1,1,0,0,0,1,0
1858,612.23,2.101831983,2,276.9,1.66,6.16,98.88,35.46,94.46,2.11,1.61,4.21,3.85,1,11,26818.9734,0,0,1,0,0,0,0
5974,1559.54,3.56385899,3,556.99,41.23,7.81,76.91,16.29,93.74,1.92,7.17,7.43,4.08,1,16,638732.4929,1,0,0,0,0,1,0
6823,1003.45,2.693914127,3,734.38,45.02,7.42,13.69,13.37,99.89,0.75,8.6,2.09,6.15,2,28,466053.3767,1,0,0,0,1,0,0
2424,561.54,3.811442591,2,573.31,56.63,7.45,125.84,33.07,97.38,2.62,6.09,8.6,8.73,1,17,101324.5966,0,0,1,0,0,0,0
3620,1484.37,4.788160012,1,220.67,4.54,9.1,37.66,2.99,99.9,1.52,4.93,7.21,6.97,2,18,401009.8324,1,1,0,1,0,0,1
6233,550.0,2.35248365,4,795.43,10.86,10.0,17.56,25.11,98.12,1.22,5.59,6.95,6.75,1,27,623967.3877,0,1,0,0,0,0,0
6806,943.16,4.387027739,3,854.57,22.28,7.7,18.05,12.99,91.8,1.73,7.82,1.53,4.47,1,13,394265.8667,1,0,0,0,1,0,0
1366,1400.29,3.652630768,2,414.63,15.64,5.88,99.72,39.42,91.61,1.85,6.58,3.06,5.48,1,15,335346.8255,0,0,0,1,0,0,0
414,550.0,1.0,3,734.61,32.58,2.76,91.05,8.55,90.02,2.09,4.08,4.1,7.13,1,17,52957.09809,0,0,1,0,0,0,1
3586,1493.58,2.728714736,3,129.92,45.13,6.97,82.23,17.26,98.65,1.36,6.44,9.52,6.29,1,14,574095.2573,1,0,0,1,0,0,0
2330,568.77,1.595155323,4,183.39,12.68,5.61,74.48,9.11,84.56,1.64,2.12,4.98,1.89,1,9,14628.16046,0,1,0,0,1,0,1
3582,1194.44,3.873847494,3,565.41,21.81,9.99,3.8,13.02,92.97,2.17,5.96,5.04,7.46,1,15,439887.9722,1,0,1,0,0,0,0
6580,2089.87,3.511860681,3,496.28,39.12,7.01,5.77,12.44,99.9,1.35,7.35,3.19,3.91,1,8,420667.8432,1,0,1,0,0,0,0
2697,550.0,2.123850237,2,259.82,52.52,5.14,124.21,51.27,92.94,1.99,1.24,5.82,2.92,1,24,208000.613,0,0,0,0,1,0,1
5625,1924.5,4.75024031,3,427.88,5.92,9.0,0.32,31.24,98.73,1.41,8.96,10.0,6.6,1,4,555592.7378,1,0,1,0,0,0,1
5210,953.51,2.395610555,2,344.14,43.08,6.65,65.38,14.43,90.13,1.23,3.98,1.66,3.82,1,16,303945.1492,0,0,0,0,0,1,0
3958,1290.08,3.25108953,3,545.48,40.42,6.71,69.25,35.93,86.9,0.82,5.49,2.64,4.24,1,4,336821.9024,0,1,0,0,0,0,0
6534,1522.63,3.818857401,5,420.15,15.76,8.62,1.28,6.4,94.0,1.96,5.39,5.12,8.67,1,24,424460.1112,1,1,0,0,0,1,0
4995,1524.87,1.0,3,490.03,52.56,6.46,79.78,9.63,95.24,1.94,5.52,7.62,6.72,1,8,186135.1353,1,1,1,0,0,0,0
6438,1096.86,1.0,4,335.07,37.71,6.21,92.15,21.54,91.78,0.6,3.76,6.18,7.13,1,13,209618.9511,1,0,0,0,0,1,0
508,550.0,2.075060066,1,175.5,45.15,3.74,73.93,25.49,94.04,2.48,4.21,5.43,7.7,1,18,44186.82009,0,0,0,0,1,0,1
4904,1484.12,1.070599806,4,575.78,54.78,4.28,51.19,5.03,97.42,0.42,4.44,5.03,4.33,1,12,662979.0623,1,1,0,0,0,1,0
6778,1017.82,3.495748622,4,517.42,24.67,8.35,106.85,9.35,99.49,1.72,7.13,4.67,3.91,1,20,461018.6879,1,0,0,0,0,0,0
2448,749.4,1.172642093,1,294.14,58.3,4.86,26.75,15.34,89.79,1.42,2.27,2.08,7.13,1,19,112557.7842,0,0,0,1,0,0,0
1781,550.0,1.748066533,4,699.71,32.22,8.06,101.98,16.26,94.4,1.5,3.04,2.67,5.75,1,25,176564.7709,0,0,0,0,1,0,1
3616,1120.54,2.551644162,4,556.24,27.84,9.72,35.65,15.37,94.9,1.51,6.66,4.42,8.1,1,6,607833.9882,1,0,1,0,0,0,1
6485,550.0,1.523532467,1,166.01,26.45,5.26,41.6,16.64,99.9,2.2,6.22,1.48,1.75,1,15,159417.3357,1,1,0,0,0,1,0
4436,2031.17,4.016232056,5,351.68,17.64,10.0,59.23,19.47,98.26,0.7,9.63,4.75,4.95,1,7,752047.8367,1,0,0,0,0,0,1
5198,915.16,3.496440954,2,190.94,42.14,6.91,55.82,47.98,93.39,1.23,3.88,4.53,8.08,1,19,197961.5921,1,0,1,0,0,0,0
4252,2027.42,3.263161801,3,659.36,16.38,8.42,11.6,20.56,94.64,1.84,6.99,2.96,6.51,1,11,553698.2179,1,1,1,0,0,0,1
3685,877.95,3.125308917,2,1109.06,17.89,5.62,9.58,17.3,95.34,1.68,5.44,9.26,5.0,1,19,339933.2549,1,0,0,0,0,0,1
5117,1356.47,2.446400298,4,748.5,32.25,8.38,17.03,1.45,93.67,1.54,6.04,8.61,8.25,1,20,622772.8789,1,0,0,0,1,0,0
1402,1496.01,2.357424178,1,931.13,35.22,5.52,40.2,24.73,88.68,1.42,2.59,5.43,5.57,1,9,31312.2379,0,0,0,0,0,0,0
2818,550.0,1.0,2,176.41,43.13,6.83,42.89,30.68,93.5,2.34,2.29,1.48,4.01,1,22,47927.68987,0,0,0,1,0,0,1
1872,823.84,4.10201549,2,900.04,46.56,5.51,42.5,3.12,94.86,1.7,6.45,8.73,9.82,1,14,335042.4614,0,0,0,0,1,0,0
6286,935.24,2.899264769,2,351.22,44.61,5.93,54.06,6.49,99.9,2.07,7.52,7.36,8.42,1,23,514278.28,1,1,0,0,0,0,1
180,641.56,2.468336933,3,515.97,22.57,7.85,24.86,43.79,99.9,1.31,3.18,5.82,4.37,1,19,316166.1518,0,1,0,0,0,0,0
4012,1129.74,1.988186489,4,492.98,29.21,8.36,15.82,35.49,99.9,0.88,4.2,4.98,8.09,1,18,720007.1462,1,0,0,0,1,0,0
4566,1216.55,3.020158941,3,94.0,31.08,6.71,37.08,7.25,99.9,0.67,2.29,1.14,4.07,1,14,469658.9233,1,0,1,0,0,0,0
2173,743.76,1.0,2,70.48,27.75,7.74,11.87,21.02,88.97,1.92,3.18,6.87,6.56,1,16,56889.52541,0,0,1,0,0,0,1
2778,646.73,1.034887379,3,213.15,34.81,7.41,19.34,38.04,88.3,1.63,5.82,5.6,5.47,1,21,145694.3769,0,0,0,0,0,1,1
5925,550.0,1.521706589,3,367.26,44.88,6.67,38.43,21.17,95.44,0.7,5.81,7.62,5.44,1,16,182318.9524,1,0,0,0,1,0,1
3884,1820.84,3.142204794,4,561.21,29.79,7.98,59.5,9.1,90.38,0.57,4.6,4.11,4.57,1,3,674842.6357,1,0,1,0,0,0,1
87,550.0,2.217590745,4,65.08,42.04,5.86,116.05,20.0,86.07,1.57,1.47,7.12,7.31,1,12,183307.6768,0,0,0,0,1,0,0
4856,1471.13,1.577243614,4,516.65,27.6,10.0,26.46,6.22,89.99,1.22,5.94,8.7,9.04,2,41,462633.3367,1,0,0,0,0,1,0
6190,1529.15,4.827061428,4,802.42,51.26,7.04,15.41,19.48,99.63,0.92,6.86,8.21,6.32,1,7,819194.9729,1,0,0,1,0,0,1
539,1107.54,1.0,1,645.26,10.61,4.75,82.1,14.18,89.27,0.82,0.6,5.12,3.83,1,8,10463.75471,0,0,1,0,0,0,0
3446,550.0,1.767994686,2,405.75,48.02,6.21,12.9,19.32,98.28,1.25,5.49,4.75,6.3,1,12,236700.7652,0,1,0,0,0,1,0
4691,1183.17,1.223493486,4,508.0,36.09,10.0,77.92,6.84,97.6,1.54,5.8,8.66,6.84,1,17,641352.2195,1,0,0,0,0,0,0
4062,1320.57,2.197676665,3,916.17,28.32,5.92,90.86,12.79,90.49,2.31,7.96,10.0,10.0,1,19,363994.8413,1,0,0,0,1,0,0
4697,1631.08,2.262322201,2,670.06,14.35,8.72,18.32,7.86,99.9,1.01,7.37,7.25,6.85,1,20,318434.4488,1,0,0,0,0,0,0
3279,1125.46,1.465474098,3,1066.76,70.03,5.99,16.53,20.3,90.88,1.76,4.79,6.16,2.78,1,25,186518.3622,0,0,0,0,1,0,0
4178,1356.68,3.554689999,3,986.92,58.21,7.23,64.4,18.52,95.63,1.25,9.26,6.34,6.81,1,18,618575.7399,1,1,1,0,0,0,0
4876,770.63,2.704900449,4,646.07,29.63,7.58,21.15,19.75,92.74,1.18,6.88,7.85,5.44,1,3,311082.4366,1,0,0,0,0,0,1
41,748.96,1.0,3,488.79,18.0,5.72,71.87,10.13,88.03,1.95,6.02,9.7,4.01,2,29,138998.9321,0,1,0,1,0,0,1
5980,691.76,2.359088575,4,772.17,0.9,6.66,52.8,34.03,83.77,0.97,3.69,9.03,5.26,1,18,372903.1066,0,0,0,0,1,0,1
5932,1152.86,4.122081815,4,897.1,38.81,7.03,2.24,0.0,99.9,1.74,6.48,5.8,5.01,1,12,483291.4423,1,0,1,0,0,0,0
6831,1607.84,1.713267348,4,744.42,34.17,9.18,82.91,21.75,96.17,1.27,6.61,5.46,5.34,1,8,492837.5405,1,0,0,0,0,0,0
2846,1184.13,3.210561138,2,569.38,20.35,8.69,24.52,5.09,86.31,1.16,4.82,10.0,9.72,1,25,240933.4309,0,0,1,0,0,0,0
2930,550.0,2.386793564,2,193.2,49.17,4.14,59.9,8.55,97.0,1.5,4.23,7.72,6.14,1,5,158158.9608,0,0,0,1,0,0,0
6846,550.0,4.963092617,3,692.32,28.71,6.8,48.35,16.95,94.63,1.44,3.42,6.13,5.09,2,36,344889.3966,1,1,0,0,0,0,0
5746,1910.13,2.388892315,2,697.08,27.27,7.85,23.66,1.99,90.7,2.12,5.55,7.55,6.22,1,10,284332.3493,0,0,0,0,1,0,0
2383,550.0,1.645366964,3,522.98,39.22,6.02,30.25,38.69,90.46,1.69,1.32,1.94,1.44,2,25,132611.8342,0,0,1,0,0,0,1
1391,1495.88,1.0,2,764.44,25.55,5.19,83.0,14.76,84.57,1.81,3.56,8.13,4.24,1,4,146062.3017,0,0,0,1,0,0,1
4149,699.29,2.686783066,4,319.61,41.17,7.97,2.53,28.96,98.2,1.7,2.7,3.97,3.23,1,6,344753.473,1,0,0,0,0,0,0
387,837.35,1.0,3,464.09,39.42,5.2,8.64,14.07,82.06,0.72,1.59,10.0,6.97,1,15,133694.9109,0,0,0,0,1,0,0
1863,550.0,1.0,2,716.98,10.94,5.75,81.96,17.69,87.27,2.14,3.68,6.48,7.29,1,12,78738.46379,1,0,0,1,0,0,1
1327,870.74,1.0,3,250.99,13.34,6.79,72.34,8.46,94.97,0.97,4.01,10.0,8.49,1,17,200903.0392,1,0,0,0,0,0,1
6701,1575.85,1.230712164,5,807.83,26.97,4.16,9.78,22.73,98.61,1.86,6.9,5.37,7.71,1,14,728560.1823,1,0,0,0,0,1,1
5753,1796.97,2.664298221,2,453.0,6.03,7.58,67.05,17.59,88.73,1.88,5.16,1.57,6.21,1,12,624015.968,1,0,1,0,0,0,0
6888,1946.87,3.965719314,3,815.24,3.88,10.0,36.06,3.72,99.5,0.71,6.15,7.8,6.01,1,12,763628.0251,1,0,0,1,0,0,0
5484,631.66,2.132253527,5,956.19,39.19,6.93,54.69,22.84,99.9,1.91,10.0,4.31,8.73,1,13,603028.2758,1,0,1,0,0,0,1
1801,1573.38,1.672715681,2,948.74,52.98,3.92,43.49,34.38,97.59,0.62,5.33,7.17,6.55,1,15,313273.5988,0,0,0,0,0,1,0
1955,1176.45,1.830558165,4,637.57,30.14,6.2,64.66,27.46,95.18,1.62,3.6,6.68,3.88,2,18,439170.5462,1,0,0,0,1,0,1
6149,550.0,3.406887495,4,392.51,8.96,10.0,27.08,21.61,88.64,0.26,7.67,9.81,7.34,2,7,389967.7091,0,0,0,0,0,0,1
4799,806.9,4.388438958,3,364.67,47.38,7.43,21.13,17.57,92.67,1.05,6.69,3.96,5.73,1,32,635708.1972,1,0,0,0,1,0,0
2595,756.26,2.606518177,5,104.8,37.59,7.4,35.28,7.57,95.53,0.96,5.6,5.61,6.35,1,17,364701.8037,0,0,1,0,0,0,1
747,837.98,1.0,4,526.94,35.55,8.22,41.77,8.11,99.9,1.35,5.79,5.13,2.79,2,46,179679.0926,0,0,1,0,0,0,0
764,550.0,2.184371029,3,796.38,34.41,5.19,146.47,14.07,87.21,1.95,2.88,0.2,0.62,1,23,65534.962,0,1,0,0,1,0,0
5864,1487.34,2.846183638,3,531.51,11.06,3.86,46.9,26.79,90.65,1.52,3.06,5.76,4.82,1,16,360195.6245,1,0,0,0,1,0,1
4155,550.0,3.495231608,4,604.56,60.97,6.52,13.04,20.98,91.48,2.1,6.5,7.42,4.65,1,15,449115.3152,1,0,0,1,0,0,0
4690,1726.85,2.419151566,3,823.07,14.61,5.2,84.65,4.86,90.95,0.7,4.6,10.0,5.29,1,7,489141.7713,1,0,0,0,0,0,0
5824,1251.08,2.518600373,3,282.53,74.56,3.66,29.14,18.03,95.17,1.85,5.72,3.32,1.52,2,42,252622.2238,1,0,1,0,0,0,1
765,1065.81,2.483929605,2,497.32,38.53,6.61,64.97,16.98,99.9,1.13,3.62,8.99,6.31,1,17,237356.025,0,0,0,1,0,0,0
1270,982.34,1.441501156,2,94.79,17.67,7.33,16.18,9.03,96.13,1.84,4.01,6.3,6.09,2,47,179230.0974,0,0,0,1,0,0,0
6611,2069.92,1.805969665,5,346.49,23.31,10.0,8.44,15.11,88.0,0.68,7.06,7.09,6.33,1,6,583783.8146,0,0,0,0,0,1,0
3699,1499.48,4.589564842,4,239.94,49.71,9.08,8.75,37.11,83.89,1.96,6.87,6.57,5.83,1,20,531410.1672,1,0,0,1,0,0,0
2703,1280.56,1.0,2,672.56,47.69,4.14,91.08,9.84,86.83,1.59,3.26,6.6,5.41,1,12,128271.4952,0,0,1,0,0,0,0
5475,905.48,2.464367698,4,435.61,26.15,8.11,16.32,20.94,99.9,2.14,5.94,6.45,6.95,1,6,253264.2098,1,0,0,0,0,1,0
5177,1003.86,1.251391429,5,507.85,29.61,6.85,9.36,10.88,95.67,2.07,3.16,10.0,6.22,1,10,254903.3722,1,0,0,0,0,1,0
151,747.84,2.384521121,2,692.21,39.76,3.11,114.59,47.56,82.72,1.42,2.29,5.64,6.58,1,14,176854.7575,0,0,0,0,0,1,1
1032,645.52,1.522775532,1,102.29,29.06,6.4,66.46,11.87,94.6,0.76,3.14,4.92,4.85,2,33,26002.45001,0,0,0,0,0,0,0
2508,550.0,1.397209802,1,334.15,26.28,2.88,77.39,26.14,98.39,1.78,1.2,6.7,5.54,2,43,108519.161,0,0,1,0,0,0,1
1442,820.59,1.0,4,216.74,53.91,7.34,83.11,19.81,82.46,1.22,4.87,10.0,9.73,1,19,295920.895,0,0,0,1,0,0,0
4836,1484.56,1.985704141,2,393.27,8.45,6.69,76.69,12.25,93.59,1.3,3.78,6.65,6.09,1,12,244088.006,1,1,0,0,0,0,1
346,1323.79,2.049663797,2,536.97,40.8,5.95,62.91,11.97,90.5,1.43,7.95,6.74,4.9,1,14,204340.3361,0,0,0,0,1,0,0
3468,550.0,3.129442588,5,1158.94,43.36,7.71,59.34,20.2,94.72,2.24,5.27,5.22,4.99,2,13,237304.4087,0,0,0,0,1,0,1
6853,1428.56,1.257661583,3,661.4,18.62,8.49,35.0,17.28,99.9,1.13,6.42,2.13,2.77,1,24,208845.1433,1,1,1,0,0,0,0
2630,1814.94,1.0,4,482.49,13.44,7.17,46.63,23.18,93.48,1.18,3.99,0.57,5.06,1,21,419202.6282,0,0,1,0,0,0,1
1670,550.0,1.0,4,585.79,44.71,3.43,69.27,24.02,93.38,0.55,2.15,7.67,7.43,1,17,102010.3738,0,0,0,0,0,1,0
5272,1293.66,3.467817155,3,358.37,0.03,8.15,12.7,7.88,92.72,1.2,6.92,3.47,6.51,1,19,403691.3227,1,0,1,0,0,0,0
4332,550.0,4.14690625,4,343.24,52.21,9.26,7.92,11.55,90.03,1.2,8.75,6.16,8.86,1,14,522543.267,1,1,0,0,0,0,1
3307,1352.52,2.186410496,2,459.03,48.95,7.32,21.52,20.02,99.9,1.64,7.94,3.39,9.57,1,7,194836.3861,0,0,0,1,0,0,0
706,726.61,2.144672014,3,334.11,49.31,7.08,19.28,14.61,88.48,0.83,7.3,5.53,7.13,1,11,222983.7018,0,0,0,1,0,0,0
5648,965.56,3.063549719,4,967.68,61.25,8.14,21.58,3.76,90.51,0.92,5.48,8.49,10.0,2,20,375196.3855,1,0,0,0,0,1,1
6452,1540.08,5.405558061,5,966.55,33.64,10.0,8.14,15.6,97.56,0.74,10.0,2.21,6.52,1,17,954030.1673,1,0,1,0,0,0,0
3434,722.64,1.825139503,2,579.73,43.58,9.14,42.9,14.8,97.78,1.71,4.67,10.0,8.94,2,15,129298.8024,0,0,1,0,0,0,0
5735,1264.65,2.306745621,3,810.31,34.81,3.36,36.49,5.54,89.65,0.92,6.26,6.43,6.16,1,17,284981.8404,1,0,0,1,0,0,1
3670,1871.3,3.392256002,3,449.26,45.89,6.7,14.39,0.82,85.65,1.9,5.33,9.94,5.93,1,13,700512.6825,1,0,0,0,1,0,0
1400,908.64,2.45694088,4,756.56,46.34,9.12,23.39,43.38,91.77,1.74,7.74,6.47,5.9,1,28,483206.7095,0,0,1,0,0,0,0
3159,1243.54,1.295624367,3,511.24,53.02,8.04,38.65,11.35,99.69,1.34,3.32,9.98,9.98,1,11,193862.9096,0,0,0,0,1,0,1
2240,550.0,1.0,1,493.67,62.72,0.64,19.25,10.08,97.71,1.33,4.5,10.0,6.84,1,18,70978.62333,0,0,0,0,0,1,0
6848,697.99,2.250064971,4,418.29,2.88,8.27,34.05,2.37,99.22,1.26,4.96,8.22,5.52,1,24,433339.1434,1,0,0,1,0,0,1
4183,950.65,2.662698985,3,606.46,42.78,7.53,38.43,11.12,85.11,1.78,5.33,7.25,10.0,2,14,256861.9169,1,0,0,0,0,1,0
521,869.73,1.0,2,211.54,31.82,6.3,59.5,3.23,96.01,1.76,3.62,5.99,5.71,1,17,31266.94641,0,1,0,0,0,1,0
6341,1501.57,2.093530898,3,676.33,14.76,8.37,0.01,11.83,90.66,0.93,8.56,5.61,5.13,2,26,389853.6844,1,0,0,0,0,0,0
5682,1830.41,2.176315975,2,502.29,58.67,6.49,49.02,30.05,90.75,0.97,5.98,2.58,6.69,1,16,416926.973,1,0,0,0,1,0,0
4462,696.81,1.427269031,4,743.16,54.19,5.77,41.2,1.89,93.05,2.19,4.83,0.33,5.16,1,11,258473.8427,1,1,0,1,0,0,0
6328,809.51,1.0,3,766.82,35.65,7.01,9.54,7.56,96.1,1.88,7.45,9.25,9.15,1,16,167548.9087,1,0,0,0,0,1,0
1201,550.0,1.62124492,3,657.78,27.01,6.06,93.1,27.93,97.54,1.14,4.15,5.81,5.57,2,39,168782.6704,0,0,0,1,0,0,0
6373,1913.1,1.507839736,4,529.67,42.71,8.88,54.32,11.06,96.54,0.23,8.91,0.34,5.64,2,50,467738.2723,1,0,0,1,0,0,0
5816,555.11,3.880795927,4,620.0,25.52,4.71,25.87,14.47,97.48,2.02,2.99,5.18,6.21,1,16,436442.9132,1,0,0,0,0,0,0
584,658.34,1.0,2,606.72,36.31,3.22,52.05,25.97,91.28,1.61,0.75,3.63,1.35,1,10,96394.0924,0,1,1,0,0,0,1
6492,1679.19,1.0,3,536.71,13.46,6.38,79.36,32.09,95.37,1.75,7.85,7.81,2.7,1,6,303137.2686,1,1,1,0,0,0,0
1509,550.0,1.452379447,3,272.87,10.16,4.52,138.66,40.12,91.94,1.12,3.49,3.54,7.48,2,7,26415.70062,0,1,0,0,1,0,1
3624,648.52,2.454631683,4,756.06,64.15,4.72,23.21,30.69,96.21,1.33,4.48,6.89,6.09,1,7,305760.6912,0,1,0,0,1,0,0
3466,1293.6,1.71433012,2,1025.95,23.57,4.5,127.04,1.87,95.67,2.43,4.16,7.13,4.74,1,9,211736.7693,1,1,0,0,0,1,1
6842,659.08,4.080021704,4,765.5,16.99,10.0,84.6,27.11,96.09,2.04,8.62,6.79,7.58,2,25,330369.3316,0,1,0,1,0,0,1
5073,1052.51,2.299662667,3,374.26,36.22,6.87,76.88,30.58,86.59,0.35,5.0,5.65,5.15,1,12,273678.0794,1,0,1,0,0,0,1
1142,827.25,1.034618239,3,361.58,2.52,7.04,32.58,15.91,95.96,1.86,5.54,3.41,3.77,1,3,184837.3779,0,0,0,0,0,1,0
4670,1704.13,1.420167615,3,458.03,35.75,7.58,60.96,4.69,95.19,1.91,3.79,5.61,3.54,1,23,304716.9523,1,1,0,1,0,0,0
10,550.0,2.612040899,2,885.44,20.75,7.82,9.04,26.83,93.05,2.23,6.81,8.01,5.25,1,2,2581.502071,0,0,0,0,0,0,1
3510,1835.88,1.882986628,4,491.31,46.18,7.53,95.53,15.05,87.67,0.71,5.28,5.96,6.22,1,8,541756.8039,1,0,0,0,1,0,0
3518,1790.88,2.79443719,2,695.61,20.81,8.63,24.52,30.63,87.88,0.8,4.01,1.82,6.9,1,5,337761.8265,1,0,0,0,0,0,0
1658,550.0,3.44403685,2,879.06,31.85,7.99,42.28,5.9,90.0,1.81,3.71,9.22,4.77,1,30,90074.10311,0,0,0,1,0,0,0
2964,1182.12,1.0,2,224.42,45.22,5.63,62.85,15.29,91.14,1.17,2.51,1.38,5.97,1,13,98726.6703,0,1,0,1,0,0,0
3006,550.0,1.456745945,2,380.43,10.91,4.43,73.1,38.07,94.03,1.8,1.37,4.05,7.97,1,19,82390.42879,0,0,0,1,0,0,0
5430,1350.74,3.122505106,1,349.71,11.22,7.18,65.13,38.48,99.9,0.36,5.35,10.0,6.91,1,14,230877.7572,1,0,0,0,0,1,0
2671,550.0,2.400394039,2,355.3,45.22,7.38,97.58,35.89,91.68,1.87,2.43,2.21,4.18,1,15,119115.5872,0,0,1,0,0,0,0
3269,1206.48,1.0,3,693.8,15.44,4.41,111.5,26.6,85.63,2.12,3.8,5.77,6.78,1,9,165545.7051,0,1,0,0,0,0,0
2099,863.89,1.113426002,4,768.97,19.11,7.82,32.37,7.93,88.26,1.02,6.57,7.6,8.33,1,9,334275.3122,0,0,0,0,0,0,0
3793,1312.22,1.0,3,31.51,23.51,5.98,1.64,1.14,85.09,1.69,4.07,7.59,7.83,2,31,360616.4683,1,0,0,1,0,0,1
5887,1382.24,2.49962315,2,42.32,25.82,7.29,3.68,23.02,93.94,1.26,7.89,10.0,9.4,1,21,316757.8728,1,0,1,0,0,0,0
3573,1564.88,4.309266126,3,697.54,37.87,8.1,39.27,10.11,86.3,1.73,2.09,4.26,9.06,1,6,454004.0592,1,0,0,0,0,1,0
3213,550.0,2.998706867,4,1008.69,2.44,7.29,18.18,8.28,93.09,2.42,6.64,6.92,9.07,1,4,300413.5599,0,0,0,0,0,0,0
3857,1740.34,2.080995385,4,831.82,19.57,6.06,60.25,9.19,99.9,0.76,8.31,6.78,5.63,1,16,506570.1743,1,0,0,0,0,0,1
3366,584.48,1.0,2,65.1,41.86,6.59,156.81,35.69,89.36,1.83,3.86,4.28,4.25,1,18,123991.2309,0,0,0,0,0,0,1
4070,1324.76,2.031773639,3,591.56,0.53,10.0,40.36,28.77,95.09,1.1,5.61,3.37,4.41,1,10,291692.4095,0,0,0,1,0,0,1
2276,550.0,1.0,2,574.6,30.23,4.48,65.4,9.5,89.82,1.88,1.57,8.97,6.27,2,16,1424.037627,0,1,0,0,1,0,0
1408,1070.43,1.0,1,506.56,31.68,5.87,56.47,27.96,92.62,2.35,5.2,6.24,6.36,1,16,53892.2552,0,0,0,1,0,0,0
6609,1575.64,3.693667295,4,725.74,39.77,6.93,40.22,5.91,93.26,1.49,6.81,6.49,8.92,1,11,536960.2425,1,1,0,0,0,1,0
5050,1207.93,1.0,4,449.39,3.65,7.59,54.12,16.04,94.95,1.66,4.44,5.38,4.89,2,35,400353.0931,1,1,0,0,0,1,1
6483,1340.86,2.16558917,3,768.27,64.77,6.55,0.41,9.78,90.22,1.4,1.78,4.78,6.52,2,31,353165.2636,1,0,0,0,0,1,1
3387,1639.69,1.07759418,4,432.74,37.29,7.03,56.46,43.37,93.84,0.96,5.24,5.25,7.69,1,10,307318.9067,0,0,0,0,0,1,0
2910,860.64,2.54264794,4,525.55,7.69,6.05,49.1,38.03,92.46,2.13,4.21,7.23,4.88,2,36,324320.6172,0,0,1,0,0,0,0
1647,901.94,1.412150908,3,1023.35,10.8,9.36,33.02,26.46,96.55,1.94,4.61,8.55,5.85,1,7,199328.9394,0,0,0,1,0,0,0
4625,550.0,3.565696874,4,584.5,38.03,6.43,35.22,25.15,99.3,1.68,6.58,3.45,5.06,1,13,301117.8491,1,0,1,0,0,0,0
688,635.65,2.839337579,3,890.22,47.46,7.41,81.48,1.87,91.44,1.45,3.21,3.99,4.97,1,29,186667.0285,0,0,0,0,0,1,1
3355,550.0,1.755983773,3,385.89,40.63,3.36,35.9,35.47,92.55,1.47,1.12,1.38,3.37,1,21,17121.73169,0,0,0,1,0,0,0
4669,1634.15,3.156584263,2,345.16,22.1,7.3,24.2,29.34,95.23,2.05,6.64,6.09,6.88,1,19,400893.2052,1,1,0,0,1,0,0
6236,1190.82,2.357146713,3,559.94,35.55,9.99,100.02,4.92,96.87,2.14,7.55,3.66,4.81,1,6,292564.5573,1,1,0,1,0,0,0
4834,708.42,3.085603707,3,318.42,47.05,7.12,12.94,18.67,98.52,1.24,4.08,0.52,5.48,1,12,367439.6505,1,1,1,0,0,0,0
1677,605.11,1.0,3,372.46,39.48,3.63,8.32,4.26,93.74,1.52,2.24,7.5,6.52,2,33,16828.77238,0,0,0,0,1,0,0
1149,1279.97,1.151522848,4,222.69,39.89,7.61,10.44,6.85,91.81,1.68,5.5,5.27,3.94,1,25,169754.6577,0,0,1,0,0,0,1
4005,1125.46,3.102663032,4,998.37,2.09,5.08,35.6,15.42,94.99,1.9,8.07,10.0,9.45,1,8,397726.5402,1,1,0,0,0,1,1
4018,1619.76,3.114892968,3,465.92,31.76,9.56,23.2,28.72,99.38,1.61,6.17,4.8,5.06,1,3,328661.4671,0,0,0,0,0,1,1
5108,696.83,1.0,3,445.12,32.0,6.88,19.38,40.73,89.96,0.14,6.35,5.27,8.33,1,11,183092.573,1,0,0,0,0,0,0
1493,611.78,3.14205824,2,779.85,9.41,5.23,39.83,13.24,95.3,1.13,3.39,6.31,5.78,1,7,169478.8411,0,0,1,0,0,0,1
6506,1116.57,2.630734238,3,55.32,60.8,6.45,60.82,24.39,88.39,1.92,4.08,10.0,9.16,2,37,277813.9519,1,0,0,0,0,1,0
1323,669.92,2.695185411,2,393.47,73.91,6.47,117.9,18.77,95.31,1.87,4.44,2.28,6.35,1,25,29484.88889,0,0,0,1,0,0,0
4751,682.53,3.089369351,3,873.23,37.13,8.0,48.83,13.8,96.48,2.01,6.61,4.53,5.85,2,30,286197.6503,1,0,0,0,1,0,1
5097,1214.53,3.208856043,2,1114.58,37.46,8.47,76.84,16.63,99.36,1.15,8.38,6.52,7.43,1,17,430089.4976,1,0,0,0,0,1,0
6507,2014.53,1.0,3,349.18,31.28,6.24,82.26,19.95,91.7,1.62,4.53,4.28,5.33,1,21,375045.8531,1,0,1,0,0,0,1
5275,571.47,2.761838638,4,850.65,30.14,7.64,23.54,23.56,84.7,1.12,3.06,2.34,5.11,1,14,347907.5427,1,0,0,1,0,0,1
2946,1215.45,2.237449313,3,784.93,13.16,7.95,95.88,5.02,91.98,1.13,3.55,8.98,4.45,1,12,179048.5639,0,0,0,1,0,0,0
5126,1035.96,1.583156367,5,517.48,25.97,8.61,43.08,25.14,96.43,1.2,4.82,8.67,7.2,1,8,328138.5727,1,0,0,0,0,0,0
3193,550.0,1.295570261,2,977.1,75.51,5.51,5.05,11.81,94.83,1.72,1.89,9.07,7.66,2,37,101742.5656,0,0,0,0,0,0,0
2087,550.0,1.934346444,4,671.15,48.57,8.55,72.3,9.48,92.49,1.11,3.16,4.55,4.7,1,19,281075.2646,0,0,0,0,0,0,0
917,776.78,1.037427374,3,377.1,41.51,6.28,129.89,26.25,86.15,1.49,3.58,3.85,3.59,2,45,227479.6339,0,0,0,0,0,0,0
3541,1138.98,1.584561773,4,97.15,43.64,7.61,19.46,14.61,95.72,1.36,5.12,2.53,3.86,1,13,215467.1332,1,1,0,0,0,0,0
3539,1029.31,4.025161515,2,412.54,44.29,5.76,86.13,22.07,91.83,1.55,5.66,1.89,0.79,1,4,503257.8749,0,0,0,0,1,0,1
4528,1343.09,1.690492516,4,295.45,22.15,7.46,9.5,3.29,90.3,2.06,4.41,7.6,9.54,1,20,415731.7869,1,0,0,0,1,0,0
3889,550.0,3.889545179,3,239.0,36.91,7.23,32.15,4.43,89.81,1.75,4.67,5.47,7.6,1,5,266170.0425,1,0,0,1,0,0,1
707,550.0,2.547892487,3,217.22,0.4,5.08,12.56,0.68,93.2,1.91,4.68,6.01,4.71,1,14,191076.222,0,1,0,0,0,0,0
4550,1899.29,3.01689105,4,359.86,12.78,10.0,6.18,3.25,88.55,0.15,6.84,6.21,10.0,1,15,864849.2076,1,1,0,0,0,1,0
583,835.07,1.249329022,2,545.52,34.01,4.69,4.37,9.25,99.9,1.52,4.35,5.24,7.39,1,9,54571.73477,0,0,0,1,0,0,1
2633,550.0,1.77171418,4,2.21,35.82,7.36,49.04,35.06,99.9,2.06,3.18,3.74,4.04,1,-1,200913.5476,0,0,0,0,0,1,1
4004,1144.41,1.0,4,431.84,38.74,7.55,77.71,0.82,91.73,1.88,4.12,3.7,9.18,1,3,332185.7476,1,1,0,0,1,0,0
6589,1694.81,2.068819406,2,139.81,27.34,6.62,90.61,5.32,80.84,1.07,4.84,5.83,4.2,2,6,281967.9211,1,0,0,0,1,0,0
6290,1543.25,4.723402967,3,454.73,32.21,10.0,5.76,3.27,88.71,1.33,8.5,6.22,8.12,1,9,423486.2895,1,0,0,0,0,1,1
4694,687.1,2.856133922,3,582.15,20.61,6.42,17.25,10.41,89.34,1.66,3.03,6.29,3.71,1,17,203944.0679,0,0,0,0,0,1,0
5552,1823.82,1.596562572,3,309.59,32.58,7.63,37.13,22.86,99.9,1.44,8.61,10.0,7.52,2,39,659103.4913,1,0,0,0,0,1,0
5013,550.0,1.945633121,4,241.56,24.63,5.47,75.28,16.22,95.57,1.73,4.58,2.93,4.98,2,11,249133.379,1,0,0,1,0,0,1
6431,1155.16,2.083702523,4,353.63,47.38,4.35,5.02,12.82,93.69,1.86,4.26,2.77,2.84,1,11,360850.2703,1,0,0,0,1,0,1
2254,1575.36,1.391797704,2,608.6,49.87,6.16,17.52,42.74,88.8,1.38,6.16,4.51,6.8,1,14,202602.6421,0,0,0,0,1,0,0
4744,1199.97,1.0,3,736.36,49.02,8.49,64.19,0.76,99.12,2.12,4.77,9.67,10.0,1,12,264475.0615,1,0,0,0,0,1,0
2321,669.41,1.993740111,3,314.18,25.21,4.65,56.62,2.08,83.98,1.23,4.82,8.5,6.91,1,21,433529.4259,0,0,0,0,1,0,1
1636,1501.09,2.684549923,2,103.56,63.79,7.79,57.21,9.92,92.79,1.04,3.23,1.62,3.2,1,5,209483.7264,0,0,0,0,0,1,0
5950,1016.22,2.57540232,3,495.89,57.61,6.3,90.83,26.96,89.03,1.89,5.11,3.68,4.22,1,11,207703.9383,1,0,0,1,0,0,0
4091,1101.4,4.054415105,3,234.64,21.31,9.28,14.27,16.85,99.9,1.59,7.39,7.68,7.41,1,22,572024.6423,1,0,1,0,0,0,0
3686,1465.35,2.784964122,3,588.34,48.88,7.14,49.88,19.22,94.82,1.73,4.23,10.0,8.41,1,13,453131.6806,1,0,0,0,1,0,0
1607,579.94,1.494851104,3,218.13,34.63,6.53,13.91,19.74,94.2,1.4,2.34,10.0,7.15,1,13,21869.13884,0,1,0,0,1,0,1
1569,1296.57,1.034617663,2,200.16,14.42,9.42,98.3,42.02,96.18,0.94,4.25,0.33,1.04,1,14,11138.22858,0,0,1,0,0,0,0
5517,1216.41,3.649014198,5,1059.28,13.58,8.09,19.19,31.52,99.76,1.35,8.01,10.0,8.5,1,13,775888.9344,1,1,0,0,1,0,1
3093,1211.19,1.0,4,391.27,50.28,8.29,6.11,19.9,90.83,1.46,3.67,9.48,6.9,1,20,280437.8951,0,1,0,0,0,0,0
1808,906.8,2.024026542,4,157.3,58.86,3.83,62.14,23.32,89.33,2.02,1.91,2.11,8.11,2,45,286613.9781,0,1,0,0,1,0,1
2480,593.33,3.649598047,1,522.54,26.44,6.18,18.44,6.15,94.18,1.65,1.97,8.36,9.3,1,12,84049.0257,0,0,1,0,0,0,1
499,550.0,3.276078857,2,174.87,34.25,8.09,52.45,5.62,94.87,1.86,8.69,6.24,6.3,1,8,214486.983,0,0,0,0,0,0,0
3684,897.24,2.734415181,3,981.44,45.12,6.03,7.01,0.44,84.97,1.97,5.74,3.02,5.06,1,19,336168.0142,1,1,0,1,0,0,0
4213,1940.29,3.219858113,4,795.7,61.26,7.0,37.89,19.52,87.32,1.44,3.66,6.69,7.46,1,21,540145.099,1,0,0,1,0,0,0
5443,1229.6,3.026930576,4,669.56,48.59,6.79,70.98,10.22,99.9,0.48,7.42,9.26,7.07,1,21,286337.2223,1,1,1,0,0,0,0
5229,1489.93,3.176080445,4,862.07,24.76,9.13,17.03,4.43,99.9,1.39,8.4,6.56,6.64,1,11,538930.9587,1,0,0,0,0,1,1
816,550.0,3.902923795,1,651.3,39.67,2.13,41.28,21.35,86.98,1.41,3.44,5.1,6.59,1,17,265818.8894,0,1,1,0,0,0,0
3445,1191.94,1.283550794,3,343.99,43.74,6.72,37.49,25.66,99.9,2.42,4.85,10.0,3.29,1,11,167512.7732,1,1,0,0,0,0,1
4242,727.21,2.159527648,5,909.97,55.57,5.66,26.54,23.48,87.87,1.94,5.95,0.5,6.04,1,8,431243.6665,1,0,0,1,0,0,0
5866,1632.39,1.181218641,3,302.13,56.08,4.87,48.25,6.6,92.76,2.1,5.31,6.91,4.2,1,20,247899.8295,1,1,0,0,0,1,1
6545,1647.67,1.0,3,380.61,12.86,7.94,56.48,39.03,99.67,0.88,4.57,5.5,7.59,1,9,230296.1003,1,0,0,0,1,0,1
629,550.0,3.043358717,2,242.65,45.42,8.84,3.12,17.34,91.12,1.55,3.12,3.17,5.51,1,21,22919.63691,0,0,1,0,0,0,1
6720,1275.71,1.0,3,627.16,2.92,4.64,82.05,4.3,95.33,1.43,4.48,8.55,6.45,2,52,260983.2642,1,0,0,0,0,1,0
1196,1084.91,3.673612802,2,830.3,46.78,6.69,27.96,39.4,96.65,1.0,7.41,6.95,7.29,1,1,292518.7888,0,0,0,1,0,0,0
4414,925.34,3.234175799,2,1061.66,52.86,5.93,2.24,24.26,93.22,1.68,6.6,5.8,4.24,1,21,185520.2738,1,0,0,0,0,0,1
5241,794.9,2.097002878,3,412.11,36.09,7.61,63.66,22.13,99.9,2.4,7.67,7.15,7.16,1,13,265888.5057,0,0,0,1,0,0,1
204,782.82,1.0,4,741.57,18.11,7.25,74.09,18.7,92.02,1.0,5.7,0.79,2.6,1,15,215878.5637,0,1,0,0,0,1,0
3120,1053.75,1.682396976,3,357.8,30.95,8.41,105.75,22.85,96.03,1.23,5.08,8.61,6.28,1,18,200795.7525,0,1,0,0,0,0,0
3814,1011.04,3.717889431,4,409.82,21.48,9.74,12.28,9.58,99.9,1.51,9.64,7.55,9.34,1,17,630587.0524,1,0,0,0,1,0,0
5956,1629.07,2.472161786,3,363.24,22.94,10.0,18.97,32.5,93.32,1.58,5.53,10.0,10.0,2,22,367097.1943,1,0,0,0,0,0,0
6496,1403.85,2.131656444,3,48.21,22.13,10.0,9.46,6.24,99.9,0.95,8.27,6.0,8.68,1,14,303080.0003,1,0,0,0,1,0,1
2650,550.0,2.251272627,2,733.44,77.31,6.36,54.34,33.38,99.13,1.77,5.21,2.8,4.54,1,22,65742.20377,0,0,0,0,1,0,0
2747,550.0,1.0,2,273.57,16.48,5.77,29.86,39.34,89.53,1.7,2.61,2.04,4.32,1,8,112462.3499,0,1,0,0,0,0,0
6971,1544.14,1.0,3,686.88,46.05,7.07,69.78,4.81,91.96,1.44,7.42,10.0,8.28,1,13,276742.857,1,0,0,0,1,0,0
3116,550.0,1.0,3,526.23,11.2,6.85,22.15,10.06,90.13,1.88,2.57,4.23,5.1,2,26,67054.17879,0,0,1,0,0,0,0
1754,929.41,2.230596227,3,669.98,6.89,8.63,48.78,7.93,98.24,0.91,4.61,0.94,5.0,1,6,214845.7023,0,1,0,1,0,0,0
4798,1761.42,2.23776375,5,1312.51,34.64,7.71,35.88,26.83,94.67,1.73,8.05,5.87,4.86,1,10,440984.7216,1,0,0,0,0,1,0
6210,1099.53,1.0,3,218.94,6.51,8.43,62.5,0.22,93.26,0.82,3.46,6.0,8.68,1,6,223260.8404,0,0,0,0,1,0,0
6749,1272.43,2.760052986,4,405.29,41.68,8.03,88.79,9.64,87.94,1.14,5.03,1.32,3.98,1,15,355374.5595,1,1,1,0,0,0,1
979,889.66,3.073208589,2,122.05,17.91,6.41,37.31,29.56,99.79,1.62,2.5,8.72,4.81,1,16,128382.0133,0,0,0,0,1,0,1
3528,1222.16,1.0,4,620.8,57.28,5.77,97.86,5.6,86.51,1.15,7.51,7.29,6.93,1,11,406989.4093,1,0,0,0,0,0,0
549,831.59,1.0,3,678.73,13.45,7.23,5.67,5.51,99.5,2.73,8.17,5.98,2.21,1,19,59297.56455,0,0,0,1,0,0,0
6694,1120.96,2.446972253,3,287.48,42.54,5.27,51.16,30.84,86.5,1.78,2.21,7.58,7.2,2,21,290766.799,1,0,0,0,0,1,0
5494,1666.59,4.317384667,1,899.5,23.97,9.47,38.74,8.91,99.9,0.96,7.52,2.05,4.77,1,10,380699.0874,1,0,1,0,0,0,1
1425,550.0,4.790215918,3,396.19,20.95,8.53,69.22,26.01,92.63,2.13,1.86,7.9,5.74,1,21,241457.5164,0,0,1,0,0,0,0
4859,805.83,3.071496842,4,102.44,32.2,9.12,0.5,19.11,96.6,1.43,7.46,6.66,3.88,1,7,354845.6946,1,0,1,0,0,0,0
3319,1102.88,1.380191579,4,1004.95,35.8,10.0,56.78,49.5,99.9,0.49,8.05,7.54,4.99,1,20,308624.2637,0,0,0,1,0,0,1
576,611.16,1.336626932,3,246.48,65.47,0.85,32.18,31.63,98.13,0.94,1.89,8.54,8.82,1,14,52188.69462,1,0,0,0,0,1,0
1452,798.62,1.424847946,3,427.58,21.84,7.16,15.09,15.81,99.9,1.36,4.97,7.57,4.94,2,26,116878.8952,0,0,0,0,0,0,0
5722,1695.41,4.439889241,2,892.47,15.13,7.87,40.56,5.76,99.9,1.42,8.53,6.62,4.47,1,7,593502.4908,1,0,0,0,0,0,0
4835,1410.81,2.004889378,2,373.51,7.18,8.48,63.51,0.19,94.5,1.38,6.08,9.66,4.22,1,21,234377.5537,1,0,0,1,0,0,1
5880,933.03,2.434491751,3,755.42,20.38,7.89,12.87,9.0,90.85,1.69,1.41,2.76,5.98,1,15,246671.3996,1,1,0,0,1,0,0
341,859.02,1.479502689,3,471.27,41.98,6.56,44.95,17.82,99.9,0.8,4.2,10.0,10.0,1,20,108906.1765,0,0,0,0,0,1,1
5216,852.64,1.938745922,5,428.46,24.87,9.93,15.62,4.32,98.23,1.52,4.7,8.69,7.89,2,52,409590.6878,1,0,1,0,0,0,0
4867,930.27,2.927970929,6,662.21,24.97,7.81,37.75,19.37,99.9,1.04,6.83,4.28,5.39,1,12,561212.0656,1,0,0,0,1,0,0
6576,2874.7,2.353540112,2,1022.75,17.59,6.59,19.19,7.46,93.36,1.37,4.99,10.0,8.91,2,29,519654.7785,1,0,1,0,0,0,0
5092,711.62,1.8970336,5,584.84,15.09,10.0,17.46,2.49,96.13,1.47,4.27,6.01,4.77,1,29,237651.7058,1,0,0,1,0,0,1
303,934.7,2.47374336,3,490.73,29.8,6.09,20.31,15.81,92.47,2.19,4.21,0.65,4.15,1,21,280626.4736,0,1,1,0,0,0,0
3240,870.25,1.958609398,2,803.11,15.34,7.89,3.87,47.15,90.14,1.63,5.57,5.79,4.45,1,8,60874.13877,1,1,0,0,1,0,0
5020,550.0,1.558502501,5,1021.67,23.11,5.59,19.74,31.25,90.16,2.16,5.27,7.68,4.48,1,30,474318.7244,1,0,0,0,1,0,0
5750,550.0,3.840547346,2,789.52,27.87,6.29,59.89,28.69,99.9,0.64,3.45,7.33,5.55,1,15,221892.0343,1,0,0,0,1,0,0
4983,1198.32,4.021616606,4,718.68,19.87,7.0,41.05,23.14,99.58,1.93,8.06,5.36,8.55,1,20,744935.5279,1,0,0,0,0,0,0
2869,550.0,1.0,3,466.41,10.11,6.91,23.36,33.09,91.45,2.31,4.05,3.55,5.56,2,44,4919.901093,0,0,0,0,1,0,1
241,550.0,1.748900641,4,834.41,35.69,4.19,14.31,9.29,99.9,1.42,4.12,4.94,4.69,1,10,243369.611,1,0,0,0,0,1,0
6096,1554.53,1.967872314,3,1146.39,36.25,7.37,60.29,15.05,99.54,2.01,6.97,3.03,2.16,1,7,501867.6963,1,0,1,0,0,0,0
1479,838.47,1.0,2,219.28,55.18,5.0,58.02,17.35,90.83,1.65,2.1,8.66,7.61,1,3,29913.51861,0,1,0,1,0,0,1
786,1554.26,2.39869025,1,294.83,58.82,4.79,80.36,14.25,90.64,0.9,4.36,6.09,7.41,1,6,163906.2524,0,0,0,0,1,0,0
1597,651.19,1.986351784,3,285.4,46.53,6.42,33.06,13.24,97.83,1.87,3.11,3.71,5.34,1,15,48380.39167,0,1,1,0,0,0,1
170,550.0,3.892309746,1,714.65,32.36,3.52,14.14,17.34,95.25,1.88,5.12,5.66,7.35,2,18,36617.13028,0,1,0,0,1,0,0
3266,993.92,1.992555891,2,215.54,21.52,5.29,14.32,21.83,97.64,1.46,2.58,4.52,5.44,1,16,157893.7129,0,0,0,1,0,0,0
6418,1753.26,2.122880952,5,821.42,16.11,7.05,63.3,12.36,94.12,1.01,5.58,9.49,8.32,1,14,642187.0139,1,1,0,0,1,0,1
896,550.0,1.120522966,2,816.83,15.82,7.23,1.96,8.98,90.61,0.79,0.67,4.04,4.31,1,12,15494.6484,0,0,0,0,1,0,1
1127,1550.51,1.778125344,1,148.42,12.28,5.9,3.63,0.38,95.53,1.47,5.05,4.99,5.75,1,18,170877.0263,0,1,0,0,0,0,0
6529,1346.71,3.181946605,3,560.78,11.32,9.74,65.61,16.84,91.83,1.62,6.17,2.69,3.97,1,8,448897.5098,1,1,0,0,1,0,0
2775,550.0,1.700438239,3,37.87,33.88,7.93,109.39,11.37,90.38,2.37,4.2,0.62,4.17,1,10,12496.9302,0,0,0,0,0,0,1
1376,721.86,1.0,2,935.64,19.29,8.58,47.27,15.18,91.86,2.27,7.8,0.9,3.73,1,15,67332.58184,0,0,0,0,1,0,0
4126,603.82,1.684764766,3,431.28,40.73,6.09,78.05,1.74,99.9,0.39,6.76,7.98,6.41,1,17,276366.9937,1,0,0,0,1,0,1
1617,1791.91,2.449677838,3,552.15,44.82,8.56,72.22,18.3,98.96,2.28,7.18,6.99,5.32,1,6,556095.5632,0,0,0,1,0,0,0
1895,550.0,1.0,3,572.87,6.33,6.1,37.22,3.19,93.07,1.2,6.89,9.28,9.74,1,24,115558.6243,0,0,0,1,0,0,0
2129,644.91,1.315040488,1,157.42,4.74,5.38,38.89,26.5,96.5,2.41,0.25,5.74,8.16,1,4,153483.4514,0,0,1,0,0,0,0
5709,893.55,1.723102394,4,4.85,21.86,7.14,48.38,19.29,95.31,2.07,0.46,10.0,7.75,1,8,634008.4351,1,0,0,0,0,0,1
635,774.59,1.0,3,762.41,45.25,7.43,69.16,16.31,92.04,1.97,3.95,4.65,4.64,1,0,51827.25397,0,0,0,1,0,0,1
4617,810.43,1.664133012,4,137.27,36.27,7.95,30.45,9.68,99.9,2.1,6.96,4.99,6.51,1,25,670428.2816,1,0,0,0,0,0,0
6579,1844.28,3.040523553,2,162.8,16.41,7.23,153.57,9.12,92.56,2.27,8.75,6.92,6.58,1,5,612174.4275,1,0,0,1,0,0,0
4681,1106.25,1.793155965,4,12.16,40.24,5.44,37.55,30.41,87.69,1.05,5.98,6.82,3.7,2,24,361789.783,1,1,0,0,0,0,1
5577,1657.28,1.497898373,3,186.92,47.8,5.72,26.77,7.9,85.85,1.74,6.0,6.45,5.29,1,13,387176.1652,1,0,0,0,0,0,0
670,931.73,1.741008785,2,295.54,0.72,7.77,1.0,6.95,94.6,1.52,3.17,6.26,7.46,1,12,273424.4313,0,0,0,0,0,0,0
3978,1204.2,1.916328858,3,264.73,38.88,7.13,21.36,12.5,85.12,1.94,4.57,5.14,4.49,1,12,129924.2673,1,0,0,0,1,0,0
5432,1413.16,2.40538945,3,554.43,9.33,6.87,31.43,2.65,89.75,1.3,5.73,6.62,4.2,1,12,241228.4781,1,0,0,1,0,0,0
3214,595.93,1.463754412,2,337.24,53.86,3.47,64.66,12.68,90.4,1.91,2.36,1.17,4.49,1,10,41148.38872,0,0,0,0,0,0,0
2794,1757.89,2.206390399,2,442.04,17.84,6.11,45.33,15.94,95.03,0.35,5.11,5.2,5.56,1,9,319067.1456,1,0,0,0,0,1,1
681,1415.04,2.491056501,4,644.83,59.21,5.78,92.49,19.87,95.99,1.82,7.74,5.37,4.1,2,12,423412.3229,1,1,0,0,0,1,1
2312,550.0,1.389053349,4,849.95,18.98,5.89,82.6,39.29,99.9,2.12,1.5,6.04,6.75,1,24,197391.4796,1,0,1,0,0,0,0
4031,1476.04,2.202885057,4,263.1,21.04,8.73,12.01,6.27,95.78,1.27,6.79,4.78,7.6,1,16,573021.4557,1,1,1,0,0,0,0
4259,1655.22,1.327135097,3,564.2,48.38,10.0,43.84,7.99,99.0,0.46,7.5,5.84,8.25,1,8,354848.5364,1,0,0,0,1,0,1
5531,1230.02,1.558776937,3,243.32,8.16,7.34,17.5,35.5,94.77,1.4,5.64,3.38,6.94,2,16,283726.8954,0,1,0,1,0,0,0
3415,1161.41,1.0,4,585.72,71.65,5.29,58.03,13.0,91.45,2.12,4.71,5.76,10.0,1,5,297067.6597,0,0,1,0,0,0,1
3992,2344.1,1.847602324,3,236.44,73.21,10.0,25.91,4.75,89.36,1.56,9.83,10.0,8.33,1,9,761403.7812,1,0,0,1,0,0,0
6158,553.7,3.750033975,5,665.91,1.15,7.52,17.47,17.55,94.91,1.6,5.07,4.31,7.77,1,22,364012.9657,1,1,0,0,0,0,0
5160,1041.99,2.683124901,4,345.04,30.18,4.67,55.61,16.72,93.72,1.35,4.52,9.3,8.2,1,16,329751.0944,0,0,0,1,0,0,1
5487,860.91,3.442318884,3,548.63,12.15,8.3,36.41,12.06,98.44,0.95,4.78,7.12,9.35,1,10,234464.2748,1,0,0,0,0,0,0
5886,1089.99,2.514054371,5,502.54,33.99,5.74,11.19,24.4,99.9,0.86,9.57,4.56,7.79,2,34,675943.7717,1,0,0,1,0,0,1
2769,550.0,3.797057019,2,392.24,29.4,8.36,34.61,9.04,99.9,1.47,4.08,1.48,5.52,1,9,160382.8341,0,0,0,0,0,1,0
1585,550.0,1.141155107,2,316.35,24.44,4.36,3.09,28.08,99.88,1.48,1.76,6.14,8.09,1,18,20155.61318,0,0,1,0,0,0,1
6449,550.0,3.980480697,4,564.45,17.65,10.0,44.3,14.59,99.9,1.1,6.69,6.84,7.7,1,9,421452.9849,1,0,0,0,1,0,1
5838,1325.14,1.380066668,4,176.86,51.31,7.01,5.75,2.39,86.76,1.35,6.73,8.56,6.53,2,6,651145.1154,1,1,0,0,0,0,1
1349,550.0,1.152021018,4,699.72,44.59,6.1,122.46,23.47,86.34,1.38,3.01,6.74,6.9,1,8,83057.33173,0,0,0,0,0,1,0
866,710.29,1.0,4,588.34,43.08,7.92,63.61,8.06,98.34,1.53,3.97,7.39,6.06,1,13,53172.54135,0,1,0,0,1,0,1
5717,949.45,4.595189192,3,540.27,10.59,8.56,1.02,13.61,91.92,1.36,5.11,4.44,4.2,2,28,394186.5428,1,0,1,0,0,0,1
6830,660.98,2.849034116,3,424.88,41.39,6.93,113.54,10.79,92.85,0.58,6.45,3.64,4.32,2,17,317228.6407,1,1,0,0,1,0,0
6364,1688.17,1.174348657,4,946.4,34.22,6.19,48.83,20.73,93.69,1.17,4.95,10.0,8.51,1,17,530134.2578,1,0,0,1,0,0,0
6797,1402.62,1.836365411,2,716.27,56.54,5.27,31.15,29.88,91.84,1.76,6.1,5.76,3.08,1,15,224222.7358,1,1,1,0,0,0,0
6457,1016.53,2.37110005,3,479.81,39.09,4.95,10.09,17.14,96.61,1.15,9.62,10.0,8.86,1,1,351087.6878,1,0,1,0,0,0,1
1767,958.81,1.402526547,2,912.69,32.08,6.28,37.9,12.61,83.23,1.36,3.58,10.0,10.0,1,18,140400.8381,0,0,1,0,0,0,0
4294,1804.67,2.444678393,4,45.76,37.4,6.2,47.95,9.73,95.39,0.66,4.2,2.88,5.98,1,8,588325.9129,1,0,0,1,0,0,0
6990,933.99,1.373714011,4,249.17,14.32,6.67,29.55,15.38,90.38,1.09,4.2,3.29,4.05,1,11,286133.0167,1,0,1,0,0,0,1
6320,1510.98,3.648088561,2,440.43,24.34,8.93,20.07,25.71,86.48,1.47,6.08,7.38,5.55,1,7,356311.6982,0,0,1,0,0,0,0
4678,550.0,2.283658787,5,666.56,18.8,9.58,27.06,0.4,97.02,1.34,6.2,8.11,5.06,2,21,517561.8996,1,1,0,0,1,0,0
6355,853.83,3.013377273,2,510.63,28.92,6.95,2.99,11.99,94.02,1.68,5.06,4.77,4.79,1,10,261088.6897,1,0,1,0,0,0,1
3787,2072.28,3.312519796,4,91.17,31.63,8.36,46.4,17.3,94.3,1.23,7.22,9.97,7.14,1,19,806186.8306,1,0,1,0,0,0,1
6055,1693.45,1.509959819,4,114.03,46.83,5.54,56.88,1.49,93.25,2.21,5.37,4.02,5.44,1,5,566893.6196,0,0,0,1,0,0,0
2557,843.49,1.0,3,567.61,30.17,5.42,20.03,10.44,91.92,1.79,3.97,5.35,6.0,1,14,70072.31455,0,1,0,0,0,1,1
5872,1414.68,2.115170955,6,331.15,8.62,8.62,124.81,12.54,99.9,1.17,6.95,1.24,6.3,1,10,652804.2848,1,0,0,0,1,0,0
4733,707.14,2.5238271,4,424.38,0.62,8.07,7.86,1.78,93.56,1.55,4.71,6.01,7.83,1,15,473817.8514,1,0,0,0,0,0,0
5317,794.37,3.36973666,3,398.39,15.58,5.79,40.27,26.83,98.66,1.72,4.8,2.83,1.49,1,15,349112.5646,1,1,0,1,0,0,0
1193,550.0,1.078297662,2,424.8,35.81,6.0,53.91,10.86,90.25,2.11,4.71,6.68,10.0,1,17,89075.16513,0,0,0,1,0,0,0
2937,690.56,1.0,1,521.09,57.03,5.88,9.12,33.15,88.82,1.16,4.89,3.91,8.2,1,11,107858.3022,0,0,0,1,0,0,0
3180,687.13,1.400446619,3,439.45,5.77,5.47,17.68,7.31,89.79,1.61,3.46,7.72,5.38,1,11,178633.0214,0,0,1,0,0,0,1
1220,623.77,2.20979152,3,329.5,36.93,6.66,41.02,33.07,93.18,2.1,4.13,6.43,6.65,1,20,170760.6824,0,0,0,1,0,0,0
3753,1856.98,2.846272555,3,175.51,33.9,9.44,14.21,26.06,93.76,2.17,7.42,10.0,6.54,1,9,541825.7226,1,0,0,1,0,0,1
5265,1029.78,2.484251175,4,344.32,5.79,7.96,59.03,8.89,89.6,2.16,6.94,10.0,7.14,1,8,319425.6758,1,1,0,0,0,1,0
1194,1648.37,2.568195525,2,46.28,34.6,7.86,21.08,2.79,84.22,1.38,4.69,2.28,7.65,2,43,309157.129,0,0,1,0,0,0,1
2627,1593.51,1.884415746,2,824.79,25.46,4.99,35.77,3.94,87.13,2.13,3.64,4.7,4.27,1,25,207076.1073,0,0,0,0,1,0,0
6707,781.76,1.0,5,459.17,23.35,9.09,17.66,25.06,96.53,1.61,6.67,10.0,7.57,2,38,454528.7807,1,1,0,0,1,0,0
5914,1059.29,2.977402362,2,616.14,17.83,4.16,12.61,6.14,92.79,1.62,4.35,5.77,7.79,3,26,382300.2905,1,0,0,0,0,0,1
5747,1198.87,2.470622097,3,386.34,18.69,6.92,94.37,17.13,95.84,2.07,6.37,2.45,2.7,1,21,337165.8876,1,0,1,0,0,0,0
1698,1119.46,3.043622103,2,828.44,26.99,7.05,70.06,23.52,99.65,0.74,6.65,8.08,5.38,1,23,246008.2978,0,0,0,0,0,1,0
5282,889.74,1.803241274,4,674.86,23.49,7.89,22.54,5.04,90.27,1.01,5.28,5.35,5.43,1,0,329489.1381,1,1,0,0,0,1,0
2476,661.76,1.140909655,3,316.68,24.52,4.07,26.37,7.78,83.84,2.32,1.65,4.82,7.53,1,7,98161.34715,0,0,0,0,0,1,1
4639,1463.97,2.30980811,4,244.47,18.82,8.0,48.42,13.95,92.28,1.77,3.42,2.43,5.29,1,20,275682.3283,1,1,0,0,0,0,0
5465,1426.26,2.27934675,4,405.28,2.24,8.55,37.18,4.32,87.82,0.94,3.64,3.97,8.41,1,11,431172.7581,1,0,0,0,0,1,0
485,550.0,2.389430015,3,174.0,21.85,6.03,104.79,33.35,98.81,1.75,6.84,5.33,7.69,1,24,89088.96164,0,1,0,0,0,0,1
6295,2550.32,3.004656078,4,208.0,36.85,9.12,77.31,16.92,94.81,1.8,5.58,8.38,8.23,1,22,765625.252,1,0,0,0,1,0,1
3330,703.01,1.184302318,2,590.18,25.89,5.5,84.44,19.2,96.23,2.33,3.75,0.89,1.42,2,11,37976.96799,0,0,0,1,0,0,0
2647,925.54,1.513142212,2,300.08,36.94,4.98,0.75,27.03,92.27,1.69,3.99,6.17,3.82,1,7,90218.49559,0,0,0,1,0,0,0
5017,897.36,1.574193979,4,178.94,32.59,7.02,44.53,9.15,96.04,2.18,6.56,3.96,2.22,2,29,222769.8443,1,0,0,1,0,0,1
2281,1129.54,1.0,4,571.13,3.09,7.55,38.96,0.72,97.92,1.67,4.07,3.9,5.2,1,20,188813.1975,0,1,1,0,0,0,0
1943,550.0,1.9158749,3,293.04,52.24,7.14,42.48,31.38,91.01,1.02,3.63,4.46,5.6,1,10,75593.31794,0,0,1,0,0,0,1
2816,961.63,1.0,3,691.26,23.42,4.35,43.69,12.8,97.34,1.63,4.01,6.83,4.14,2,21,385789.7507,0,1,0,1,0,0,0
3782,901.73,1.398480829,4,110.39,33.46,6.41,88.29,2.77,91.8,1.39,4.95,7.48,7.05,1,1,289142.1729,0,1,0,0,0,1,0
947,550.0,4.003340345,4,369.96,47.57,4.46,16.13,8.51,92.91,1.74,2.46,5.68,3.29,1,7,171823.5068,0,0,0,0,0,0,0
1489,550.0,1.484717198,3,172.4,18.49,8.48,38.54,9.04,96.97,1.14,2.64,9.06,4.57,1,20,27963.28451,0,0,0,0,0,0,0
1860,772.67,1.54147784,3,618.4,41.31,6.88,56.2,4.63,92.9,0.94,5.14,1.8,5.42,1,8,85920.88035,0,0,0,1,0,0,1
4643,1225.4,2.870863378,3,914.01,13.38,5.69,8.14,1.76,99.9,1.88,6.59,9.36,4.44,2,29,454040.2728,1,0,0,1,0,0,0
1096,1218.0,2.219565194,2,571.74,53.18,5.63,81.37,38.25,90.94,1.84,5.77,9.24,9.68,2,11,150864.3564,0,0,0,0,0,0,1
2124,550.0,2.512069753,3,256.21,28.98,7.03,11.13,19.36,92.78,1.73,3.8,8.28,5.12,1,0,39224.57534,0,0,0,0,0,0,0
4911,2191.53,1.577198266,4,721.93,41.0,3.58,28.38,4.0,87.49,0.75,6.72,2.48,5.29,1,16,754514.7105,1,0,0,0,1,0,0
2655,1047.86,2.078739774,4,905.7,29.59,10.0,12.44,4.61,99.9,1.47,7.93,0.48,7.03,1,23,353693.53,1,1,0,1,0,0,1
5854,1032.22,1.0,4,48.87,3.49,8.48,75.69,25.44,93.82,2.08,3.78,3.98,6.24,1,18,307160.8227,1,0,0,0,0,0,0
6944,1655.1,1.0,4,648.73,8.28,6.29,156.4,12.15,88.33,2.26,5.92,10.0,4.69,1,13,412096.9847,1,0,0,1,0,0,1
5415,920.56,1.675700149,2,828.17,46.83,7.13,12.82,20.4,99.05,2.27,5.17,8.18,8.49,1,18,257358.6807,1,0,0,0,0,0,0
2824,1587.62,2.519544256,1,537.51,27.16,9.17,88.81,18.2,99.9,0.75,5.31,3.62,3.38,2,31,245257.8512,0,0,0,0,1,0,0
510,907.51,1.0,3,875.99,24.46,6.86,56.63,11.87,96.98,0.98,5.34,5.42,4.79,1,18,99513.21342,0,1,1,0,0,0,1
4035,1782.66,1.387894684,3,531.74,40.28,3.65,31.29,32.99,86.93,2.2,1.57,7.19,5.58,1,5,446982.6465,1,0,0,1,0,0,0
1861,1012.32,1.0,4,256.97,50.62,8.98,59.56,3.9,91.81,1.27,4.96,4.86,4.0,1,13,342711.0883,1,0,0,0,0,0,1
446,1063.24,1.21940935,3,651.54,58.61,6.52,9.72,3.24,93.09,1.8,4.72,3.04,5.8,1,7,90801.51877,0,1,0,0,0,1,0
1359,1193.27,1.204244252,3,514.51,29.36,6.79,38.72,15.62,92.71,1.38,1.51,7.48,6.09,2,29,177754.2012,0,0,1,0,0,0,1
533,733.87,2.063996483,1,578.69,61.01,1.77,8.42,15.59,86.9,1.74,5.97,1.08,1.48,1,13,139985.5433,0,0,0,0,0,1,0
3252,550.0,1.412519381,3,192.55,38.99,4.45,4.14,14.66,89.59,2.05,2.88,1.05,2.62,1,10,18594.11157,0,0,0,0,0,0,1
6695,1372.34,1.327377717,4,659.51,6.97,8.4,34.43,20.47,90.63,2.42,6.06,4.42,4.8,1,9,244152.4085,1,0,1,0,0,0,0
2668,550.0,2.030105216,1,1489.33,39.66,4.81,8.38,40.11,98.16,0.65,0.65,6.47,4.26,1,21,111144.4728,0,0,0,0,0,0,0
6571,1367.75,2.606302341,4,829.6,28.33,10.0,63.9,5.04,99.9,1.87,7.45,5.39,5.44,1,16,342156.1148,1,1,0,0,0,0,0
3313,550.0,2.367256464,4,824.43,9.24,7.53,43.91,15.25,99.9,1.72,7.5,2.67,3.14,1,20,88790.56338,0,0,0,0,0,0,1
6714,1429.13,1.0,4,526.14,54.18,8.07,8.28,2.22,96.27,1.32,6.78,3.83,3.98,1,22,287705.6188,1,0,0,0,1,0,1
2731,1136.09,1.495902261,4,845.61,20.2,7.99,48.85,4.04,99.5,2.02,5.86,8.37,6.41,1,19,371024.2436,0,1,0,0,0,0,1
5970,1343.68,2.638454574,4,875.41,41.84,5.47,6.12,36.2,85.17,0.93,4.09,2.14,5.12,1,14,443025.5258,1,0,1,0,0,0,0
1730,758.94,3.799243774,2,313.79,4.43,6.57,69.07,11.41,93.37,1.29,4.25,5.07,7.38,2,12,256044.3747,0,0,0,0,0,1,1
3602,1327.52,1.115901567,3,421.46,66.57,7.51,82.55,53.76,98.7,1.15,5.24,3.99,2.84,1,15,249294.424,1,0,0,0,0,1,1
4702,1434.14,1.0,2,302.18,38.27,5.47,9.21,23.57,90.99,1.39,4.96,6.16,6.58,1,11,249233.6021,1,0,0,0,0,1,0
6463,1175.55,2.75956596,3,561.94,32.26,8.38,14.61,8.34,95.06,1.22,7.37,8.29,4.93,1,14,338023.8697,1,0,0,0,1,0,0
5514,1689.08,1.786424748,2,777.17,32.95,5.07,39.78,22.36,93.31,0.99,5.43,9.3,8.13,1,18,414286.2754,1,0,0,0,0,1,0
6547,550.0,1.0,1,641.35,29.26,1.51,83.79,35.69,92.16,1.69,0.34,4.23,2.24,2,48,455852.4642,1,0,0,0,0,1,1
6451,1072.14,3.561651219,2,410.06,54.33,9.77,6.48,11.51,99.9,0.93,6.32,5.64,3.89,1,18,283928.2198,1,0,0,0,0,1,0
1688,952.41,1.0,3,253.48,32.81,6.37,56.46,6.42,92.25,1.56,6.92,3.89,5.9,1,1,109132.6951,0,0,0,0,0,0,0
5524,718.07,2.037340471,5,138.05,43.1,10.0,70.62,4.7,90.5,1.71,6.29,8.46,10.0,1,17,456256.2818,1,1,0,0,0,1,0
160,1069.43,2.526355733,2,624.27,7.39,7.9,54.85,2.94,97.53,1.68,2.91,6.86,5.39,1,1,225277.9732,0,1,0,0,0,0,0
3940,1020.7,1.717861032,4,1182.57,26.23,7.62,38.14,12.15,99.9,1.28,6.99,10.0,10.0,1,9,378159.8316,1,0,0,0,0,1,1
4996,868.88,2.812234546,3,361.31,54.28,7.03,129.78,13.05,99.9,1.31,5.72,6.25,5.39,1,2,279237.6018,0,1,1,0,0,0,1
5351,550.0,1.0,1,289.02,32.45,3.59,67.49,43.93,85.43,2.1,0.6,3.6,5.25,1,24,188276.7316,1,1,1,0,0,0,1
2679,681.75,1.445189813,4,671.24,41.98,4.92,2.59,22.86,95.41,0.84,4.91,6.94,6.83,1,11,165874.6309,0,0,0,0,0,1,0
1551,697.91,1.620827291,1,485.98,1.36,5.06,40.3,25.53,93.92,1.44,3.6,3.11,5.49,1,9,54628.70202,0,1,0,0,1,0,1
6298,1269.76,4.197600663,3,1009.57,57.27,6.62,42.51,4.98,96.55,0.89,4.73,4.26,5.63,1,19,513710.683,0,0,0,0,0,0,0
5381,1534.67,1.730158142,6,466.55,28.15,8.71,32.77,11.68,89.08,0.97,6.49,5.58,8.03,1,13,615702.0393,0,1,1,0,0,0,0
3097,612.75,1.0,4,361.9,21.8,4.95,88.59,10.54,91.56,1.77,1.86,4.62,7.78,1,13,54109.40558,0,1,0,1,0,0,0
2225,1112.78,1.111367845,3,716.84,16.22,6.27,32.97,20.37,94.56,1.23,5.13,6.55,8.67,1,9,262373.286,0,0,0,1,0,0,1
6670,1591.28,1.0,4,385.6,4.39,8.23,0.99,5.44,98.32,1.69,7.04,10.0,5.46,2,27,321242.6321,1,1,0,1,0,0,1
4459,1564.82,4.047821104,3,589.2,40.21,8.81,39.67,15.11,98.95,1.72,7.96,5.94,7.61,1,7,932061.4317,1,1,0,1,0,0,0
2601,1550.84,1.0,3,480.93,41.67,4.89,71.79,15.21,92.67,1.54,6.17,2.95,2.92,1,14,359658.7499,0,1,0,0,0,1,1
2081,690.99,1.46104633,2,769.52,63.18,6.61,22.53,25.81,88.04,1.24,0.75,2.22,5.22,1,14,42273.52983,1,0,0,0,0,0,0
4210,1214.59,2.353684779,3,250.64,27.82,6.5,81.17,27.23,95.28,1.92,6.52,8.07,7.49,1,7,387107.4444,1,0,0,0,0,0,0
614,1648.24,1.537472539,3,109.9,6.9,8.19,72.56,3.8,93.95,0.92,9.51,6.68,7.08,1,19,430054.9894,0,1,0,0,0,0,1
4187,1005.66,1.524330687,3,331.58,24.34,6.2,15.83,19.42,90.7,1.37,4.4,8.93,7.4,2,26,278023.9361,1,0,1,0,0,0,1
3837,1531.71,1.463089435,4,318.78,40.63,9.45,71.76,9.98,97.88,1.7,5.92,7.73,4.77,1,17,403961.0157,1,0,0,0,0,0,0
4127,1670.89,3.533836205,2,272.95,47.21,6.99,32.07,22.69,97.78,1.7,6.37,10.0,5.0,1,14,449468.0738,1,0,0,1,0,0,1
3970,550.0,3.055268652,5,550.49,12.1,8.81,60.19,2.02,99.9,1.28,3.58,6.52,5.98,2,47,583636.1758,1,1,1,0,0,0,0
5665,1382.66,2.746544639,2,301.07,44.48,6.78,9.63,11.21,99.9,0.89,6.7,6.62,6.03,2,31,529480.3866,1,0,0,0,1,0,0
2001,550.0,1.11846894,1,454.37,44.22,5.51,61.16,19.99,95.49,1.84,1.36,4.46,7.63,1,12,148368.9264,0,0,0,0,0,1,0
2553,862.03,1.0,4,194.27,1.26,8.46,43.02,3.75,88.53,1.81,6.64,9.76,5.59,1,9,263039.9035,0,0,0,1,0,0,0
5505,922.04,1.30952769,4,252.12,20.59,9.72,60.1,1.09,92.54,1.2,5.83,5.29,7.56,1,4,453515.6437,1,0,0,0,0,0,0
1661,1161.71,4.002728863,3,774.41,0.81,10.0,74.0,19.17,91.74,0.81,8.0,6.79,2.9,1,20,334317.621,0,0,0,0,0,0,1
6275,1050.8,2.74144018,3,639.11,22.15,7.66,77.06,42.99,99.21,1.23,5.77,9.39,7.53,2,16,352499.4047,1,0,0,0,0,1,0
142,550.0,1.0,3,108.1,72.88,4.81,105.65,10.26,85.66,2.24,2.18,10.0,5.55,2,17,123963.222,0,1,0,0,1,0,0
258,599.5,1.943180052,4,267.64,19.0,6.79,33.63,9.61,97.69,1.52,3.7,7.35,6.52,1,28,135425.4057,1,1,1,0,0,0,0
1496,934.57,3.44628553,1,346.34,79.29,7.52,45.2,2.14,84.45,2.36,4.1,1.63,3.37,2,35,24101.41437,0,1,0,0,1,0,1
1602,580.3,2.77300115,2,59.3,4.45,7.69,64.01,6.16,91.3,2.37,5.63,4.52,2.99,1,7,197539.4311,0,0,0,1,0,0,1
2741,550.0,1.0,2,686.21,43.98,3.76,79.86,39.97,88.84,1.72,2.87,7.35,8.83,1,14,67664.43032,0,1,1,0,0,0,0
649,574.97,1.494985804,2,728.27,14.94,2.85,34.67,19.46,90.29,0.61,1.53,10.0,7.05,1,5,61853.94057,0,0,0,0,0,0,0
2323,1290.82,2.414055783,2,125.72,38.12,7.09,75.24,13.88,90.09,1.4,4.97,1.57,2.33,1,5,68356.9952,0,1,0,1,0,0,0
3751,2727.04,3.511151829,4,772.22,25.21,9.69,21.49,3.79,95.97,0.46,4.89,2.34,3.81,1,13,696014.3669,1,0,0,0,0,1,0
970,1280.29,2.027368263,4,504.68,13.82,9.73,2.48,1.39,97.76,2.16,6.81,0.15,4.52,2,24,290950.0566,0,0,0,0,0,0,1
5703,1142.79,1.647856387,3,96.34,31.04,8.27,119.28,50.74,93.5,2.0,6.62,1.96,3.03,1,2,376273.418,1,0,1,0,0,0,1
3007,733.36,1.907736751,2,737.95,7.4,6.92,53.53,14.62,94.76,2.18,5.49,3.12,5.45,1,21,107437.1988,1,0,0,1,0,0,0
6076,844.67,1.0,4,579.57,45.6,9.09,11.31,1.86,94.61,1.81,7.93,2.94,5.99,1,0,267348.6858,1,0,1,0,0,0,0
2500,1168.01,1.660596191,1,335.34,80.41,7.69,37.92,28.58,93.0,1.06,4.6,6.1,4.05,1,18,25880.18416,0,0,0,1,0,0,0
1363,1039.42,1.384040652,2,886.9,45.63,5.29,87.4,17.57,87.52,1.25,4.84,4.38,6.19,1,21,85991.71291,0,0,0,1,0,0,1
3056,677.25,2.335926937,2,808.46,25.86,5.04,17.78,32.28,99.9,2.21,1.08,3.0,4.71,1,7,82966.5788,0,1,0,0,0,0,0
4366,949.96,2.059087559,4,518.32,52.36,9.39,109.12,16.24,99.84,1.33,1.83,5.3,4.32,2,22,172576.8664,1,0,1,0,0,0,1
6925,1778.38,2.606368133,3,595.93,61.01,8.09,133.54,27.59,99.9,1.83,5.26,5.76,5.06,1,14,776322.9869,1,0,0,1,0,0,0
6368,1451.37,2.112801682,3,387.01,23.38,10.0,16.17,4.59,94.16,2.19,5.46,1.86,5.62,2,21,353614.2782,1,0,0,0,0,0,0
1696,1437.55,1.0,2,249.77,35.51,6.69,84.98,14.21,84.28,2.62,5.21,4.31,7.63,1,24,227401.2744,0,0,1,0,0,0,0
6141,1537.28,2.550679082,3,258.36,44.21,3.99,71.96,12.53,87.74,1.22,3.45,10.0,5.29,1,11,470308.8287,1,0,1,0,0,0,1
2449,660.69,1.997577782,3,735.01,42.55,10.0,82.2,12.11,89.22,2.26,7.05,5.76,4.89,2,53,126115.8582,1,0,0,0,1,0,0
1911,1510.32,2.480108729,3,688.98,44.06,6.23,15.78,25.66,93.37,2.0,2.58,2.49,4.2,1,13,262037.5921,0,0,0,0,0,1,0
4846,769.33,2.403045245,2,294.5,58.99,5.88,26.16,29.32,96.28,1.09,4.68,3.03,2.2,2,30,155473.9105,1,0,0,0,1,0,0
406,757.44,1.0,3,732.86,35.36,6.59,50.08,22.21,96.8,1.28,5.91,7.38,6.67,1,6,84151.0427,1,0,0,1,0,0,0
1805,550.0,3.159740731,1,581.43,1.24,4.55,50.41,22.87,96.36,1.75,1.77,8.24,3.86,1,7,77934.25627,0,0,0,0,1,0,0
1813,1821.0,1.82700933,3,553.0,16.65,7.06,51.35,27.59,88.87,2.56,5.32,5.82,5.08,1,14,292746.7439,0,1,0,1,0,0,1
2933,731.32,1.0,1,574.96,4.2,5.74,94.5,9.96,92.69,1.69,2.49,5.6,5.49,1,15,80189.30012,1,0,0,0,0,1,0
6066,1074.21,3.351399263,3,693.25,20.03,7.89,4.8,17.57,87.17,1.15,3.6,10.0,10.0,2,51,538997.9461,1,0,0,1,0,0,1
4408,999.38,1.837413502,3,502.84,0.89,4.54,54.68,10.27,92.1,1.65,3.66,8.29,5.31,1,26,293092.5038,1,0,0,0,0,1,0
3479,585.17,1.971642448,4,264.42,15.32,6.78,6.4,33.02,88.05,2.63,5.77,7.55,5.4,1,12,209642.5449,0,1,0,0,0,1,0
463,728.73,1.0,2,699.78,8.5,6.3,27.2,3.16,90.23,2.22,1.95,9.53,6.18,1,12,22262.34776,0,0,0,0,0,0,1
1223,550.0,1.0,3,144.77,54.85,2.45,92.21,8.68,97.16,1.9,5.9,0.86,0.19,1,13,28489.09968,0,0,1,0,0,0,1
4223,1146.96,2.1192632,5,263.16,34.1,7.77,67.66,16.38,94.41,2.11,6.91,6.38,5.32,1,18,412753.4929,1,0,0,1,0,0,1
5649,1131.08,2.771187305,2,127.93,27.75,9.16,92.66,6.26,88.79,0.26,3.74,4.31,6.92,1,10,322432.6373,1,0,0,0,1,0,0
3997,1547.04,2.607252895,3,523.98,34.86,5.21,132.36,6.69,90.94,3.18,5.0,10.0,6.65,1,14,276084.7347,1,0,0,0,0,0,1
4199,888.61,1.504518741,4,190.48,8.0,7.18,74.05,23.33,93.08,2.03,7.41,7.05,7.21,1,17,487784.0185,1,0,0,0,1,0,0
4377,1557.12,3.461911975,3,676.26,43.55,5.71,17.71,10.06,87.92,1.19,3.61,8.56,7.72,1,15,438749.0163,1,1,0,1,0,0,0
1631,1032.15,1.746372783,3,485.19,5.58,5.77,10.89,41.37,93.58,2.23,3.9,4.56,4.79,1,16,166617.2444,0,0,0,1,0,0,0
683,993.91,1.0,3,489.9,7.91,2.72,1.62,29.1,92.23,1.2,1.86,10.0,10.0,1,27,118845.8812,0,1,0,0,0,0,1
2833,550.0,1.0,3,735.4,56.12,5.66,8.93,35.4,95.52,1.08,3.85,2.69,5.25,1,13,32397.10737,0,0,0,0,0,1,0
4900,2097.51,4.41833102,3,882.41,18.33,9.18,7.47,24.52,99.9,1.0,7.55,10.0,7.68,1,8,595778.2723,1,0,1,0,0,0,0
1118,591.93,2.787653853,3,38.03,14.57,6.62,14.15,17.09,89.16,0.97,3.29,4.87,3.57,1,5,176716.616,0,0,0,0,0,0,1
3459,550.0,2.292861002,3,838.18,24.59,5.58,37.01,35.16,93.77,1.81,3.78,4.25,6.27,1,16,190966.9727,0,0,0,1,0,0,0
2580,550.0,1.603098238,3,203.4,39.48,6.52,60.06,30.05,99.9,1.29,5.31,7.75,1.05,1,2,132417.4123,0,1,1,0,0,0,0
5529,925.18,3.047841294,3,648.46,27.4,7.97,26.17,7.9,91.37,1.27,4.19,6.39,5.05,1,6,257523.7757,1,0,0,1,0,0,0
3926,923.6,3.450385606,4,1037.53,44.11,8.15,57.03,22.55,97.28,1.42,5.86,3.54,2.49,1,22,393706.7126,1,0,0,0,0,1,0
3340,1913.94,1.0,1,468.23,2.21,4.26,0.86,6.35,85.61,1.08,4.01,6.43,5.52,1,27,173658.5605,0,1,1,0,0,0,0
199,629.97,1.0,3,102.9,59.2,5.54,113.3,13.36,98.05,1.12,2.48,2.37,5.21,1,16,75361.61746,0,1,0,0,1,0,0
2121,1613.59,1.0,3,1070.89,8.74,6.33,40.59,28.63,99.39,1.52,7.32,8.51,7.25,1,13,407881.7673,0,0,0,1,0,0,0
5460,729.32,1.758704994,3,808.84,50.3,9.13,20.49,1.46,88.8,1.72,3.67,7.14,7.39,1,24,242113.7641,1,0,1,0,0,0,0
2350,550.0,1.040524114,3,249.68,39.55,9.97,7.73,24.14,99.9,1.17,5.62,6.15,4.11,1,15,60366.38874,0,0,1,0,0,0,1
4135,1446.72,2.332240235,4,96.14,27.24,6.71,62.44,7.56,86.73,1.46,4.49,8.0,8.84,2,37,394956.0053,1,0,0,0,0,0,0
4164,790.32,1.497639415,3,603.84,14.13,9.1,21.54,20.21,98.89,1.53,5.1,5.34,7.01,1,18,249974.722,1,1,1,0,0,0,1
2410,550.0,1.0,4,427.33,30.85,5.58,13.95,21.98,95.55,2.14,0.68,3.72,3.89,1,12,160641.1667,0,0,0,0,1,0,1
4860,1084.97,3.78236873,2,730.03,58.38,5.88,61.15,26.1,94.97,1.17,5.55,7.27,5.28,2,22,564549.043,1,0,0,1,0,0,0
4142,2115.54,2.70300501,1,1054.76,35.47,6.95,5.16,30.55,94.48,1.73,6.44,8.8,5.49,1,21,360130.9808,1,0,0,0,0,1,0
2528,550.0,1.17282035,2,713.64,34.8,5.57,9.12,8.92,94.17,1.03,4.15,8.72,5.5,1,1,79685.5305,0,1,0,1,0,0,0
5655,1379.3,3.493259408,3,290.12,3.39,8.2,9.22,4.97,89.9,1.5,5.75,5.04,5.37,1,9,431115.9579,1,0,1,0,0,0,1
365,935.51,1.895103414,3,308.27,43.09,6.35,67.99,45.69,95.75,1.75,5.55,6.2,5.68,1,18,207388.443,0,0,0,0,0,0,1
2071,1154.18,1.852759107,3,502.4,24.28,9.33,37.55,8.15,91.47,1.11,5.75,4.46,5.46,1,17,267380.9324,1,1,0,1,0,0,0
6098,827.88,1.0,2,291.24,26.68,2.5,64.88,28.56,89.76,1.51,2.74,3.09,6.31,1,5,225057.6015,1,1,0,0,0,0,1
4383,1487.08,3.851661651,4,495.59,20.1,8.54,52.8,22.16,99.9,1.73,2.97,10.0,7.4,2,24,486878.7037,1,1,0,1,0,0,0
3226,958.52,2.017326609,1,856.39,36.15,4.32,16.04,16.98,87.6,1.49,3.02,6.65,5.12,1,10,35478.01804,0,1,0,0,0,0,0
3031,1014.76,1.335578837,1,594.49,32.66,8.91,26.06,21.16,89.17,1.73,4.14,5.53,5.62,1,17,166985.3009,0,1,0,0,0,1,0
3064,694.91,2.117801384,3,844.13,28.05,7.89,53.35,8.84,92.05,1.58,2.98,8.26,4.57,2,29,98655.13968,0,0,0,0,0,1,1
2549,720.01,1.0,2,745.72,19.26,4.93,68.45,50.06,89.14,1.26,3.63,9.61,4.28,1,9,135784.8707,0,1,0,0,1,0,1
1388,550.0,2.362338101,3,779.69,13.96,4.5,92.09,28.87,91.77,1.16,3.72,3.5,7.7,1,14,25922.37115,0,1,0,1,0,0,1
1581,608.41,2.425928202,2,500.72,59.42,4.59,133.6,30.95,87.55,1.85,3.41,1.6,5.46,1,17,72050.01134,0,0,1,0,0,0,1
2062,1063.97,2.723932007,2,791.99,13.57,8.24,129.6,2.95,99.9,1.87,3.83,4.37,6.91,1,4,266959.7699,0,0,0,0,0,0,1
6487,1280.42,2.99301983,3,281.29,23.65,8.42,85.72,26.24,96.14,1.4,4.94,0.57,3.1,1,12,425354.4881,1,0,0,0,1,0,1
2609,550.0,1.052590933,2,126.98,50.22,6.4,89.21,50.02,87.2,1.69,1.05,7.96,4.0,1,11,127981.289,0,1,0,0,0,0,0
38,1059.87,1.847018668,2,839.43,16.47,4.71,42.99,22.79,86.82,1.41,4.31,3.74,5.73,1,18,179158.7843,0,0,0,0,1,0,1
2952,550.0,1.0,3,1005.13,9.31,5.24,45.68,9.01,99.9,0.53,5.47,1.87,6.12,1,12,19781.70618,0,0,0,0,0,0,0
3917,1819.02,1.140312099,3,531.05,37.73,7.03,103.39,20.78,98.32,1.02,5.13,3.13,5.52,1,16,417215.0153,1,1,0,1,0,0,0
2556,550.0,2.869371509,3,932.59,51.75,7.2,67.23,3.67,88.77,1.58,3.0,5.91,5.11,1,18,36676.71988,0,0,0,0,0,1,0
3278,550.0,1.358398068,2,586.88,30.55,6.67,75.73,17.87,92.51,1.62,5.33,4.5,4.33,1,18,17427.83396,0,0,0,0,0,1,0
2686,1294.09,1.0,3,381.25,76.0,5.73,12.47,8.76,91.38,1.97,0.1,7.68,3.3,1,11,249572.5254,1,1,0,0,0,0,0
6434,1432.53,3.006819616,2,925.75,24.86,6.78,115.4,5.73,89.37,1.94,7.01,6.64,3.24,1,10,286701.3333,1,1,0,0,1,0,0
1057,605.52,1.027276623,5,229.88,8.63,7.77,48.1,22.5,99.9,1.88,2.47,7.3,5.63,1,11,251509.2446,0,1,0,0,0,1,0
5062,834.25,2.487854227,4,103.32,30.12,6.22,50.16,23.91,89.28,1.42,7.4,4.89,6.6,1,15,338976.813,1,0,0,0,0,1,0
5964,921.51,2.857380609,3,276.07,17.41,6.57,9.81,19.96,92.36,0.73,6.39,9.24,7.7,1,22,284990.1965,1,0,0,0,1,0,1
1097,761.18,2.520311576,2,595.16,47.42,5.4,98.69,32.67,95.36,1.82,4.38,9.34,9.31,1,13,69956.02957,0,1,1,0,0,0,1
3752,808.35,3.343907539,4,835.73,45.25,6.86,43.08,22.99,99.9,0.92,7.53,8.18,5.01,2,40,345420.5974,1,0,1,0,0,0,0
1471,550.0,1.340437138,3,91.06,63.37,7.98,3.47,22.49,96.91,1.4,7.26,8.43,8.24,1,8,102212.6934,0,0,0,0,1,0,0
5340,2020.96,3.277315535,4,231.48,38.15,8.41,65.23,12.01,93.76,1.34,6.52,5.97,7.47,1,18,651688.5438,1,0,0,0,0,0,0
3879,1010.17,1.0,4,362.01,59.67,8.94,65.73,14.86,98.49,2.21,5.01,10.0,5.91,2,28,254523.3051,1,0,1,0,0,0,0
452,1052.32,1.217644474,2,590.87,28.25,5.74,71.14,2.73,87.37,1.74,3.53,7.43,8.75,1,18,96500.23184,0,0,0,0,0,1,1
4921,1236.55,1.878664351,3,305.73,41.27,8.96,87.29,5.26,96.03,2.26,7.64,6.8,7.4,1,7,315676.3607,1,0,0,0,0,0,1
828,550.0,1.41519237,3,637.94,14.45,7.81,16.6,7.35,86.13,1.88,4.32,3.6,3.73,1,7,169379.727,0,0,0,1,0,0,1
6550,1088.99,1.877355026,3,299.76,49.82,6.85,58.14,11.75,91.25,2.31,3.76,6.96,8.78,1,2,240544.4556,1,0,0,0,0,1,0
2936,1158.48,1.254689421,3,324.2,44.39,4.65,5.75,17.65,91.5,1.66,3.19,8.33,7.98,1,11,140182.6988,0,0,0,0,1,0,1
5315,1357.84,1.318678599,3,784.37,47.18,6.53,4.97,19.04,96.29,2.6,7.54,6.53,3.67,1,24,464977.7208,1,0,0,0,1,0,0
722,550.0,2.320915014,5,814.85,47.49,10.0,28.34,19.55,97.15,1.89,5.75,7.84,6.69,1,-1,257140.7288,0,0,0,0,1,0,0
6832,550.0,4.155436811,4,708.54,3.66,9.49,43.87,3.35,94.42,1.43,7.07,9.66,8.37,1,15,366809.4298,1,0,0,1,0,0,1
6582,1088.9,2.478499209,3,773.6,35.46,5.28,6.31,22.58,88.79,2.07,7.72,10.0,8.31,1,19,263822.5258,1,0,0,1,0,0,0
2888,550.0,2.768572443,1,641.79,62.0,4.28,72.1,7.59,88.96,1.71,4.08,2.37,4.78,1,2,19025.91229,0,0,0,1,0,0,1
1595,550.0,2.064982758,3,875.53,19.08,4.66,48.38,0.51,91.91,0.95,3.7,4.89,5.99,1,16,43043.04249,0,0,0,0,1,0,0
5751,2206.31,2.007661505,3,564.76,15.72,8.41,20.14,20.09,93.69,2.12,8.2,4.07,5.4,2,24,454795.0032,1,1,0,0,0,0,0
3971,1259.29,4.215965427,5,502.8,29.5,10.0,0.54,15.3,93.28,1.07,8.74,7.08,8.86,1,21,771175.7008,1,0,0,1,0,0,0
3096,550.0,1.0,4,347.77,56.08,8.13,76.54,40.98,88.46,1.55,1.01,4.62,3.89,1,16,65943.93666,0,0,1,0,0,0,0
3748,1082.65,3.360885507,3,792.37,61.83,6.88,21.04,1.78,95.36,1.77,5.7,2.82,6.84,1,10,257512.2087,1,0,0,0,0,1,0
5201,1057.86,2.866051239,3,889.21,10.35,9.78,78.31,14.71,90.93,1.87,6.78,10.0,8.4,1,8,334174.1701,1,0,0,0,0,1,0
6675,1158.05,4.547283128,4,389.98,1.71,10.0,9.35,1.34,95.61,0.41,5.84,3.05,7.69,1,24,608368.4738,1,0,0,0,1,0,0
4379,1027.62,2.214646469,5,320.24,51.83,6.56,51.96,11.06,97.35,2.38,3.34,0.64,7.16,1,-3,648965.4235,1,0,0,0,0,1,0
4077,2130.05,1.0,2,839.07,26.12,2.57,49.11,30.91,99.48,2.36,3.93,6.68,7.16,1,15,425479.7531,1,0,0,0,0,0,0
4894,1552.76,2.965501402,3,781.32,36.57,7.49,6.2,4.56,89.28,1.27,6.87,5.82,9.7,2,24,496563.707,1,0,0,0,1,0,1
6679,550.0,2.538636446,4,397.37,29.46,6.76,14.24,11.72,93.85,1.38,5.39,7.1,6.05,1,11,379607.2239,1,1,1,0,0,0,1
2259,1942.55,1.158213458,3,1089.4,23.0,5.33,23.49,3.66,89.5,1.65,6.71,7.76,4.28,1,20,389481.1421,1,0,0,0,1,0,0
2026,740.88,1.0,1,463.34,17.79,5.04,13.34,33.31,85.77,1.82,2.96,4.2,2.18,2,31,48921.34519,0,0,0,0,0,1,0
6857,1451.47,1.176561882,3,665.48,28.07,7.23,39.03,20.66,88.11,1.47,3.71,2.76,2.72,1,7,290005.1014,1,0,0,0,1,0,1
3352,1098.69,1.274668667,4,158.8,61.59,8.24,14.44,25.95,98.49,1.19,4.65,3.42,4.66,1,10,243982.6003,1,1,0,0,1,0,0
6358,1195.25,2.051356828,3,443.95,7.66,10.0,36.08,27.06,94.47,1.69,6.2,3.87,6.51,1,16,484426.7956,1,0,1,0,0,0,1
6482,550.0,2.016397384,4,258.5,9.22,8.78,61.57,4.28,89.77,1.42,5.16,9.88,6.39,1,21,155329.1835,1,0,0,0,1,0,1
1445,764.69,2.410240685,2,437.33,35.88,9.31,19.86,15.04,96.24,1.98,5.87,2.72,5.87,1,28,175352.0822,1,0,0,0,1,0,0
4722,1561.56,1.635445577,4,525.49,31.4,6.15,22.18,20.35,98.69,1.12,3.93,3.96,5.52,1,8,418967.0438,0,0,1,0,0,0,1
4564,1903.24,2.119611369,5,993.62,14.04,10.0,3.87,4.23,98.76,1.35,6.48,9.95,8.35,1,13,513751.9858,1,0,0,0,0,0,0
6023,1633.13,2.255762947,4,570.66,22.3,6.98,21.2,8.72,92.19,2.13,9.78,10.0,9.71,1,18,768701.8025,1,1,0,0,0,0,1
429,1129.85,1.280746678,4,558.24,4.93,8.21,33.4,45.49,99.07,1.79,5.55,6.87,6.18,1,27,235210.9835,0,1,0,0,0,0,1
3950,879.16,3.371174749,4,626.06,59.77,8.25,59.29,5.6,94.33,1.99,6.62,10.0,6.99,1,11,657214.5289,1,0,0,0,0,0,1
1210,550.0,1.100918736,2,840.49,31.95,4.54,5.3,2.74,95.15,1.19,2.96,2.37,4.2,1,14,97872.90735,0,0,0,0,0,1,0
916,550.0,1.722831121,3,416.82,76.85,1.98,94.4,34.73,90.83,1.19,1.49,1.06,2.78,1,12,43496.07081,0,1,0,1,0,0,1
4262,1074.5,2.701830971,3,230.39,45.71,8.75,30.13,34.37,95.74,1.41,6.32,8.37,5.9,1,8,415802.3512,1,0,0,0,0,0,1
5007,1662.42,3.101809831,4,890.84,51.46,8.95,32.28,8.06,99.9,1.49,5.62,7.67,7.18,1,14,494571.7134,1,0,0,0,0,1,0
2613,1214.95,2.556351504,4,343.64,12.32,9.88,39.58,10.74,99.9,2.08,7.13,9.86,9.0,1,20,398482.9534,0,0,0,0,1,0,0
2494,1102.15,1.450207084,3,154.99,56.57,5.46,50.98,0.96,93.07,1.92,1.94,7.0,5.84,1,31,167593.7069,1,0,0,1,0,0,0
1000,610.36,3.502100638,1,932.39,9.75,4.87,114.67,9.57,81.73,1.99,3.43,8.51,6.55,1,21,175846.1011,0,0,0,0,0,0,0
56,550.0,1.0,4,492.37,37.45,5.9,53.11,11.73,87.58,1.69,2.16,6.13,3.42,1,13,59000.08929,0,0,0,0,0,1,0
3020,653.9,2.362799304,2,154.81,40.31,3.6,76.2,30.63,95.77,1.37,3.7,1.73,0.71,1,10,22080.91142,0,0,1,0,0,0,0
4993,1680.2,1.02652526,4,1082.68,4.08,9.18,4.19,15.27,89.69,1.19,7.52,6.18,7.22,1,12,671772.4062,1,0,0,1,0,0,1
208,621.08,2.825453734,2,418.29,42.04,5.17,61.33,32.44,96.56,2.23,4.74,7.02,6.27,2,31,98052.37476,0,0,0,0,0,0,0
2111,1456.98,1.0,2,664.5,65.76,8.76,46.8,12.77,94.98,1.03,1.04,5.57,5.55,1,6,14236.82182,1,0,0,0,0,1,0
1440,642.05,1.0,2,346.7,34.79,7.06,16.66,23.39,90.78,2.2,5.61,5.07,3.31,2,27,85939.02008,0,1,1,0,0,0,0
425,645.97,1.0,3,306.13,39.96,4.49,65.6,2.79,91.41,0.69,3.23,4.19,4.89,1,18,218044.8076,0,0,1,0,0,0,0
697,1317.8,1.0,3,790.22,32.45,4.38,39.41,17.38,99.9,1.67,4.52,4.25,4.48,1,13,75071.60059,0,0,0,0,1,0,0
1265,694.38,1.531508895,2,691.32,4.9,6.16,70.92,30.89,93.07,1.65,5.8,9.07,5.88,1,11,124366.9774,0,1,0,0,0,1,1
1623,1209.53,1.710287652,3,279.59,32.14,7.09,4.06,1.76,92.16,1.63,4.35,6.46,9.61,1,14,149938.0098,0,0,0,0,1,0,0
1593,734.98,1.431686906,3,349.9,3.66,5.17,59.1,48.91,95.18,1.25,3.51,3.76,3.79,1,18,140084.4514,0,0,0,1,0,0,0
2301,1159.68,1.907333855,3,695.59,29.83,6.22,7.37,6.68,99.13,1.59,6.89,7.99,7.22,1,5,451972.2046,0,0,0,1,0,0,1
4588,1242.17,2.058247062,4,584.2,17.32,6.93,41.68,14.22,94.65,0.41,5.74,8.83,8.73,1,8,495425.4076,0,0,0,0,1,0,0
4820,1067.87,1.920943228,3,217.9,47.16,7.27,24.71,25.61,99.9,0.97,4.0,5.63,4.34,1,14,286818.114,1,1,1,0,0,0,0
6246,1101.32,1.60696822,3,627.87,30.98,5.6,13.68,23.01,92.08,1.3,4.65,6.83,2.33,1,24,258664.8462,1,0,0,1,0,0,0
5510,1953.8,1.992746227,3,734.01,21.96,7.88,51.75,2.53,98.46,0.98,6.13,9.3,5.26,1,7,500221.0028,1,0,0,0,0,0,0
978,550.0,1.838626819,3,24.75,39.23,6.53,90.37,21.11,90.03,1.47,5.57,3.03,7.74,1,4,173182.8879,0,0,1,0,0,0,0
6450,1348.73,4.652153243,3,261.46,40.51,9.17,33.57,15.5,91.55,1.07,6.45,9.3,7.38,1,7,605223.5229,1,0,1,0,0,0,0
5057,980.7,2.690343791,5,971.62,22.44,8.24,11.42,13.4,87.36,1.66,5.02,5.2,7.16,1,21,335832.274,1,0,0,0,0,0,0
819,1263.08,2.39577864,4,907.5,26.35,7.63,81.52,29.64,94.76,1.46,6.04,4.18,3.08,1,21,539869.4181,0,0,0,0,1,0,0
6467,1150.38,1.522493737,3,325.06,12.04,9.16,90.38,14.51,89.11,1.45,5.21,6.76,5.21,1,23,232692.6593,1,0,0,0,0,0,0
5419,1565.14,1.663859034,4,888.22,32.79,6.22,45.14,10.23,90.69,1.18,8.1,5.27,3.97,1,11,575304.8732,1,0,0,1,0,0,0
1467,550.0,2.343682057,4,75.84,18.01,7.72,86.92,10.32,96.12,2.4,3.31,9.0,5.29,1,22,68689.18281,0,1,0,1,0,0,0
5923,1212.0,2.625475017,2,152.59,63.58,6.52,54.24,35.39,89.25,1.52,4.54,4.71,6.17,2,36,202144.3844,1,0,0,0,0,1,0
621,1030.61,2.15919513,2,1131.48,21.85,5.54,35.21,28.41,99.9,1.3,5.05,7.72,4.6,1,6,200968.0919,0,1,0,1,0,0,0
5205,1156.34,2.073778712,2,750.87,52.07,6.14,91.68,32.15,99.9,1.61,3.49,8.73,6.72,1,13,256482.6683,1,0,0,0,0,1,0
4006,1379.65,2.115694965,5,898.24,26.94,9.33,35.89,14.52,90.27,1.29,5.99,10.0,5.92,1,15,675242.1184,0,1,0,1,0,0,1
3048,550.0,1.945460062,1,336.41,26.47,5.68,91.13,12.4,90.37,1.3,5.05,10.0,8.92,1,17,73124.33605,0,1,0,0,0,1,1
1778,1358.21,1.0,1,521.29,51.7,2.8,34.04,14.06,99.61,1.83,5.91,3.92,6.2,1,6,77043.56593,0,1,0,0,1,0,0
4066,753.57,2.022755709,5,111.24,9.15,10.0,111.44,35.04,99.75,1.18,5.0,9.61,8.39,2,27,412934.0832,1,0,0,0,0,1,0
336,550.0,1.0,2,26.76,20.67,5.96,64.53,33.09,98.16,1.69,1.5,4.64,3.07,1,6,18891.78121,1,0,0,1,0,0,1
2642,629.66,1.0,1,157.02,14.66,5.16,25.49,27.6,93.1,1.0,2.0,6.61,9.61,1,11,70950.16529,0,1,0,0,0,0,0
1083,550.0,1.0,3,257.15,40.4,4.73,29.47,30.61,99.9,2.07,2.72,6.94,4.75,2,29,148154.9332,0,0,1,0,0,0,0
2607,550.0,1.0,2,435.16,12.56,6.41,95.78,6.46,89.68,0.73,5.34,4.89,6.63,2,21,56198.07434,1,0,0,0,0,1,0
3569,838.39,2.636482646,5,347.59,20.33,9.53,10.5,1.85,93.1,1.49,5.26,6.72,1.6,1,15,521828.1684,1,0,0,0,0,1,1
4024,1301.89,2.752838541,4,614.3,49.21,8.88,65.18,8.98,96.49,2.16,6.14,6.42,6.23,1,19,419108.1228,1,0,0,0,1,0,1
5105,1162.05,1.0,3,342.03,39.65,5.07,17.54,11.56,89.28,1.01,3.99,2.4,4.91,1,15,255680.9145,1,0,0,0,0,1,0
390,936.56,1.676477184,2,268.22,30.81,7.1,33.0,16.34,91.73,1.28,4.93,1.75,8.16,1,15,142489.631,0,0,0,0,1,0,0
737,1045.17,1.0,3,634.2,39.27,6.8,21.77,9.17,85.74,1.97,2.72,7.26,5.81,1,21,121570.4495,0,0,1,0,0,0,1
113,691.66,1.972219017,2,41.14,22.34,5.76,46.06,8.27,89.72,1.05,2.68,5.44,3.32,1,13,18902.83481,0,1,0,1,0,0,0
1068,906.49,1.964436633,3,699.35,57.0,6.62,107.8,52.74,90.5,1.57,5.66,3.36,4.56,1,29,224602.4137,0,0,0,0,0,1,1
3923,2131.78,4.023463727,4,496.6,33.99,10.0,14.18,16.98,96.01,2.53,9.22,6.73,4.62,2,26,527310.5853,1,0,0,0,0,0,0
937,550.0,1.0,3,559.41,42.67,9.58,54.97,16.2,89.69,1.54,2.14,5.49,3.41,1,20,6734.814226,0,0,0,0,0,1,1
2299,782.19,1.035980422,3,488.57,77.61,5.8,68.26,9.85,88.85,2.11,5.36,2.56,5.99,2,25,103108.878,0,1,0,0,0,0,0
6454,1336.78,1.593199819,3,7.34,56.27,6.17,101.29,22.06,90.76,1.51,3.62,10.0,7.19,1,14,251877.7226,1,1,1,0,0,0,0
257,879.8,1.315377058,2,429.24,44.64,6.96,62.15,11.38,99.9,1.19,4.69,2.59,5.6,1,15,104802.2627,0,0,0,0,1,0,1
2238,1092.71,2.104814639,1,576.81,52.48,4.25,98.29,13.52,95.3,1.58,3.39,8.13,8.26,1,9,100049.2766,0,0,0,1,0,0,0
1339,869.01,1.0,4,352.77,28.99,6.48,25.24,19.03,93.67,1.35,5.86,7.57,5.24,1,10,208131.7245,0,0,0,0,1,0,0
1152,819.87,3.295530955,3,516.74,19.64,6.36,83.44,32.16,88.35,2.46,3.35,6.78,7.62,2,59,160952.2211,0,0,0,0,1,0,0
6192,905.37,2.362990504,3,844.07,25.67,9.91,26.71,16.05,99.9,0.21,5.39,9.89,7.36,1,16,435795.8124,1,0,0,0,1,0,1
992,1001.08,1.227288905,3,439.99,33.83,6.47,19.44,13.77,91.73,1.54,4.81,3.17,2.1,2,40,217389.262,0,1,0,0,0,1,1
1846,613.5,1.0,3,657.78,31.39,8.76,64.14,3.31,99.9,0.9,5.55,1.27,3.41,1,18,132743.3097,0,0,0,0,0,0,1
2558,1408.21,1.382512193,2,449.96,46.21,2.49,19.26,14.24,92.75,1.44,3.39,10.0,9.55,1,12,156147.709,0,1,0,0,0,1,0
1972,550.0,1.0,3,260.5,68.89,6.46,83.45,14.89,88.44,2.09,2.07,7.86,5.7,1,16,7704.340013,0,0,0,0,1,0,0
4610,866.41,1.595163835,5,114.21,35.76,9.05,41.86,8.48,99.9,1.86,7.01,8.14,5.95,1,11,474327.9481,1,0,0,0,0,0,1
4622,1406.94,1.574780276,3,1166.61,46.11,8.47,41.97,31.71,89.92,1.71,4.93,10.0,7.0,1,12,443215.2919,1,0,0,1,0,0,1
3664,974.21,3.512709786,4,712.49,53.26,6.27,48.43,16.98,87.61,2.01,5.99,7.82,6.9,1,12,577650.6625,1,1,0,0,0,1,0
6650,1316.55,2.73641948,2,901.52,33.98,6.81,68.08,11.91,88.3,1.74,5.01,5.92,3.84,1,11,360018.8911,1,1,0,0,0,0,1
132,550.0,2.020616461,2,111.62,35.94,6.18,54.93,4.39,89.65,1.3,1.87,6.37,7.9,1,9,178417.543,0,0,1,0,0,0,1
2462,550.0,1.0,3,477.44,23.64,4.65,5.32,27.39,92.61,1.01,0.34,6.64,2.02,1,16,30397.92382,1,0,0,0,0,1,1
4131,1361.23,1.92258022,3,300.72,42.52,6.92,119.18,24.28,99.9,1.52,7.47,7.59,7.48,1,9,378814.814,1,1,0,1,0,0,0
441,550.0,1.227384634,2,9.16,54.6,5.68,30.07,6.25,91.6,1.21,0.89,5.76,4.76,1,6,172761.9045,0,0,0,0,0,0,1
4160,1919.08,3.037522418,4,178.23,7.12,10.0,15.98,16.01,99.9,1.47,6.99,4.42,6.38,1,18,772629.8134,1,0,0,0,1,0,1
2029,902.24,2.435445229,4,350.81,43.67,6.9,42.79,12.37,92.75,1.72,5.38,0.88,7.82,1,17,301239.1027,0,1,0,0,0,1,0
1668,550.0,2.21754523,1,17.11,34.23,5.86,97.65,44.72,95.08,1.33,4.28,1.63,1.99,1,34,160505.1596,0,0,0,0,1,0,0
2175,550.0,1.75305845,3,878.24,44.74,8.5,178.68,9.85,96.74,1.84,4.93,4.56,3.48,1,15,58937.59012,0,0,1,0,0,0,0
5083,1541.12,2.917828041,5,342.48,34.69,9.82,52.64,34.17,94.41,1.75,6.29,9.09,9.74,1,10,745925.0583,1,0,0,0,1,0,0
6498,550.0,3.488118422,4,510.13,36.6,6.35,82.75,17.58,97.2,1.75,5.26,6.01,3.98,1,18,537327.1678,1,0,0,1,0,0,0
1598,1536.98,1.0,1,267.89,23.77,6.84,93.62,25.63,93.45,2.04,5.3,7.1,8.18,1,10,64238.44087,1,0,0,0,0,0,1
2725,550.0,1.473615338,6,410.36,27.77,7.5,23.18,16.76,92.54,0.72,4.14,8.95,6.62,1,15,411126.1004,0,1,0,0,1,0,0
6957,1059.64,1.0,3,30.61,9.72,10.0,52.9,12.65,95.99,1.15,4.3,3.51,4.67,1,12,195374.2452,1,0,0,0,0,1,0
2572,963.94,1.689478753,1,468.17,24.81,8.24,49.8,11.99,90.25,1.6,5.14,3.92,4.46,1,19,54952.17335,0,1,0,1,0,0,1
1294,788.01,1.041511079,3,82.89,31.81,5.52,6.21,7.54,96.0,2.1,2.15,7.96,6.34,2,27,213574.6915,0,1,0,1,0,0,0
135,664.28,1.565668607,2,392.33,39.91,8.76,3.48,10.55,96.26,1.24,4.22,2.45,3.97,1,9,15496.4411,0,1,0,0,1,0,1
6425,1563.58,1.606787206,3,724.0,24.61,7.8,60.85,16.08,93.64,0.72,5.93,3.75,5.86,2,48,309608.0463,1,0,0,0,1,0,0
1659,848.39,1.0,3,42.21,58.47,7.43,80.19,43.58,95.5,0.98,1.58,4.49,4.75,1,13,70526.99416,0,1,0,0,0,1,1
1744,737.43,1.43683434,3,564.54,47.35,7.66,74.01,12.82,98.03,2.04,4.39,3.17,3.93,2,25,102286.3488,0,0,0,0,0,0,0
1278,550.0,1.0,3,223.64,23.82,6.09,40.43,33.79,96.8,2.18,5.28,8.25,6.51,1,12,69469.4376,0,0,0,0,0,1,0
5222,1156.97,2.01838007,4,479.93,18.81,6.7,95.71,27.87,90.25,1.7,2.82,6.59,5.65,1,17,337875.5633,1,1,1,0,0,0,0
5023,1639.62,2.437237309,2,3.19,8.8,6.85,30.37,20.95,97.57,0.97,4.34,8.96,4.94,1,15,444390.5746,1,0,0,0,0,1,1
3546,1427.45,2.947798497,4,14.46,30.83,8.77,40.0,10.83,89.91,1.76,5.86,8.18,7.63,1,7,413956.3415,1,0,0,0,0,0,0
5943,1663.86,1.409881911,3,648.92,60.44,6.17,57.58,29.26,93.23,2.19,5.2,7.91,7.56,1,15,357282.6984,1,0,0,0,0,0,1
4057,2090.48,1.0,4,769.54,11.08,10.0,9.86,7.27,98.0,0.73,3.81,3.96,4.3,1,13,575488.8103,1,0,0,0,0,1,1
129,550.0,1.964345957,3,776.89,31.33,6.65,90.6,27.33,87.16,0.99,7.15,7.26,10.0,1,12,112989.8892,0,0,0,0,1,0,0
2700,550.0,1.0,4,365.54,68.35,5.82,74.58,32.99,84.47,2.2,5.95,5.34,6.84,2,40,112863.2795,0,0,0,0,0,0,0
27,554.35,1.076686559,3,198.32,31.51,6.56,80.3,8.17,85.1,1.34,4.28,7.04,4.82,1,9,47422.38379,0,0,1,0,0,0,1
5650,1376.55,1.688461966,3,338.93,56.19,5.49,42.76,15.96,87.29,2.01,5.64,5.88,7.02,1,10,311071.9473,1,1,1,0,0,0,1
4548,1234.68,2.797891667,4,339.68,38.87,8.71,48.42,18.73,97.23,1.1,6.14,0.17,0.73,1,10,493129.6,1,0,0,1,0,0,1
1234,1496.1,1.0,2,759.92,4.99,6.26,104.36,11.38,99.0,1.01,5.92,10.0,9.62,1,3,223705.2143,0,0,0,0,1,0,0
6313,1375.84,2.623327731,2,419.82,26.18,9.92,47.96,3.15,88.15,1.71,5.11,7.42,8.85,1,9,269406.1081,0,0,1,0,0,0,1
6672,1143.01,2.860662582,3,490.36,66.91,6.72,4.41,53.19,86.89,2.16,2.63,3.28,4.14,1,20,378803.2791,1,0,0,0,1,0,1
6682,1209.09,3.52989674,5,298.47,36.1,6.71,66.99,21.57,98.12,1.31,5.06,8.79,4.27,2,11,514762.559,1,0,0,1,0,0,1
4043,1807.95,2.654548841,3,497.24,35.32,9.89,91.15,23.01,99.9,1.64,7.42,1.08,6.13,1,13,293360.1722,0,0,0,0,1,0,1
5283,1175.77,5.344262165,3,223.27,14.9,9.43,66.36,12.12,94.8,2.08,8.2,2.82,5.89,1,18,512290.5948,1,0,0,0,0,0,1
5053,1297.08,1.0,5,761.2,58.74,7.99,13.67,37.69,89.6,1.92,4.74,6.79,4.99,1,19,403094.2545,1,0,0,0,0,1,0
459,550.0,2.8524211,3,637.83,26.0,10.0,15.36,10.04,99.9,1.17,4.49,3.6,2.97,1,12,206639.3456,0,1,0,0,0,0,1
3558,1216.56,2.209331184,4,624.93,8.96,9.57,69.65,20.57,98.1,1.04,7.79,9.46,8.15,1,6,618653.7437,1,0,0,0,0,1,0
2391,550.0,2.612842375,2,299.09,64.47,6.07,4.7,14.51,99.9,1.42,4.73,8.99,7.63,1,18,135338.4399,0,1,0,1,0,0,0
2009,550.0,1.719618789,3,550.0,12.75,5.9,19.46,7.21,96.15,1.19,2.4,9.43,5.75,1,10,26192.25949,0,0,0,0,0,1,1
6370,1227.8,2.958815706,4,605.85,36.4,8.85,102.15,23.98,99.9,1.95,6.39,5.16,9.3,1,9,565514.2235,1,0,0,0,1,0,0
2466,550.0,1.346741881,2,414.41,20.05,7.22,117.91,14.0,91.62,0.92,2.04,5.15,8.41,2,42,134651.0439,0,0,1,0,0,0,0
4457,907.53,1.0,4,179.96,11.45,2.2,30.71,43.65,93.41,1.16,3.76,4.73,7.83,1,18,312866.7114,1,0,0,0,1,0,0
1804,550.0,1.79372707,2,573.66,47.17,7.39,19.87,18.69,99.9,2.1,4.34,7.72,7.04,1,15,155365.8037,0,1,0,0,0,1,0
6965,782.21,2.094118809,5,364.23,26.33,9.88,17.63,14.44,99.6,1.76,8.09,2.2,4.04,1,19,395061.9975,1,1,0,0,0,1,1
202,1821.56,1.867427472,3,478.89,41.12,8.53,38.08,2.02,93.86,1.49,7.4,9.78,6.92,1,12,373974.9497,0,0,0,0,1,0,0
6206,1121.99,2.251898766,3,488.69,20.04,7.0,24.35,20.27,91.06,1.27,4.52,7.64,7.49,1,17,310248.7128,1,0,0,0,0,1,0
4201,737.2,2.552416006,4,165.21,18.88,9.42,82.01,6.63,99.7,2.06,5.31,8.4,9.14,1,20,338714.3469,1,0,0,0,0,1,0
3651,1850.41,4.464140153,2,380.26,12.84,8.56,22.38,0.61,86.96,1.25,4.48,4.57,6.36,1,19,412166.0012,1,0,0,1,0,0,0
964,1131.43,1.048292917,4,227.45,44.31,7.86,56.62,12.07,83.64,1.82,5.61,4.86,6.75,2,31,127323.8131,0,0,0,0,0,1,1
124,550.0,3.921931003,2,1043.79,46.13,7.36,52.41,5.03,91.57,0.98,6.68,4.6,4.56,2,32,141694.2808,0,1,0,1,0,0,1
3025,850.9,1.76391496,2,166.22,6.79,6.42,33.24,36.58,98.72,1.04,2.87,7.7,10.0,1,8,144206.6268,0,0,0,0,1,0,0
6847,1914.87,3.137016529,4,273.61,30.67,9.24,7.95,13.35,91.49,1.67,6.72,3.96,5.25,1,7,684734.5213,1,0,0,0,0,1,0
1965,550.0,2.478040311,1,270.9,23.78,6.92,13.51,4.34,89.62,1.78,4.13,9.71,7.15,1,6,14802.63837,0,1,1,0,0,0,1
2972,976.39,2.011397301,2,292.84,66.65,5.81,20.97,40.99,99.9,1.8,6.22,4.42,4.22,1,19,218690.8488,0,0,0,0,0,0,1
2960,724.79,1.275855419,3,912.79,34.78,4.96,24.88,1.42,94.89,1.85,4.68,0.07,5.8,1,7,90658.60804,0,0,0,0,0,0,1
4542,1379.79,3.578761291,3,375.08,33.8,9.22,44.94,2.88,99.9,1.59,7.31,6.47,9.4,2,21,660172.8765,1,0,0,0,0,0,1
5672,1823.78,3.155990729,3,536.54,26.43,6.2,65.8,18.41,92.69,1.74,4.8,10.0,6.22,1,19,452367.1816,1,0,0,1,0,0,0
2996,1354.92,2.777247179,2,809.67,22.32,4.64,34.37,4.67,95.18,2.34,5.09,4.09,2.82,1,11,364463.2208,0,0,0,0,0,0,0
647,785.53,1.0,2,3.86,40.31,2.59,122.62,12.29,88.42,2.23,2.84,3.52,5.07,1,0,127101.7368,0,0,0,0,0,0,0
5630,814.83,3.473063963,4,619.33,30.71,8.08,13.53,12.19,91.23,1.95,4.57,6.49,5.04,1,14,557038.7382,1,0,0,0,0,1,0
3323,1206.92,1.187160437,3,375.51,55.98,5.92,74.22,30.96,95.25,1.89,5.1,5.38,4.69,1,23,298070.6951,1,0,0,0,0,1,0
4308,1670.63,1.52994186,2,313.01,40.71,7.0,3.01,3.86,92.99,1.46,5.58,1.75,4.85,1,13,251452.2868,1,1,0,0,0,1,1
1757,634.09,3.096000186,3,939.24,14.49,7.09,61.1,14.91,94.69,0.61,4.62,8.7,7.37,1,14,331136.5415,0,0,1,0,0,0,0
1588,846.7,2.884682959,1,519.02,13.62,6.7,10.97,39.44,99.9,1.0,4.46,6.19,5.83,1,18,66485.69605,0,1,1,0,0,0,0
935,915.01,2.712291179,3,1134.25,48.31,5.53,74.33,36.9,99.11,2.38,6.35,7.55,5.06,2,46,323957.2135,0,1,0,1,0,0,0
1450,896.7,1.925285852,3,751.63,64.82,6.13,56.09,12.83,95.33,1.37,1.63,1.82,4.27,2,39,64620.1328,0,0,1,0,0,0,0
523,700.9,1.0,3,840.32,0.29,6.09,92.84,8.42,87.5,1.77,5.08,1.85,2.4,1,18,69497.04211,0,1,0,0,1,0,1
1353,817.26,4.442556228,2,942.17,17.58,5.87,114.97,33.9,86.02,1.89,3.23,7.35,4.61,1,13,239202.7346,0,0,0,0,1,0,0
3138,550.0,1.0,4,430.55,39.64,4.95,57.27,16.27,84.3,1.66,4.88,1.63,7.45,1,20,74580.13877,0,0,0,1,0,0,1
1188,1337.19,1.719880629,2,681.56,8.8,7.04,14.15,22.82,93.72,2.03,6.29,3.09,6.12,1,5,155463.6341,0,1,1,0,0,0,1
4313,1032.27,2.933562808,4,623.62,43.23,8.63,2.8,15.21,92.82,0.86,5.62,10.0,7.23,2,6,405649.2224,0,0,0,1,0,0,0
5629,1993.82,3.871697874,3,945.57,15.01,10.0,19.61,20.04,90.25,0.61,6.73,9.51,10.0,1,10,608119.0163,1,0,1,0,0,0,1
3440,789.29,2.9043909,1,21.86,40.62,5.45,125.7,47.92,93.86,2.01,5.54,2.61,5.02,1,11,137311.2103,0,0,0,0,0,1,0
6126,1144.51,3.017616799,3,244.81,40.05,8.33,51.88,10.34,89.78,1.99,6.5,9.75,9.06,1,9,556159.7446,1,0,1,0,0,0,1
877,1269.8,2.921633127,2,226.61,55.91,6.73,65.34,17.95,90.82,1.2,2.77,5.31,5.45,1,13,120641.1846,0,0,0,0,1,0,0
3294,866.92,2.333235281,2,490.14,28.7,5.24,29.55,7.82,83.79,2.1,5.62,7.82,3.86,1,13,125056.847,0,1,0,1,0,0,1
2022,550.0,2.029250434,2,20.18,27.39,5.31,46.42,29.39,97.1,1.07,2.23,1.81,1.86,1,9,13457.64432,0,1,0,0,1,0,0
5031,1128.8,1.27278784,3,319.12,25.33,4.06,72.41,52.07,93.3,1.24,3.72,10.0,8.15,1,18,322022.7647,1,0,0,0,0,1,0
66,636.83,2.224104889,3,195.19,1.6,7.65,21.26,25.34,94.62,1.94,6.28,4.35,7.39,1,14,267340.8848,0,0,0,0,0,1,0
3694,969.93,2.910999291,3,1056.2,10.58,5.77,6.45,12.24,97.84,2.21,4.48,6.92,5.0,1,8,446218.8391,1,0,0,1,0,0,1
4357,1236.08,2.961977011,2,766.17,21.04,8.01,47.44,14.17,99.9,1.97,5.55,4.06,4.79,1,9,245361.4496,1,1,0,0,1,0,0
1481,1010.25,3.331127148,3,587.34,0.27,8.51,23.44,15.24,86.92,1.87,3.83,8.2,6.56,1,17,243405.329,0,0,0,0,1,0,1
6266,2838.63,1.444327588,3,271.55,9.6,9.54,110.92,22.13,99.9,0.46,8.13,10.0,7.77,1,16,725629.5569,1,0,0,1,0,0,1
3892,1883.99,2.725634492,2,562.14,36.72,4.07,33.68,8.56,99.9,0.89,3.32,7.99,8.07,1,17,511380.9736,1,1,0,0,1,0,1
6524,1484.17,1.34998666,4,540.02,24.92,6.51,86.08,43.63,99.9,1.98,8.68,3.75,5.06,1,10,566866.0916,0,0,0,0,1,0,0
3429,550.0,2.156029152,4,80.0,62.86,5.32,36.86,8.79,89.06,0.65,2.61,7.23,5.78,1,4,124793.2442,0,1,0,0,1,0,0
5749,1188.88,1.0,3,364.55,49.22,6.46,27.53,41.75,86.14,1.29,2.33,4.78,6.02,1,9,194943.8711,1,1,0,0,0,1,0
5742,908.79,3.993829572,4,624.47,45.99,9.05,1.73,25.46,87.3,1.95,4.07,2.5,4.99,1,15,354814.027,1,0,1,0,0,0,1
1944,837.06,1.213887839,4,408.7,36.24,2.92,32.17,25.34,92.87,1.49,3.72,7.16,8.67,1,14,295294.0933,0,0,1,0,0,0,0
4756,1393.08,2.576605651,4,608.97,2.17,7.51,100.78,24.21,98.89,2.24,7.25,2.66,10.0,1,13,385477.3095,1,0,0,0,0,0,0
5226,1843.76,2.222274061,3,378.68,23.49,8.3,42.5,6.34,91.78,0.36,7.96,9.97,6.98,1,13,550827.9241,1,0,0,0,0,0,1
3931,1754.22,2.271053311,5,635.61,4.6,7.66,34.31,7.55,90.2,1.54,7.55,10.0,8.65,1,9,668842.773,1,0,0,0,0,1,1
4384,1987.99,3.198804296,4,485.32,25.71,10.0,95.58,17.99,90.86,0.67,8.1,8.59,5.55,1,15,660883.3092,1,0,0,0,0,0,0
3542,938.17,1.0,4,116.05,29.16,8.56,87.07,32.27,94.59,0.73,5.87,8.92,6.58,1,15,299887.5545,1,1,0,0,1,0,0
6996,1726.12,4.056114691,2,943.19,34.06,5.82,90.45,17.6,92.25,1.67,5.31,9.84,10.0,1,18,481604.8073,1,0,0,0,1,0,1
782,601.22,1.001345831,2,217.01,45.49,2.1,74.43,3.32,91.92,1.64,2.64,5.05,5.9,1,14,4989.729608,0,0,0,0,0,1,1
2163,1773.43,1.0,3,668.06,10.13,7.86,62.14,0.51,99.9,1.23,5.54,4.27,5.3,1,18,300420.9694,0,0,0,1,0,0,1
4120,2119.1,2.97633367,3,1084.11,48.07,10.0,2.68,2.47,91.78,1.88,7.64,7.73,6.89,1,4,514838.5546,1,0,0,0,0,1,0
226,1010.8,1.647701768,2,489.74,5.04,5.97,69.94,18.03,90.33,1.9,5.6,2.8,6.93,1,9,202999.5634,0,1,0,0,1,0,0
760,991.57,1.269895303,4,568.42,20.61,8.81,61.74,31.63,98.12,1.11,5.98,1.82,8.09,1,13,227497.5784,0,0,0,1,0,0,1
5869,858.81,2.840918335,3,567.14,29.75,6.39,25.04,28.27,93.51,1.36,5.52,3.67,2.95,1,5,309375.5433,0,1,0,1,0,0,0
514,550.0,1.0,3,488.87,45.5,3.4,111.9,27.78,99.64,1.95,2.51,4.46,3.61,1,8,42569.78289,0,0,0,0,1,0,1
1605,550.0,1.0,1,867.01,40.43,4.65,51.71,34.98,84.17,1.71,3.49,6.22,8.72,2,33,58912.65077,0,0,0,0,0,1,1
4279,1297.73,2.686407725,3,169.06,34.86,7.1,87.08,19.98,94.78,1.14,5.19,4.63,7.37,1,23,380363.8356,1,0,0,0,0,1,1
2891,1024.93,2.039363146,4,371.46,58.15,10.0,43.17,20.22,91.8,2.32,6.4,3.1,3.74,1,13,228356.7184,0,0,0,1,0,0,1
3930,1090.75,2.419598447,3,534.13,28.53,8.05,24.56,31.58,97.55,0.83,3.18,6.78,8.43,2,17,295073.4578,1,0,0,1,0,0,0
5281,1705.01,2.31375477,2,514.98,19.13,4.34,59.96,22.22,87.01,1.0,6.16,6.7,5.35,1,14,434479.0184,1,0,0,0,0,1,0
908,972.21,1.150656826,3,769.51,8.14,7.23,47.5,10.11,96.21,1.1,0.95,5.8,5.02,1,21,91492.72867,0,0,0,0,1,0,1
193,1645.47,1.552318321,1,911.68,22.7,10.0,87.0,16.97,99.9,1.06,7.36,6.53,9.9,2,21,341715.2682,0,0,0,0,0,1,0
5329,1794.21,4.268789309,4,849.84,25.36,9.79,36.14,5.69,95.15,0.68,6.59,5.88,3.37,1,11,638723.1436,1,1,0,0,0,0,0
742,550.0,3.191463348,3,660.54,51.53,6.04,29.47,10.05,85.65,1.16,4.74,7.21,7.97,1,23,205028.3889,0,0,0,1,0,0,0
612,550.0,4.843794741,3,388.91,29.48,5.18,113.37,19.92,91.76,1.48,6.23,6.96,4.93,1,14,292808.0281,0,0,0,0,0,1,0
5140,1528.58,2.118791517,3,531.36,29.4,8.73,58.07,3.81,93.39,1.02,5.11,8.84,8.1,1,5,396040.1606,1,0,1,0,0,0,0
1870,1532.21,1.581607272,1,472.29,21.53,5.59,15.31,21.49,94.88,1.93,4.29,6.68,6.43,1,21,164890.2375,0,1,0,0,0,1,0
5440,1671.11,2.141318003,3,848.09,11.66,8.16,9.5,13.71,99.69,0.96,3.38,3.26,9.03,1,6,247635.9062,1,0,0,1,0,0,0
3638,1179.33,2.590488377,2,424.35,33.38,10.0,7.33,33.96,98.96,0.8,5.54,5.67,6.47,2,41,333127.4127,1,1,0,0,0,1,1
401,559.33,1.415674288,3,621.67,10.67,6.85,56.91,7.56,93.24,2.06,3.35,5.25,2.18,1,9,51820.27572,0,0,0,0,1,0,0
3540,1257.82,1.050886021,3,479.92,8.17,4.91,6.75,27.73,90.28,1.66,2.14,0.15,2.23,1,22,353181.3941,1,0,0,1,0,0,0
849,1380.6,2.985153014,2,339.5,45.66,6.48,123.56,4.82,82.85,2.84,5.56,7.29,3.9,1,19,513668.3709,0,1,0,0,0,0,0
5687,550.0,3.748236326,4,575.71,23.91,8.05,7.52,10.24,86.52,0.93,5.33,6.54,5.44,1,27,339758.8141,1,1,0,0,0,1,0
1728,550.0,1.0,4,82.5,2.01,8.95,25.79,21.11,94.0,1.22,6.56,5.13,5.87,1,11,192654.8614,0,0,0,0,0,0,1
374,1661.48,3.255066273,3,646.2,19.3,8.55,57.83,6.86,91.56,1.49,2.7,6.84,4.47,1,15,503689.2666,0,0,0,0,0,1,0
5488,988.77,2.547569068,2,791.05,24.97,5.69,58.57,12.53,94.13,1.88,4.41,9.54,6.81,1,20,272720.9855,1,0,0,0,1,0,1
2935,752.77,1.0,1,150.37,51.78,2.65,66.07,48.29,93.49,1.83,2.68,2.27,3.79,2,44,106469.8279,0,0,0,1,0,0,0
4633,816.3,1.666348928,3,377.18,41.32,6.85,32.95,15.15,90.71,1.62,6.44,10.0,6.87,1,-2,209995.3714,1,0,0,1,0,0,0
4949,1039.35,2.448497659,3,650.54,8.56,7.07,10.92,4.75,86.62,1.33,3.39,7.35,7.31,1,10,387538.7079,1,0,0,0,1,0,0
1007,1729.98,2.208103687,2,958.72,21.64,9.04,34.72,23.34,92.74,1.6,5.58,4.99,8.12,1,18,238537.4625,0,0,0,1,0,0,0
6702,1351.01,2.068982589,3,466.5,22.02,8.03,40.52,27.53,94.49,1.07,6.15,10.0,9.34,1,4,335914.6504,1,0,0,0,0,1,1
6520,1080.31,1.0,3,464.72,27.55,3.76,56.0,12.51,95.96,1.25,2.68,6.07,5.78,1,10,267801.2453,1,1,0,0,1,0,0
409,931.09,1.113645961,3,710.41,0.12,7.36,42.88,1.76,99.9,0.64,4.71,10.0,9.19,1,10,164916.2286,0,0,0,0,0,1,0
578,876.96,1.246121341,1,69.8,48.48,4.92,119.1,58.1,96.39,1.61,3.11,6.7,7.35,1,-2,69725.78945,0,0,0,1,0,0,0
692,550.0,3.595800634,2,421.86,19.4,5.98,30.23,8.29,94.38,1.46,5.48,6.52,9.19,2,22,93409.31612,0,1,0,0,0,1,1
1611,550.0,2.451438207,1,174.71,35.96,3.47,107.04,52.99,91.99,2.3,0.53,0.28,3.21,2,52,232106.7543,1,1,1,0,0,0,1
2734,1255.62,2.368166907,3,147.68,1.34,8.68,78.37,14.22,93.64,2.58,5.56,6.33,8.0,1,9,299895.6528,0,0,0,0,0,0,0
655,550.0,2.585912865,3,535.29,2.7,8.18,21.47,24.87,99.9,0.98,4.13,1.91,5.97,1,13,140169.681,0,0,0,0,0,0,0
4540,566.8,1.027534544,4,148.47,21.49,8.89,52.86,48.85,88.19,1.21,4.22,4.93,6.45,1,29,162304.1971,1,1,0,0,0,0,1
5077,1625.08,2.519039286,5,623.39,11.46,9.0,7.99,22.92,91.71,1.18,6.36,8.49,7.72,2,43,729588.0304,1,0,1,0,0,0,0
3839,1266.03,1.479087612,4,193.31,8.01,8.24,58.56,0.43,98.05,1.7,5.25,5.05,5.91,1,15,315056.9254,1,0,0,0,0,0,1
5356,1115.75,2.317665663,2,381.71,39.5,5.37,40.24,8.35,91.07,1.23,4.88,6.98,8.32,2,20,150448.0183,1,1,0,0,0,0,1
5289,1466.29,3.359698051,3,797.39,49.4,10.0,87.32,2.61,99.9,2.0,6.43,10.0,10.0,1,9,548582.6126,1,0,0,1,0,0,1
3133,1168.53,1.704767672,2,723.13,46.7,5.65,59.15,16.33,99.9,1.18,1.96,1.9,4.43,1,2,130076.8798,0,1,1,0,0,0,0
590,936.93,1.0,3,664.37,50.51,7.08,94.89,4.26,95.47,1.4,4.4,7.1,6.91,1,10,244547.7443,0,0,0,0,0,1,1
2906,1070.65,1.793127728,2,702.0,21.69,4.74,163.83,44.76,95.61,1.09,2.26,4.95,6.44,1,23,54505.84251,1,0,0,0,0,0,1
1575,611.64,2.409814069,2,583.16,25.03,9.22,44.69,15.21,94.28,1.05,3.5,7.4,4.77,1,16,25882.86881,0,0,0,0,0,0,1
4574,994.02,4.489841152,4,757.76,1.48,9.77,39.41,4.56,95.82,1.51,7.88,5.04,5.94,1,15,384593.6811,1,0,0,0,0,1,0
3129,873.9,1.853306629,3,232.09,41.15,4.96,56.28,37.71,87.92,2.37,1.52,1.66,2.65,1,19,134559.8973,0,0,0,0,0,0,0
6061,1056.57,1.833807147,2,567.28,47.38,5.64,13.04,21.25,95.19,0.92,6.16,6.62,6.78,1,7,229345.7716,1,0,0,0,0,1,1
2396,1140.04,2.316666798,1,755.41,71.21,2.91,78.04,33.23,96.15,1.62,4.88,5.3,7.06,1,12,58358.63301,0,0,0,0,0,1,1
3124,1856.18,3.158665922,2,552.05,7.26,5.63,22.68,7.81,99.04,1.25,7.56,4.89,4.8,1,21,321859.3512,0,0,0,0,0,1,0
2660,1038.6,3.326911585,2,773.0,45.01,5.06,40.42,31.22,86.02,2.44,4.14,3.36,5.89,1,14,320386.8327,0,1,0,1,0,0,1
1871,1288.26,3.830761973,3,168.4,13.93,5.67,18.25,3.88,94.77,1.35,5.29,3.96,2.92,1,15,403938.3577,0,0,0,0,0,1,0
6712,1154.31,1.505626795,3,321.39,43.9,8.63,15.68,21.34,96.83,0.76,3.73,4.12,7.98,1,11,417000.4103,1,0,1,0,0,0,1
743,1351.97,3.332207932,2,581.74,31.68,8.45,61.59,16.56,94.41,1.64,5.21,6.19,3.8,2,47,340792.8448,0,1,0,0,0,1,1
6176,550.0,2.594589674,5,338.63,14.47,7.35,16.18,4.39,98.58,0.72,4.26,5.41,4.94,1,12,241585.5575,1,1,0,1,0,0,0
182,550.0,1.0,2,547.36,30.58,4.14,39.77,29.33,97.35,2.48,3.79,7.99,4.21,1,20,281810.354,0,0,0,0,0,1,0
5243,1798.59,1.47975024,3,435.48,27.94,9.22,10.45,19.22,94.94,0.84,2.84,8.4,7.85,1,15,223961.103,1,0,1,0,0,0,0
4338,550.0,1.916652094,4,679.14,25.31,6.56,70.29,1.38,93.02,2.12,4.85,5.78,5.33,1,18,216594.5511,0,0,0,1,0,0,0
2716,1445.66,1.645937862,1,553.91,45.45,6.39,23.82,32.65,96.94,2.35,5.69,6.88,6.75,1,21,67504.40926,0,1,0,0,0,0,1
1053,550.0,2.524160228,3,598.72,4.43,8.58,6.9,35.99,84.48,1.41,6.63,5.61,5.68,1,13,262012.5888,0,0,0,0,0,0,0
4909,1496.53,1.0,5,249.92,17.41,6.9,12.95,28.46,87.78,1.73,5.63,5.41,4.13,1,17,456520.3289,1,0,0,0,1,0,0
653,1161.07,1.274587843,1,534.56,19.26,5.71,50.38,20.06,93.11,1.78,5.52,9.45,4.27,1,19,7959.542028,0,0,0,0,0,1,0
148,1493.56,3.05005447,3,587.84,64.1,3.94,89.79,14.7,93.37,1.86,3.94,5.84,4.82,1,19,283925.4965,0,1,0,0,0,1,0
708,857.34,3.113162471,2,139.8,37.9,5.13,66.65,4.34,87.7,1.24,3.78,2.68,4.22,1,10,233377.5929,0,0,0,0,1,0,0
369,796.16,1.0,2,319.94,62.82,6.02,15.28,31.1,92.65,1.33,4.46,7.28,5.49,2,46,44877.30732,0,0,1,0,0,0,0
23,1060.69,2.635554385,2,383.62,65.99,8.79,24.69,8.8,85.0,1.41,2.5,5.97,7.44,1,19,242828.0648,0,0,0,1,0,0,1
3312,672.15,1.0,3,570.18,50.53,6.77,9.54,23.8,94.41,2.07,5.96,5.89,5.67,1,24,43939.85528,0,0,1,0,0,0,0
1285,1077.59,1.963756545,2,427.32,26.13,7.55,58.12,2.59,99.54,1.28,4.7,10.0,7.79,1,14,208181.9605,0,0,0,0,1,0,1
1957,550.0,2.188481082,2,509.05,15.73,3.92,65.38,46.02,94.83,1.71,3.7,1.33,8.11,1,10,18617.76424,0,0,0,1,0,0,0
2260,550.0,1.0,3,1178.5,41.59,7.41,165.41,34.03,90.94,1.84,5.63,9.78,7.18,2,46,34627.49194,0,0,0,1,0,0,1
1199,1066.81,2.186455798,3,838.12,46.27,7.21,42.11,17.57,94.52,1.73,6.41,10.0,9.24,1,13,196100.1083,0,1,1,0,0,0,0
4508,1778.42,3.346100071,4,89.94,13.36,8.57,4.34,19.37,99.9,1.32,5.03,1.89,3.75,2,41,579739.6234,1,0,0,0,1,0,0
469,1236.63,1.562501373,3,172.51,56.61,8.75,54.74,23.83,94.2,1.3,1.35,5.24,3.3,2,14,18845.7774,0,0,1,0,0,0,0
6746,1071.37,1.455326917,4,98.52,49.99,7.99,41.23,35.06,93.91,2.27,6.58,4.18,6.94,1,13,417718.8613,1,0,0,0,0,1,0
1192,604.96,4.096795035,1,511.42,36.02,6.11,47.66,2.78,92.78,2.12,6.45,2.27,5.91,1,1,91640.00098,0,0,0,0,0,1,0
106,924.7,1.0,4,918.36,34.02,8.07,82.47,1.9,88.95,1.6,3.47,5.94,7.09,1,17,187464.9641,0,1,0,0,1,0,0
1484,550.0,1.614249279,3,21.78,53.89,5.09,36.83,26.37,86.5,1.11,4.34,1.85,0.59,1,11,92027.62242,0,1,1,0,0,0,0
5761,865.23,2.379634321,3,519.56,21.44,9.01,45.04,7.5,89.93,1.76,4.74,5.93,6.92,1,6,286397.2444,1,1,0,0,0,0,0
350,826.42,2.507471586,3,549.53,39.7,5.31,87.64,16.22,89.16,1.23,2.02,7.64,5.92,1,21,157010.9117,0,0,0,0,0,0,0
4019,550.0,2.528678424,4,420.07,8.48,7.05,36.55,6.65,93.22,1.71,4.12,2.0,7.48,1,15,299630.0425,1,1,0,0,0,1,0
1260,1173.08,1.370638689,2,796.16,8.1,4.42,11.68,13.8,99.9,1.55,5.84,9.62,10.0,1,9,90378.47114,1,0,0,0,1,0,0
48,732.21,2.389982559,2,102.03,0.35,6.63,20.33,19.03,91.18,1.26,3.02,3.0,5.53,1,21,164179.0173,1,1,0,1,0,0,0
6091,1085.52,1.177774041,4,83.35,61.43,7.2,53.18,27.8,90.82,2.3,3.91,0.32,5.22,1,4,219137.0148,1,0,0,0,0,1,0
4808,1345.29,2.257312976,4,1189.16,46.43,10.0,64.55,24.45,95.33,1.93,6.83,10.0,9.03,1,6,474184.5311,1,0,1,0,0,0,0
1443,550.0,2.279051647,2,33.57,36.28,4.75,85.2,15.28,89.68,1.07,3.34,5.02,3.34,2,33,75275.05151,0,1,0,0,0,0,1
6570,1891.21,1.470098013,4,490.88,11.61,10.0,43.04,0.36,95.78,1.07,5.6,4.41,3.54,2,6,417635.8399,1,0,0,0,0,0,0
4251,550.0,4.155280157,3,720.12,35.58,10.0,15.37,9.66,90.3,1.26,4.9,10.0,6.24,1,9,341530.2789,1,0,0,0,0,0,1
5551,1494.74,2.148945622,3,364.06,3.71,6.85,96.74,41.28,99.9,1.7,3.34,1.64,5.21,1,13,300835.6471,1,1,0,1,0,0,0
6706,591.37,2.029390343,5,611.89,31.45,5.53,39.34,8.41,91.92,1.53,4.65,5.43,5.03,1,18,283575.2839,1,0,0,0,1,0,0
2511,1114.19,1.307240625,3,533.56,18.94,7.94,49.83,28.67,94.97,2.06,7.29,7.36,5.68,1,19,223304.4713,0,0,0,1,0,0,0
5220,1866.75,4.206168344,3,298.67,16.52,8.15,17.97,2.07,92.63,1.33,8.57,3.04,6.58,1,17,533741.489,1,0,0,0,0,1,0
3608,550.0,2.818082193,4,547.29,39.86,7.99,14.48,19.81,99.9,1.93,4.68,10.0,9.5,1,19,309042.0764,1,0,0,0,0,0,0
6565,1667.96,2.927339375,4,344.67,6.06,10.0,21.56,0.79,94.47,1.63,8.27,6.78,7.38,1,13,548997.0877,1,0,0,0,0,0,1
5993,1064.7,3.333127006,1,853.17,35.88,5.22,12.7,21.35,94.9,1.18,4.21,8.19,7.12,1,22,179523.6945,1,0,0,0,0,0,0
6721,1528.68,1.0,3,113.22,37.26,7.13,27.43,18.1,99.36,1.82,3.23,2.22,5.87,1,10,232647.3393,1,1,0,0,1,0,0
3033,1604.68,1.0,3,336.98,37.45,7.35,88.13,13.4,94.47,1.56,6.04,7.36,3.91,1,19,264346.5566,0,0,0,1,0,0,0
2771,550.0,1.0,1,284.75,30.09,5.88,54.36,26.36,99.36,1.33,2.59,5.23,4.14,2,36,5909.443301,0,0,0,0,1,0,0
6724,1647.58,2.479229465,3,501.87,47.47,7.41,63.7,4.11,86.15,1.58,4.81,9.58,7.0,1,11,510372.4307,1,0,1,0,0,0,1
5087,2398.23,1.954096496,5,717.29,51.98,9.23,11.96,24.16,96.87,2.12,6.04,4.72,3.13,1,14,771160.1723,1,0,1,0,0,0,1
6543,1511.89,3.997280246,3,361.83,20.86,8.16,16.69,12.15,93.86,0.26,6.21,7.91,8.81,1,23,559738.4815,1,0,0,0,0,1,0
2125,1774.66,1.633998293,3,552.28,26.7,7.65,61.73,7.93,98.65,1.86,4.79,1.66,6.19,1,17,317694.2891,0,0,0,0,0,1,1
30,996.16,2.213232111,2,368.3,35.72,5.36,27.83,12.22,87.55,2.04,2.83,1.74,4.29,1,17,219650.7324,1,0,0,0,0,1,0
2306,830.78,4.100380135,3,371.62,39.53,6.18,45.32,18.53,95.88,0.72,3.68,7.87,8.12,1,18,299424.7084,0,1,1,0,0,0,0
1226,598.27,1.0,2,161.96,81.01,5.3,136.4,36.49,92.06,1.51,3.01,2.03,0.5,1,10,218656.5922,0,1,0,0,0,0,0
2329,602.49,1.275701003,2,489.82,19.38,8.12,27.12,28.91,99.9,0.98,2.87,7.7,5.42,1,18,181690.251,1,1,0,0,1,0,1
3413,784.7,1.674432488,2,656.53,6.11,2.33,116.5,13.1,94.07,1.39,0.46,4.17,2.03,1,10,78029.33829,0,0,0,0,1,0,0
5780,1395.04,2.424142183,3,770.71,2.21,7.57,50.88,4.39,95.33,1.42,7.27,8.22,7.44,1,19,463784.5097,1,1,0,1,0,0,0
173,1185.85,3.06422595,2,389.82,49.18,8.07,0.21,10.85,89.4,1.21,7.24,6.62,5.65,1,9,146537.4307,0,0,0,1,0,0,1
2676,749.67,1.58423555,3,762.83,31.52,6.81,17.74,42.55,96.51,1.09,3.08,8.58,2.45,1,21,249140.9594,0,1,1,0,0,0,0
6437,1878.52,1.0,3,243.89,34.68,6.63,12.64,37.96,85.84,1.36,5.77,10.0,7.73,1,15,274975.8439,1,0,0,0,0,0,0
3241,796.53,1.0,4,591.0,59.31,7.19,33.72,39.29,99.9,1.01,6.62,10.0,9.39,1,18,310892.5964,0,0,0,1,0,0,0
5310,1275.35,2.831218179,4,718.87,2.33,6.78,47.5,15.18,92.26,2.13,6.42,7.92,5.09,1,13,534945.6514,1,1,0,0,0,1,0
5908,1477.56,2.958110334,3,354.77,54.42,10.0,5.48,14.8,98.99,0.5,10.0,10.0,8.66,1,14,581847.1356,1,0,1,0,0,0,1
5468,801.85,2.883746245,3,621.36,47.83,7.48,56.13,16.32,93.34,2.21,7.94,5.78,7.62,1,24,246840.9598,1,0,0,0,0,0,1
6843,550.0,1.006369014,6,792.92,3.64,9.17,66.89,20.6,89.34,2.07,3.53,8.19,4.12,1,15,524761.3555,1,0,0,0,0,1,0
807,796.75,2.080707923,1,490.35,61.69,5.31,49.0,2.66,88.45,1.13,3.77,7.31,8.12,2,33,16380.76807,0,0,1,0,0,0,1
1469,1065.62,1.0,4,420.97,23.96,5.1,43.04,7.86,98.35,2.55,5.09,1.35,5.91,1,14,181351.7241,0,0,0,0,1,0,0
3902,2282.45,2.476883881,5,390.68,47.23,7.87,55.99,30.9,92.0,1.14,7.49,5.15,9.87,1,13,732602.835,1,0,0,0,1,0,0
5748,1065.64,1.502989955,3,398.25,21.77,6.68,43.63,3.27,90.97,0.37,3.12,10.0,9.48,1,6,247156.1343,1,0,0,0,1,0,1
5789,1218.48,2.123559782,2,428.84,35.24,7.8,22.73,3.05,99.9,0.69,5.71,8.36,6.75,2,45,348394.5202,1,0,1,0,0,0,0
5070,1242.76,3.143951015,5,351.61,70.57,6.81,36.03,26.88,87.91,2.17,4.52,2.18,6.63,1,16,452685.4072,1,0,0,0,0,0,0
3195,798.52,2.007352347,2,402.75,39.07,6.45,77.18,2.67,88.7,1.8,4.2,4.37,4.36,2,19,154060.5359,0,0,0,0,1,0,0
493,794.96,1.0,3,662.62,62.2,7.12,78.53,28.83,92.03,2.26,3.04,4.7,5.93,1,11,162962.1024,0,1,0,1,0,0,1
1001,550.0,1.480022478,3,93.57,59.07,5.8,1.22,13.89,90.79,0.52,3.86,5.42,5.19,1,25,255244.0831,0,1,0,0,0,0,1
2317,825.43,1.436465832,2,452.41,80.57,7.29,97.62,11.27,87.45,2.44,4.89,4.57,6.4,1,13,32058.49004,0,0,0,0,0,1,0
5345,1069.97,3.006836638,5,281.48,14.14,10.0,15.74,8.6,91.46,1.38,7.59,9.64,8.88,1,11,529077.9175,0,0,0,1,0,0,1
6880,1753.46,1.760012843,4,620.32,56.59,9.12,43.69,2.78,95.71,0.76,8.52,3.12,4.49,2,18,665993.4088,0,0,0,0,1,0,0
972,1394.28,1.0,4,170.79,59.91,8.2,50.15,11.89,84.71,1.02,5.05,7.18,6.68,1,17,169855.6761,0,0,0,0,1,0,1
6794,934.16,2.107325106,3,395.8,20.65,8.75,2.59,24.9,93.09,1.32,5.75,5.98,4.79,1,20,248410.0275,1,0,1,0,0,0,0
5453,1844.34,3.38019233,3,670.38,21.32,7.21,54.25,7.37,96.79,1.66,4.68,10.0,6.61,1,10,408840.4467,1,0,0,0,1,0,0
6077,1608.94,1.23819827,5,378.38,9.82,9.94,18.1,15.37,89.19,1.16,5.9,6.13,2.59,1,20,450645.1165,0,1,0,0,0,0,0
2811,1295.72,1.749304471,2,226.25,24.92,7.87,38.45,5.93,89.09,1.55,5.23,4.48,7.41,2,22,144526.2349,0,0,0,0,0,0,0
384,550.0,1.238066639,1,88.46,39.1,3.42,37.71,37.43,85.48,1.6,2.65,5.29,6.5,1,12,157228.1596,0,1,0,0,0,0,0
4773,715.39,1.224027552,3,398.03,59.49,7.81,57.11,51.46,99.9,1.54,3.47,7.6,8.9,1,18,238108.644,1,0,1,0,0,0,0
4110,1834.29,1.0,4,599.69,21.92,7.35,64.88,26.31,86.8,1.64,4.9,9.06,7.39,1,12,366987.3434,1,1,1,0,0,0,0
1663,645.62,1.173372218,3,451.04,21.4,6.66,42.16,52.21,98.46,2.35,4.89,5.54,6.47,1,17,113315.9328,0,0,0,0,1,0,0
3345,569.26,2.189230206,4,237.75,31.71,6.08,16.11,19.28,97.76,2.33,4.44,2.02,4.15,1,20,153149.2356,0,0,0,1,0,0,0
1701,813.05,1.765101757,2,686.5,27.54,4.04,23.27,6.99,92.49,1.31,3.8,10.0,4.42,1,10,140309.1966,0,0,0,0,0,1,1
4112,1261.09,3.281116906,3,598.7,22.74,6.45,104.42,23.95,93.08,1.65,5.48,5.94,9.35,1,14,308257.1147,1,0,0,0,1,0,0
5584,1637.19,1.0,4,618.26,4.91,10.0,15.44,5.46,99.41,1.13,6.94,7.45,9.85,2,21,399400.4134,1,0,0,1,0,0,1
1058,785.79,2.35816581,3,329.29,29.53,7.7,56.2,4.07,93.31,1.33,5.63,6.6,2.78,1,12,364205.5907,0,1,0,0,0,0,1
640,603.16,1.0,3,282.5,9.15,6.29,2.55,7.0,99.06,1.05,2.21,5.6,4.81,1,16,99885.88677,0,0,0,0,1,0,0
3010,557.05,3.681960978,3,674.88,24.17,5.54,6.9,15.74,98.25,1.09,3.25,1.06,6.13,1,9,270811.8272,0,0,0,0,0,1,1
2813,1070.9,2.070747279,2,683.25,38.34,4.39,76.04,4.25,93.18,1.96,1.96,4.23,7.63,1,16,155629.7633,0,0,0,0,0,0,0
5855,1256.23,1.597889491,5,9.5,59.45,8.51,33.06,6.6,91.82,1.16,7.65,10.0,6.57,1,13,373222.1191,1,0,0,0,1,0,0
6577,1359.74,4.066257231,3,15.23,11.51,6.75,54.11,1.83,96.67,0.23,7.68,9.96,8.09,1,16,938591.8984,1,1,1,0,0,0,0
1186,917.28,1.0,3,662.34,10.57,5.72,8.89,36.92,94.55,1.83,3.27,9.22,3.54,1,16,145771.4042,0,0,0,0,1,0,0
2662,628.32,1.564672464,4,273.04,3.83,8.35,103.47,31.04,94.78,2.07,3.09,4.17,6.9,1,12,115462.1155,0,0,1,0,0,0,1
6262,1558.41,3.892287571,2,318.07,8.92,10.0,41.39,14.66,99.9,0.76,5.98,10.0,8.77,1,12,494507.6377,0,0,0,0,0,0,1
1716,609.92,1.810292101,1,314.15,1.63,2.53,68.06,23.45,93.01,1.87,2.33,2.78,5.09,1,16,180239.127,0,0,0,0,0,1,1
2469,1024.61,1.837755412,2,1089.41,11.38,6.13,40.42,25.56,94.72,1.14,5.59,2.12,4.38,2,37,70528.70648,1,0,0,0,0,1,0
1920,1420.82,1.0,2,1096.99,34.86,5.43,89.91,21.27,97.27,0.7,3.51,4.17,3.47,1,18,215035.111,0,0,0,1,0,0,0
3143,1199.58,1.358450654,1,352.55,66.7,7.25,126.89,7.97,90.84,1.85,1.44,6.79,3.27,1,12,22365.90332,0,0,0,0,0,1,0
6258,901.0,3.411189375,3,35.04,21.19,10.0,4.84,19.49,89.47,1.59,4.62,9.88,7.16,1,13,300686.7158,1,1,0,1,0,0,1
5602,1352.6,1.638701703,3,589.73,12.81,6.6,30.15,24.81,93.06,2.38,4.84,4.49,5.68,1,12,334433.6409,0,0,0,1,0,0,1
585,1440.26,2.886889009,1,565.5,22.41,8.61,30.43,14.68,93.58,1.89,4.68,0.06,7.12,1,6,167601.5968,0,0,1,0,0,0,0
5025,1569.6,1.480978978,3,162.21,7.71,8.69,11.62,27.94,91.87,1.36,3.38,3.87,5.68,1,17,446237.4785,1,0,0,1,0,0,1
6951,550.0,2.570700024,4,899.08,55.0,6.83,1.32,7.44,99.9,2.15,7.64,9.32,9.1,1,10,267714.8,1,0,0,0,0,0,0
76,852.25,1.0,2,522.58,83.85,3.93,149.93,22.48,89.69,1.66,5.26,7.6,4.31,1,19,29838.92482,0,0,0,0,1,0,1
5583,1293.97,3.228414844,5,756.53,9.43,4.1,56.31,2.58,92.03,0.91,4.96,10.0,6.89,1,18,536019.4728,1,0,1,0,0,0,0
2368,550.0,2.572840609,4,323.31,32.52,5.61,25.8,4.81,86.52,1.18,3.87,1.14,0.84,2,20,367980.7315,0,1,0,0,0,1,0
625,611.72,2.470582903,4,77.18,39.03,10.0,25.5,17.74,95.13,1.36,6.28,5.27,8.94,1,7,385719.9817,0,0,0,0,0,1,0
3403,1555.22,1.97079536,3,128.63,67.0,4.35,91.94,22.83,94.7,1.66,3.75,3.17,7.4,1,7,651365.3957,0,0,0,1,0,0,1
3713,812.15,3.658329726,4,599.29,16.87,8.83,29.67,14.0,88.33,2.44,7.48,8.92,4.32,2,44,382256.9195,1,0,0,0,1,0,0
1407,550.0,1.682336391,4,508.69,6.92,7.23,11.45,6.85,94.06,2.11,2.23,10.0,7.9,1,6,158057.8145,0,1,1,0,0,0,1
1905,550.0,1.697980915,3,622.44,45.71,7.18,57.65,13.26,96.1,2.68,2.91,6.65,8.58,1,14,202498.0362,0,1,0,0,0,1,0
4735,550.0,1.723417462,5,267.23,27.71,7.85,54.0,18.65,97.25,2.38,5.5,10.0,7.82,1,17,381913.321,1,0,1,0,0,0,0
375,909.57,1.705259481,3,695.96,9.5,8.84,108.59,38.79,99.46,1.64,5.69,5.56,7.48,1,12,251982.2197,0,0,0,0,0,1,1
80,1420.65,3.002882093,2,897.0,25.05,8.02,125.22,0.55,99.9,1.57,5.41,7.22,7.87,1,13,292933.0497,0,0,0,1,0,0,1
2170,1584.32,1.0,3,757.21,5.91,10.0,86.52,6.41,94.79,1.58,4.56,7.17,8.84,1,13,267225.486,0,0,0,0,1,0,1
4125,1235.19,1.672080951,2,647.86,5.9,5.09,37.48,27.27,95.15,1.31,3.43,0.42,3.5,1,12,213393.376,1,0,0,0,1,0,1
2786,590.02,2.259278585,3,906.82,77.49,6.14,75.04,17.97,99.9,1.75,3.41,1.36,4.85,1,21,183897.2521,0,1,0,0,1,0,0
2793,1356.3,2.04530581,3,1108.87,12.95,8.61,27.97,0.87,99.27,0.59,5.14,10.0,8.45,1,22,407323.1948,0,0,0,0,0,0,1
5975,1526.27,3.669219761,5,670.2,43.73,8.79,37.84,21.98,95.42,1.94,6.34,8.42,5.81,1,22,587826.2903,1,1,1,0,0,0,1
189,956.85,1.0,2,517.38,8.61,6.14,75.24,6.85,97.72,0.81,7.62,9.49,5.41,1,7,117395.2248,0,0,0,0,0,1,0
6726,1156.5,2.155997995,5,708.0,4.54,7.93,13.62,6.92,90.12,1.77,5.93,7.8,8.22,1,4,699575.9511,1,0,0,1,0,0,1
6479,1779.8,1.511563193,3,186.06,20.99,8.87,113.8,17.58,99.9,2.25,6.94,5.67,7.2,1,6,306335.3947,1,0,0,1,0,0,1
6886,562.23,1.944001875,3,438.45,32.09,7.55,54.6,2.55,89.48,1.45,4.3,10.0,9.17,1,23,332453.343,1,0,0,1,0,0,1
5909,1594.79,2.863262762,3,423.56,36.53,7.07,44.55,4.78,96.85,1.44,7.09,9.31,8.36,1,23,461922.6215,0,0,0,0,0,1,0
2059,1032.08,1.118297751,2,530.8,21.44,4.86,4.13,14.57,94.57,1.58,0.27,0.67,6.01,1,8,47457.14311,0,0,0,0,0,1,0
4449,1171.54,1.0,4,739.56,22.8,9.08,53.26,10.98,93.34,0.28,6.53,10.0,9.49,1,12,415743.0665,1,0,0,0,0,1,0
5339,1625.51,2.074598464,4,523.63,22.55,8.29,51.93,21.55,91.87,1.04,9.46,4.87,5.28,1,6,419205.0126,1,0,0,1,0,0,0
2248,550.0,1.274580442,3,167.25,34.45,3.71,60.67,41.96,88.6,1.3,1.89,7.22,4.68,1,9,90666.17682,0,1,0,0,1,0,0
1383,550.0,1.278622873,2,59.73,4.79,8.11,24.42,23.0,97.36,1.2,1.83,6.9,7.02,1,16,18746.27728,0,0,0,0,0,0,0
5014,1486.55,1.430571518,4,781.75,25.92,8.14,87.25,5.74,95.18,1.86,6.45,6.84,6.84,1,15,377296.2196,0,0,0,0,0,0,0
5755,623.38,3.330076288,2,633.51,23.81,8.23,85.21,21.39,89.29,1.71,5.05,6.98,6.66,2,25,193349.265,1,0,1,0,0,0,0
6700,550.0,2.53995782,4,257.76,61.99,8.96,66.89,22.51,99.9,1.72,2.62,7.58,5.27,1,8,328492.6736,1,0,1,0,0,0,0
3476,550.0,2.589423644,4,453.68,64.03,5.18,33.29,21.01,92.04,0.99,4.22,6.28,6.06,2,56,157749.5487,0,1,0,0,0,0,0
6115,1809.95,2.320786626,3,863.25,18.64,8.99,52.65,15.26,91.05,2.8,6.26,4.09,3.34,1,6,349915.3882,1,0,0,1,0,0,0
3106,550.0,1.0,2,743.46,49.68,5.07,50.21,24.7,96.97,0.73,5.09,5.09,2.54,1,25,93880.29821,0,0,0,0,1,0,1
2110,1316.69,1.938191011,4,765.96,36.08,5.08,78.5,17.24,94.47,0.93,4.83,5.73,6.0,1,14,297384.4008,0,0,1,0,0,0,0
240,1335.59,1.605689015,2,566.17,36.23,9.46,5.54,31.97,97.01,1.27,4.66,6.39,3.02,2,24,224453.3926,1,1,0,0,0,1,0
1517,550.0,3.341157623,1,754.56,3.18,5.8,15.95,25.03,92.36,1.66,2.25,4.21,3.78,1,11,87192.80529,0,1,1,0,0,0,0
5528,1779.61,1.0,3,928.87,39.14,6.49,107.07,46.13,97.68,1.37,5.72,4.94,5.94,2,38,344069.1853,1,0,0,0,1,0,1
676,550.0,1.440050139,2,601.51,44.86,5.29,21.57,15.95,91.52,1.72,1.63,3.21,4.51,1,5,98357.67003,0,1,0,0,0,1,0
3702,740.4,2.426292874,4,553.4,12.65,10.0,59.87,15.54,99.9,1.61,5.19,3.2,5.01,1,11,311765.2278,1,0,0,0,0,0,1
6219,1224.89,2.319725789,3,363.34,22.74,7.78,16.55,13.26,94.68,1.5,7.8,10.0,8.55,1,18,537156.3526,1,0,0,1,0,0,0
5636,1004.49,2.730458836,3,656.32,49.4,6.08,35.4,25.98,91.36,2.05,2.84,4.18,3.5,2,18,338166.2128,1,0,0,0,0,0,1
6435,663.24,2.992361499,2,181.82,33.49,6.43,19.88,2.18,92.35,2.31,5.29,6.95,10.0,1,20,266458.2003,1,0,1,0,0,0,0
1382,1044.25,2.221232386,2,910.52,29.77,7.54,83.63,27.18,89.89,1.63,2.35,8.75,7.23,1,14,85755.95573,0,0,1,0,0,0,1
1205,550.0,1.548330817,4,542.59,52.78,4.54,11.52,11.65,95.0,1.35,1.83,6.12,4.88,1,9,128211.193,0,0,0,0,0,0,1
2454,682.34,2.24270723,3,232.87,40.19,8.64,71.93,34.12,89.72,2.09,2.93,4.98,5.02,1,1,88156.55533,0,0,0,0,0,1,0
5253,991.7,3.291201775,4,910.49,24.8,7.58,27.35,22.33,97.4,1.03,3.9,0.4,0.55,2,6,611490.085,1,1,1,0,0,0,0
1027,550.0,1.707638175,4,609.95,28.31,6.26,21.72,14.53,98.91,1.43,2.39,1.28,4.89,1,4,146257.9676,0,1,1,0,0,0,0
1816,550.0,1.0,3,647.11,36.58,7.28,53.14,6.99,97.86,1.45,1.55,6.19,5.31,1,9,126565.1268,0,1,0,1,0,0,0
5878,1299.92,3.254882042,3,344.43,4.53,10.0,46.94,8.29,99.9,1.38,7.84,10.0,10.0,2,29,464370.0251,1,0,0,1,0,0,0
6103,1175.28,1.0,4,557.65,16.35,6.96,39.81,39.11,96.11,1.13,6.8,10.0,9.02,2,41,405737.939,1,0,1,0,0,0,0
3430,1224.95,2.800781728,2,847.58,2.17,7.53,21.96,1.81,95.48,1.86,3.41,1.95,5.92,3,7,219656.7567,0,1,1,0,0,0,0
4795,550.0,3.563851086,2,604.98,13.7,9.77,34.6,12.31,99.34,1.18,9.14,10.0,8.62,1,6,242740.1199,1,0,0,0,0,0,1
2830,926.04,1.0,1,750.91,22.59,6.89,32.98,38.54,97.41,0.84,3.36,6.37,6.3,1,15,42537.09138,0,0,1,0,0,0,1
6239,1777.14,1.0,3,848.92,40.2,9.57,9.19,16.43,96.89,1.23,6.12,10.0,8.71,1,11,362634.6568,1,0,1,0,0,0,0
3055,665.49,1.0,2,98.19,49.37,6.81,79.69,18.46,99.9,2.07,2.79,3.51,4.78,1,16,38016.2341,0,1,1,0,0,0,0
628,839.67,1.0,3,322.07,33.99,7.19,49.21,28.36,90.94,1.19,3.28,4.02,8.68,1,19,121784.5084,0,0,0,1,0,0,1
2373,598.47,2.820892235,2,971.78,55.41,4.03,19.39,28.55,95.88,2.06,0.79,7.9,5.48,1,9,66018.04883,0,1,1,0,0,0,0
5876,1558.39,1.548348695,2,451.96,45.11,5.24,18.19,6.47,93.6,1.28,3.41,4.12,3.48,1,14,388734.3426,0,1,0,0,0,1,0
3070,1095.53,1.0,3,347.73,38.92,7.47,88.28,30.45,92.85,1.72,3.8,5.31,4.8,1,9,130984.8273,1,0,1,0,0,0,1
2367,942.58,1.785692077,3,1014.41,65.54,6.83,7.42,2.07,89.79,1.13,6.1,10.0,7.18,1,1,178890.6482,0,1,0,0,0,1,0
5542,1128.41,3.264974657,2,830.4,39.67,6.0,97.17,13.98,98.23,1.8,2.93,8.08,6.76,1,10,296387.4298,1,0,0,0,1,0,1
1292,1229.67,1.0,2,165.76,57.5,6.39,83.46,16.44,88.68,2.16,4.08,3.65,3.67,1,14,31154.69136,0,0,0,0,0,1,0
6114,1595.83,2.352870804,4,651.27,18.39,8.37,39.87,13.4,90.64,0.99,5.6,10.0,7.61,1,10,488710.0902,1,0,0,0,0,1,0
4948,932.28,1.129672446,4,432.85,42.17,3.76,125.96,7.04,90.84,1.78,6.89,10.0,6.49,1,9,296122.4508,1,0,0,0,1,0,0
2814,687.49,2.650906333,1,79.42,18.56,7.2,40.11,13.11,85.92,0.67,5.27,4.25,5.03,1,21,24060.73397,0,0,1,0,0,0,0
3150,925.34,1.018620531,2,789.6,42.58,6.9,24.8,15.1,95.45,2.12,5.03,4.59,6.16,1,18,77768.09868,0,0,1,0,0,0,0
2826,550.0,1.0,4,650.29,66.22,7.47,8.38,15.05,95.84,1.63,3.03,4.87,4.37,2,9,183550.6214,0,0,0,1,0,0,0
3852,1314.28,3.217797722,4,703.95,8.9,8.02,5.54,14.61,92.72,1.36,5.26,9.71,5.58,1,8,478894.1646,0,0,0,1,0,0,1
2614,1041.16,1.11935841,2,433.62,67.75,5.86,82.52,20.81,94.16,1.2,5.29,7.35,8.92,1,19,32274.08704,0,0,1,0,0,0,1
4048,1137.9,1.877373435,3,627.53,28.49,6.45,33.84,3.52,99.9,1.45,6.86,8.02,8.95,1,7,225194.4602,1,0,0,0,0,0,0
4982,550.0,1.773929937,3,452.68,15.59,5.42,4.33,26.27,86.83,2.22,2.51,6.31,9.22,1,21,204650.7395,1,0,0,1,0,0,0
6398,1163.6,2.558956691,4,414.13,60.33,6.68,71.25,9.58,92.18,2.27,4.81,4.78,5.82,2,24,306637.5129,1,0,1,0,0,0,1
3617,1529.95,3.632248067,3,182.81,41.32,6.33,21.28,16.32,92.75,1.1,9.47,3.52,7.04,1,13,559467.9153,1,0,1,0,0,0,1
6380,1223.42,4.592264307,3,821.98,28.1,6.95,76.46,8.35,94.99,2.3,3.98,5.13,5.38,1,13,441622.9326,0,0,0,0,0,1,0
1654,617.7,2.589370728,1,207.87,43.92,4.25,67.16,22.0,89.72,2.22,4.35,8.53,8.67,1,12,31268.77384,0,0,0,0,0,1,0
140,835.7,2.350892168,3,165.64,9.56,2.03,57.16,31.11,92.54,1.97,0.97,1.17,4.13,2,25,215361.784,1,0,0,0,0,0,0
1589,812.92,2.334141309,3,212.02,55.64,6.77,2.86,7.83,98.55,1.48,5.19,6.8,6.44,1,12,293960.1251,0,1,0,0,0,0,0
2496,746.61,2.720435151,1,512.08,1.57,4.98,86.4,13.91,99.78,1.95,3.41,5.38,3.27,1,13,10462.55234,0,0,0,0,1,0,0
4037,1499.31,1.83259721,4,653.16,15.67,10.0,70.9,12.31,95.07,1.03,5.11,6.62,9.48,1,12,375804.5889,1,0,0,0,1,0,0
6912,1180.31,2.147470832,5,712.91,49.16,6.51,35.71,10.45,92.78,1.22,4.65,4.44,5.81,1,15,414414.7761,1,0,0,1,0,0,0
4916,1591.04,2.806040599,3,437.0,33.29,9.4,59.34,4.36,88.13,1.83,7.45,4.9,7.76,1,13,376414.6831,1,0,0,1,0,0,0
5968,1145.69,1.856152547,4,838.22,37.55,7.69,85.09,20.07,89.15,0.68,10.0,7.96,9.81,1,18,459830.0903,1,0,0,0,1,0,0
1069,1051.25,3.889551333,2,602.87,32.64,9.57,14.07,19.95,91.3,1.82,6.46,3.86,6.4,2,40,325816.8113,0,0,0,1,0,0,0
1136,550.0,1.0,2,187.32,39.29,10.0,33.51,12.31,89.05,1.64,5.71,7.57,7.57,1,14,38836.08427,0,0,0,0,1,0,1
4325,1607.44,2.1145727,3,540.91,30.53,9.27,29.46,15.68,85.86,1.81,6.26,8.72,5.4,1,8,287814.3438,1,0,0,0,1,0,0
999,774.15,1.0,3,294.12,51.73,5.81,7.59,5.71,89.75,0.85,0.53,3.57,2.58,1,21,239771.7815,0,0,0,0,1,0,0
2715,984.81,3.16477087,1,235.71,26.63,6.35,64.0,9.93,87.05,1.89,4.53,10.0,6.47,1,17,165455.5678,0,0,0,0,0,1,0
3200,1283.06,1.578836827,3,108.24,51.64,8.06,50.41,5.6,91.4,1.94,4.63,5.25,6.58,1,21,255199.7603,1,0,0,1,0,0,0
6429,1204.06,3.22036197,3,166.04,13.49,7.31,46.81,7.9,88.57,1.91,6.34,7.67,5.0,1,17,297537.124,1,0,0,0,0,1,0
24,550.0,1.0,3,934.49,18.12,3.52,38.92,34.32,90.02,1.29,0.78,10.0,8.05,1,2,-850.6548876,0,0,0,1,0,0,1
2149,650.07,1.957075227,3,2.2,57.1,5.96,70.17,32.18,93.66,1.37,4.43,7.66,8.55,2,36,209121.3274,0,1,1,0,0,0,0
4724,1835.01,2.44965294,3,842.08,33.75,6.65,40.01,36.46,95.01,1.53,5.46,8.26,8.37,2,20,635711.5379,1,0,0,0,0,0,1
261,992.02,1.0,3,703.47,23.18,4.86,50.96,18.7,96.88,2.72,6.05,6.31,5.43,2,6,112762.2769,0,0,0,0,1,0,0
3910,2393.06,3.673648726,4,402.17,48.55,8.01,48.25,23.63,92.1,0.59,8.06,9.14,8.71,2,21,773039.6452,1,1,1,0,0,0,1
3040,1332.33,1.004757946,2,712.34,30.33,5.14,18.47,3.48,95.2,1.37,3.27,9.73,7.29,1,19,149228.4176,0,0,0,0,1,0,0
3297,550.0,1.223181829,3,430.67,30.91,7.17,71.45,23.98,96.57,1.84,6.4,9.03,7.63,1,16,150534.813,0,0,0,0,0,1,1
5938,915.19,3.338754926,3,426.52,62.33,6.01,33.73,7.33,97.68,2.76,5.1,4.75,6.28,1,13,348145.7524,1,1,0,0,0,1,0
2422,550.0,1.0,4,639.38,13.24,5.77,43.64,30.22,91.29,1.24,0.44,5.68,3.5,1,7,96201.73187,0,0,0,0,0,1,1
3490,918.86,1.0,1,555.33,15.57,5.97,60.72,37.6,93.33,1.61,1.06,2.91,6.0,2,18,29396.91906,0,0,1,0,0,0,0
3609,1199.21,1.624684726,2,562.34,66.9,6.68,59.89,39.01,84.63,0.82,6.35,10.0,8.53,2,30,236476.2493,1,1,0,0,0,0,0
1695,837.24,2.252850066,3,159.38,57.1,9.6,66.66,11.59,85.65,2.33,5.71,6.15,5.76,1,11,118832.4867,0,0,0,0,0,0,0
8,550.0,1.0,4,603.68,5.03,5.78,104.34,42.05,98.26,2.35,3.54,7.12,6.4,1,19,53649.98602,0,0,0,1,0,0,1
1066,1457.32,1.455427405,3,742.46,45.73,4.9,9.24,36.09,98.31,1.46,4.03,0.8,1.89,1,8,236965.1233,0,0,0,0,1,0,0
1902,1615.64,1.983670774,1,335.89,53.26,6.55,24.67,8.71,92.61,1.56,0.24,3.48,3.4,1,19,126330.7438,0,0,0,0,0,1,1
4985,1791.41,1.0,5,584.62,45.68,7.49,80.21,11.7,93.87,1.84,5.24,7.56,5.44,1,18,642660.1731,1,0,0,1,0,0,0
1713,1653.37,1.376958171,3,887.74,15.4,10.0,79.82,17.81,99.9,1.81,7.06,1.41,5.95,2,45,218539.0447,0,0,0,0,1,0,0
3061,1418.77,1.0,3,114.07,41.07,7.84,46.15,16.7,88.53,2.35,6.61,8.9,9.73,1,24,368165.8975,0,0,0,1,0,0,0
400,695.98,1.0,4,885.73,18.15,9.4,2.25,15.9,94.86,1.9,4.23,9.81,9.19,1,15,218269.7856,0,0,0,0,1,0,0
6002,912.66,2.653627323,4,888.72,13.39,8.23,50.58,18.85,97.31,1.48,7.33,6.42,8.07,1,10,409823.2009,1,0,0,0,0,1,1
6289,569.54,2.120632388,3,347.87,39.59,3.11,29.78,12.98,99.9,0.75,2.2,6.67,5.81,1,21,244746.6753,1,0,0,1,0,0,1
1994,550.0,1.359995531,3,467.52,40.7,7.82,23.37,6.58,98.99,1.66,6.34,7.84,10.0,1,14,187715.6386,0,0,0,0,1,0,0
1539,550.0,1.364638817,3,678.54,11.66,6.18,74.67,21.57,95.06,0.87,1.06,2.21,3.64,1,18,112741.7401,0,0,0,0,0,1,0
6442,1452.3,2.608527841,3,433.51,45.29,6.01,46.3,12.0,89.47,1.94,6.36,0.64,2.64,1,19,402262.4583,1,0,0,0,0,1,0
4134,1612.72,1.845366411,3,1324.12,43.94,9.09,13.92,1.02,99.78,0.69,10.0,2.73,6.85,1,15,503324.3122,1,0,1,0,0,0,1
864,550.0,1.918357534,2,833.86,9.43,8.03,83.26,9.38,96.49,1.23,4.72,7.73,3.84,1,16,7898.485182,0,0,1,0,0,0,0
6736,903.59,4.01017865,5,341.22,14.71,8.28,11.44,31.17,99.39,1.02,8.24,5.43,5.98,1,15,516332.3702,0,0,0,1,0,0,0
2433,888.39,1.030126788,4,735.31,29.2,8.08,9.77,49.6,94.64,1.67,6.16,4.55,5.01,1,16,176589.6715,0,0,0,0,0,0,1
6118,1147.25,2.587702679,2,276.55,66.28,8.26,20.52,13.5,91.07,1.83,7.75,7.5,4.83,2,21,285921.8121,1,0,0,0,0,1,1
4303,1140.2,2.276009307,3,441.71,33.81,5.78,40.89,3.4,88.79,2.01,2.72,5.79,5.9,1,11,247131.6911,1,1,0,0,0,0,0
3328,642.36,1.348362691,3,505.06,23.25,8.04,9.28,11.26,96.05,1.76,3.45,10.0,8.48,1,12,132672.1313,0,0,1,0,0,0,0
3101,618.1,2.254378747,3,698.28,17.55,6.4,114.43,37.75,99.9,2.01,6.15,7.18,5.95,1,10,168069.2967,0,0,0,0,0,1,0
3362,550.0,2.177793579,1,463.41,23.73,8.01,13.78,0.49,99.9,1.45,2.92,5.35,8.87,2,21,156635.1808,0,1,0,0,0,1,1
2568,1508.28,1.0,2,323.23,32.39,4.65,78.59,26.43,88.92,1.49,2.68,3.63,8.81,1,20,180885.3671,0,1,0,1,0,0,0
5910,1487.0,1.0,4,806.68,31.53,8.98,35.92,3.82,94.64,1.95,6.42,8.54,8.74,1,13,284204.8479,1,0,0,0,0,0,0
890,550.0,1.0,3,382.66,32.19,4.37,5.84,3.46,99.9,1.9,4.28,0.83,1.89,1,8,70647.32501,0,0,0,0,0,1,1
4765,1314.28,4.608853207,4,959.01,20.57,9.13,24.91,33.99,98.67,1.44,8.73,10.0,10.0,1,15,733192.082,0,1,0,0,0,1,0
4947,767.25,1.0,5,25.4,21.67,7.63,56.11,18.14,94.33,1.98,4.4,8.7,4.66,1,13,388230.8962,1,1,0,0,0,0,1
5613,1803.59,4.567592551,2,136.85,8.95,7.77,4.28,10.05,90.99,1.72,8.49,10.0,10.0,1,5,662457.7859,1,1,0,0,1,0,1
698,709.6,2.210287094,4,620.74,48.03,5.61,135.99,35.75,95.62,0.64,6.3,5.99,7.31,1,19,271168.2068,0,0,0,1,0,0,0
4139,897.9,2.325945502,4,878.38,41.81,6.31,108.37,23.31,96.31,2.24,3.44,9.83,2.75,1,5,214567.9897,1,0,0,0,0,0,1
293,768.03,1.711265999,3,647.89,33.47,6.09,17.75,50.11,87.96,1.9,3.18,0.62,4.35,1,10,168849.9977,1,0,0,0,0,1,0
4519,600.25,1.384366953,4,641.45,19.99,6.48,43.35,20.55,92.12,1.78,6.01,9.18,6.61,1,10,262857.0748,0,1,0,0,0,0,1
4055,861.09,1.690478407,3,259.3,32.52,6.51,27.87,16.96,87.79,1.32,4.73,1.74,4.2,1,21,208541.3904,1,0,1,0,0,0,0
4990,1535.89,2.870609621,1,41.47,32.61,6.6,6.54,0.29,94.7,1.53,6.27,3.27,5.87,1,14,450037.645,1,0,0,1,0,0,0
2724,550.0,1.38115358,2,198.3,47.9,5.42,7.12,21.73,88.88,1.24,2.55,3.02,5.69,2,18,27317.0673,0,1,1,0,0,0,1
2297,693.72,1.863984941,2,867.88,27.4,5.79,6.11,15.4,92.96,1.8,3.75,2.65,6.08,1,9,70311.93644,0,0,0,0,0,1,0
5079,550.0,3.354694913,4,535.11,28.57,9.6,21.35,4.71,89.77,1.19,5.7,2.73,2.63,1,15,294755.6216,1,0,0,0,1,0,1
3788,1831.13,4.003481479,4,653.65,36.81,9.51,1.77,8.54,97.13,1.11,8.64,6.21,4.62,1,9,780849.8949,1,0,0,0,0,0,1
4041,1322.55,2.973524891,3,818.06,6.72,9.55,9.27,1.49,99.9,0.65,6.98,10.0,8.47,1,20,517766.1693,0,1,0,0,0,1,0
1112,550.0,2.212244571,4,799.8,30.89,6.61,6.82,12.21,92.95,1.41,4.97,6.49,5.31,1,5,250439.1841,0,0,0,1,0,0,0
631,1456.13,1.0,2,505.8,18.49,7.45,17.64,18.58,93.8,1.82,3.6,0.91,6.13,1,11,124572.3536,0,0,0,0,0,0,0
212,991.61,1.616237939,3,630.77,26.79,6.92,3.28,28.1,96.33,2.02,3.39,7.22,6.31,1,8,100327.5164,0,0,0,1,0,0,0
4054,1366.41,1.765564672,4,1067.16,0.58,8.85,26.46,22.74,97.09,1.33,5.8,7.08,7.68,2,28,371832.5018,0,0,0,1,0,0,0
6408,1276.83,2.614374701,2,537.85,20.29,3.43,94.43,1.32,94.24,0.65,6.51,5.63,4.68,1,13,305052.8163,1,0,0,0,0,0,1
1609,615.55,1.457482659,4,286.22,41.23,6.94,43.96,11.08,96.66,2.08,4.35,8.13,3.24,1,16,235603.6163,0,0,1,0,0,0,0
6856,923.99,1.946629209,3,358.02,21.18,7.71,15.02,15.61,94.78,1.19,5.26,9.72,7.0,1,20,416903.0959,1,1,0,0,1,0,0
5957,1269.88,1.86315282,4,398.28,37.55,8.86,21.65,4.05,90.08,0.94,6.57,8.5,5.32,1,15,612606.1311,1,0,0,0,0,0,0
2376,550.0,1.419367896,4,47.13,52.34,6.4,6.51,3.06,87.83,1.64,3.45,1.76,3.61,1,10,36642.59771,0,1,1,0,0,0,1
198,991.12,2.694417042,4,337.75,14.97,6.42,59.7,36.56,84.24,1.16,5.13,4.59,6.24,1,18,439363.528,0,0,0,0,1,0,1
6329,1386.69,1.0,4,754.54,36.86,5.23,37.65,2.96,90.24,1.39,5.14,7.44,6.96,2,46,324999.3779,0,0,0,0,1,0,0
3781,1099.56,1.507324874,3,432.09,31.18,7.66,77.51,16.49,92.35,1.5,4.39,3.57,6.43,2,23,343415.2069,1,0,0,0,0,1,0
6892,2157.15,1.012467163,3,1365.4,8.59,5.32,4.12,2.39,87.44,0.82,3.78,4.62,4.21,1,13,482252.8017,1,0,0,0,0,0,1
6203,1246.98,3.85892386,3,710.19,20.91,8.3,39.32,13.98,95.99,1.49,6.63,7.95,7.88,1,24,522610.8574,1,1,0,0,1,0,0
4619,1630.18,1.677553742,4,513.19,3.33,7.62,15.92,3.15,97.79,1.41,8.13,6.1,6.16,1,17,544151.2653,0,1,0,0,0,1,1
6997,1026.36,2.077177212,5,149.31,0.1,8.81,31.79,11.59,94.57,1.45,4.98,7.47,2.96,1,13,380555.4939,1,0,1,0,0,0,0
6015,1578.91,2.589724793,5,733.34,32.98,10.0,8.52,0.65,92.02,1.11,7.33,6.78,8.26,1,13,599235.9087,1,0,0,0,1,0,0
3944,1300.3,3.978954708,4,467.71,8.64,5.12,50.9,3.89,97.01,2.2,6.66,2.2,5.94,1,10,670051.6672,1,0,1,0,0,0,1
1934,701.27,1.318978184,3,118.84,40.07,7.28,112.47,29.39,96.42,1.12,8.49,5.54,7.66,1,11,68722.38217,0,0,0,0,0,0,1
3535,1513.75,1.997456409,4,462.52,31.62,7.28,32.43,32.14,98.58,1.72,2.59,5.66,7.39,1,10,457800.9591,0,0,0,1,0,0,0
570,550.0,2.480632076,3,851.92,54.42,7.51,2.22,19.67,94.39,1.66,3.29,6.49,4.41,1,9,108170.334,0,0,0,0,0,1,0
4786,889.12,3.597985005,3,682.57,20.27,6.98,12.41,19.68,92.18,2.77,7.31,9.43,9.22,1,14,341024.821,1,0,0,0,0,1,1
3141,550.0,1.055519184,2,712.54,5.47,5.73,18.44,10.86,95.68,1.2,3.05,8.81,9.62,1,16,9325.027649,0,1,1,0,0,0,0
5058,1558.28,1.580635708,4,1044.53,8.58,9.53,27.23,4.62,87.25,1.39,7.34,9.83,9.18,2,60,448783.5098,1,1,1,0,0,0,1
3728,1096.37,2.867166487,4,515.33,75.94,8.3,8.97,6.01,87.0,1.12,7.23,6.34,4.95,2,10,532327.9057,1,1,0,0,0,0,0
2631,550.0,1.012689651,2,387.23,45.88,4.64,73.98,15.75,92.71,0.62,3.47,0.47,3.01,1,16,110717.4951,0,0,0,1,0,0,0
295,556.89,1.033350435,2,715.67,12.97,5.55,36.6,8.29,89.99,1.68,2.88,9.45,6.94,1,10,87166.50157,0,1,0,1,0,0,0
3171,1408.17,1.0,2,104.69,51.51,6.75,11.51,0.21,99.67,2.08,7.21,3.43,7.12,1,12,153802.9374,0,0,0,0,0,0,0
2876,898.42,3.252616529,2,753.79,30.12,4.67,56.46,14.5,93.59,1.65,5.03,6.72,7.81,1,12,120748.8991,0,0,0,0,0,1,0
5292,1519.25,1.0,3,502.67,45.85,6.9,75.78,12.03,95.02,0.65,5.5,3.27,4.12,1,14,385218.3513,1,0,0,0,0,1,1
6053,1049.45,2.4941456,4,1036.44,59.32,7.12,63.59,5.22,98.08,1.79,7.17,8.43,5.69,2,6,361044.3559,1,0,0,0,0,0,0
5298,1686.26,2.545749249,3,631.84,24.09,7.37,18.49,4.16,89.98,1.84,5.09,10.0,10.0,1,10,371212.8715,1,1,0,1,0,0,0
4348,785.66,2.081815873,4,202.36,1.52,9.2,76.79,13.36,89.5,1.26,3.24,6.36,6.17,2,46,276838.2444,1,1,0,0,0,1,1
4917,1546.52,2.451480384,3,1163.94,39.93,9.04,50.75,4.53,92.57,1.43,6.25,5.64,10.0,1,18,390662.0639,1,0,0,1,0,0,0
3310,620.11,1.0,2,192.09,24.03,6.3,92.6,29.23,96.27,2.51,0.75,6.18,7.01,1,12,14381.7207,1,0,0,0,0,0,0
1204,612.66,2.315119915,2,139.13,34.45,5.53,46.62,33.21,97.28,1.6,6.82,6.77,4.91,1,10,145865.2334,0,0,0,0,0,1,0
5594,1583.22,3.408219128,5,600.23,14.12,10.0,19.29,0.89,99.9,0.82,5.35,6.18,4.57,2,27,853030.4754,1,0,0,0,0,1,0
567,1015.18,2.29336767,1,568.72,36.93,7.51,25.05,33.12,95.04,1.33,2.83,0.83,5.7,1,12,-3168.778528,0,0,0,0,1,0,0
2446,1508.84,1.0,3,784.12,7.72,9.25,75.57,28.88,99.9,1.62,7.35,4.67,5.53,1,14,209907.9526,0,0,0,0,0,1,0
3000,891.4,1.924846261,2,81.12,43.9,5.65,14.24,17.72,91.52,0.59,4.4,8.22,5.76,1,9,81300.68235,0,0,1,0,0,0,0
2439,550.0,1.0,3,460.4,48.0,6.0,53.97,35.89,93.23,1.74,4.92,6.07,6.9,1,-1,20160.76292,0,0,1,0,0,0,0
5341,1457.4,1.705154649,4,632.63,6.85,7.26,45.37,26.11,98.26,1.05,5.23,7.95,5.52,1,21,535063.6694,0,0,0,0,1,0,0
6793,1561.99,1.027405597,4,685.8,16.12,9.08,95.77,48.15,94.11,2.05,5.08,8.96,7.91,1,11,322262.7483,1,1,0,0,1,0,1
2085,1089.42,1.0,3,231.1,38.1,6.51,23.52,13.56,98.39,1.61,1.9,3.74,5.59,1,16,150867.1971,1,0,1,0,0,0,0
2509,550.0,3.797646934,3,644.33,29.23,9.05,0.02,12.27,95.34,1.05,6.06,2.74,7.35,1,15,165146.6065,0,0,0,0,0,0,0
3623,1146.53,2.241412797,4,493.91,32.84,8.67,38.74,11.25,92.68,0.31,7.76,9.96,6.08,1,27,452280.9146,1,0,0,0,0,1,0
5441,1663.19,4.77939971,1,676.05,35.23,7.93,44.79,2.56,98.73,0.81,7.14,3.91,8.61,2,34,472001.8823,0,0,0,0,0,0,1
6644,878.26,2.802022319,2,492.01,23.87,3.34,46.25,8.13,88.33,2.38,2.75,6.55,4.61,1,16,301147.7313,1,0,0,0,1,0,0
1645,1581.77,1.714548057,3,847.84,22.96,8.86,38.8,19.05,96.94,1.6,7.32,7.42,7.51,1,24,344310.3892,0,1,1,0,0,0,0
4587,1436.09,2.692111123,4,587.68,29.05,7.51,5.69,8.44,90.56,1.76,6.86,5.14,7.86,1,9,366702.7872,1,0,0,0,0,1,1
3815,1398.64,1.0,3,117.0,24.14,10.0,48.19,4.22,88.66,1.39,7.43,8.36,9.9,1,10,374371.9442,1,0,1,0,0,0,0
6770,2269.73,1.794955607,2,392.97,82.91,8.45,2.87,30.98,92.58,2.26,6.42,7.4,5.24,1,9,448007.7042,1,1,0,1,0,0,1
750,1157.16,1.769215099,3,344.06,38.0,6.34,32.79,33.59,99.9,2.47,5.4,8.7,5.88,2,34,51671.67433,0,0,0,0,0,0,0
1161,1622.48,1.0,3,968.39,18.41,4.57,31.52,0.92,91.53,1.17,6.15,5.19,8.28,1,4,206086.0935,0,0,0,1,0,0,0
4001,837.88,2.325056594,4,1011.85,36.58,10.0,21.1,12.98,94.71,1.11,6.52,2.42,3.69,1,8,353943.5333,1,1,0,0,0,0,1
2074,1435.02,1.117874516,2,820.63,49.85,4.33,43.35,0.23,95.63,2.37,5.22,2.33,6.57,1,14,149189.4196,0,0,0,0,0,1,1
277,550.0,3.037275589,2,95.2,18.75,7.06,29.56,15.8,85.79,1.08,4.48,2.21,5.18,1,10,63792.0516,0,0,0,0,0,0,0
4254,933.75,2.205155307,4,918.93,33.12,10.0,50.43,5.23,94.39,1.58,7.11,8.33,6.48,1,19,322777.4682,1,0,0,1,0,0,0
1146,694.97,1.576551806,3,489.78,66.84,5.53,48.91,21.78,87.59,1.43,2.0,3.69,5.98,1,14,233305.0603,0,1,0,1,0,0,0
294,884.98,2.001241365,2,618.22,50.67,3.4,32.41,26.17,97.05,1.63,2.12,3.68,4.14,1,-4,24064.32264,0,0,0,0,0,1,0
977,1722.21,1.039936909,3,397.88,47.86,10.0,24.29,8.57,99.9,1.28,6.82,8.56,10.0,1,14,375819.9674,0,1,0,0,0,1,0
4355,1643.35,3.588992795,3,546.83,34.01,5.77,29.02,14.47,96.88,1.81,6.81,1.92,5.09,1,13,409589.8859,1,0,0,0,0,1,0
1761,550.0,1.173425488,3,746.43,46.2,7.06,113.42,0.72,90.73,1.96,4.23,10.0,6.48,1,11,131907.532,1,0,0,0,0,1,0
3018,1119.65,3.17511348,2,880.94,23.73,6.46,164.41,30.22,95.82,1.31,6.09,5.76,3.97,1,14,285349.259,0,0,1,0,0,0,1
1168,1442.29,1.0,3,549.36,9.6,5.83,93.97,6.74,92.4,0.48,4.22,1.81,6.71,1,11,308168.5753,0,0,0,0,0,1,0
3517,1544.53,1.314622595,4,677.97,2.88,10.0,17.8,13.3,99.9,0.98,5.96,6.33,7.01,1,4,412579.9944,1,1,0,0,1,0,0
2314,987.04,1.0,3,504.71,20.03,2.95,2.97,25.88,98.37,1.63,2.16,5.13,7.64,1,7,111914.3067,0,0,0,0,1,0,1
3324,1964.4,1.0,2,929.31,46.62,5.14,84.11,4.72,88.14,1.16,5.17,1.32,4.98,1,19,221933.8457,0,1,0,0,1,0,0
3545,708.49,1.448687239,4,937.85,34.27,7.56,41.12,0.51,89.85,1.74,4.11,10.0,8.43,1,1,393959.0545,1,0,0,0,0,1,1
6783,1820.82,1.475709256,4,94.82,31.5,7.02,57.62,12.11,96.25,1.05,4.24,7.99,4.37,1,14,807154.6347,0,1,0,0,1,0,0
6367,846.38,3.703378443,2,842.59,70.69,3.12,96.49,1.54,91.13,1.54,4.54,5.36,2.25,1,11,381104.8052,1,0,1,0,0,0,0
1369,550.0,3.238557123,2,431.24,20.6,4.93,44.4,16.91,91.98,1.29,4.48,4.76,7.01,1,13,100117.1169,1,0,1,0,0,0,0
5611,1262.48,2.902647069,4,243.41,70.45,10.0,28.05,35.69,92.22,1.45,5.0,7.62,5.46,1,9,444494.4906,1,0,0,0,0,1,0
904,1186.48,2.542308504,2,672.77,85.44,4.04,48.44,38.96,89.3,1.31,7.31,7.4,5.57,2,24,191579.6035,1,0,0,0,0,1,0
4609,1250.06,2.43829604,2,536.38,17.66,5.36,99.15,18.13,89.97,1.94,4.14,8.98,8.54,1,3,224368.8809,1,1,0,1,0,0,1
4163,1312.83,2.053065884,4,1178.25,15.58,8.6,47.61,18.27,94.58,1.39,7.31,3.38,3.59,1,0,334746.9435,1,1,0,0,0,1,1
2585,1278.89,1.0,3,754.9,33.99,6.24,61.85,0.73,86.26,1.51,6.48,5.84,4.87,1,27,334471.8559,0,0,0,0,1,0,0
5873,1360.17,2.608074524,3,237.51,18.24,7.76,73.41,7.49,92.08,2.62,6.63,6.92,5.65,1,13,351649.5498,1,0,0,0,1,0,1
5693,1460.59,1.631921292,4,736.07,35.94,6.44,29.68,20.99,81.23,1.95,5.32,7.09,6.4,1,22,302065.8269,1,0,0,1,0,0,0
1314,550.0,1.0,2,395.98,73.85,5.24,133.07,10.53,98.44,1.0,2.83,8.89,5.99,1,17,17604.98741,0,0,1,0,0,0,0
4085,890.03,2.807694604,3,620.5,50.83,10.0,82.1,33.8,94.72,1.4,5.85,7.44,4.51,1,12,356440.6443,1,0,0,0,1,0,0
3915,1405.05,1.501829236,4,697.03,38.27,10.0,70.48,14.13,99.9,1.29,10.0,6.37,10.0,1,21,459850.9313,1,0,0,0,0,0,0
1726,550.0,1.0,3,458.89,49.0,4.22,76.35,7.26,90.91,1.02,3.13,2.18,4.51,1,7,16088.93035,1,0,0,0,1,0,0
2357,1434.32,1.0,3,561.62,20.2,6.89,32.5,1.36,90.18,1.69,1.86,0.4,1.46,1,3,151871.6111,0,0,0,0,0,1,0
5647,1692.33,4.090443782,2,812.38,55.26,9.25,20.98,4.59,97.43,1.78,5.76,10.0,8.37,1,17,648046.6656,1,0,1,0,0,0,0
6231,1400.63,3.111827738,5,518.03,11.54,10.0,33.4,9.87,99.9,1.99,7.12,7.88,6.11,1,11,596849.1639,1,0,0,0,0,1,0
6100,1445.76,1.0,3,82.09,3.88,8.61,2.05,21.73,94.81,0.95,6.0,10.0,5.77,1,21,320223.8226,1,0,0,0,0,0,0
5609,1358.27,1.585226027,3,279.96,24.99,9.13,74.8,33.43,86.09,1.74,5.59,2.56,7.39,1,23,249309.6342,1,0,0,1,0,0,0
5857,1569.79,3.182205978,2,533.2,41.49,8.42,8.61,6.62,98.44,1.37,8.26,6.26,5.5,1,13,277148.2561,1,0,0,1,0,0,0
4430,927.64,2.113896922,3,339.42,39.61,7.89,7.24,3.39,98.52,0.67,1.86,6.41,7.29,1,6,320678.213,1,0,0,0,1,0,0
5671,1818.45,1.906214871,3,785.4,25.93,6.38,60.21,38.22,86.66,1.9,7.01,4.6,6.02,1,11,378195.4361,1,1,1,0,0,0,1
1397,920.05,2.575224593,3,981.58,0.13,8.95,61.09,8.48,89.78,1.63,4.97,0.14,4.5,1,16,247944.7338,0,0,0,0,0,1,1
1244,550.0,1.0,4,914.8,46.21,5.99,22.75,49.52,96.71,0.5,4.14,9.59,5.87,1,29,63264.34589,0,0,0,0,0,0,0
833,550.0,3.758245301,2,725.54,65.51,5.39,65.44,37.69,94.59,1.44,1.78,3.08,5.05,2,7,167655.6333,0,0,0,1,0,0,0
149,550.0,1.0,4,499.04,68.61,7.11,31.79,22.87,86.13,1.49,5.05,10.0,4.47,1,14,227155.8673,0,0,1,0,0,0,1
3647,1653.52,2.818510209,2,938.48,39.59,5.1,10.34,24.35,99.9,0.65,6.03,3.92,3.49,1,8,321837.4339,1,0,0,0,0,1,1
2348,550.0,1.0,2,525.01,22.64,5.89,16.43,32.07,88.78,1.49,2.42,2.77,4.63,1,12,117314.6029,0,0,0,0,0,0,0
6711,789.19,3.82440968,4,718.26,37.2,8.42,56.55,19.7,94.27,1.56,7.33,6.69,8.89,1,14,312224.1446,1,1,0,0,0,0,1
184,767.17,1.881860216,3,398.64,34.73,5.52,21.4,6.3,97.08,1.76,6.1,7.38,6.35,1,23,250240.374,1,0,0,0,1,0,0
887,660.3,2.697743385,3,840.21,18.93,7.33,64.21,15.34,93.67,1.68,7.16,6.75,6.37,1,16,304171.233,0,0,0,0,1,0,0
920,1382.35,1.792992068,2,611.37,59.53,5.16,104.07,0.34,99.9,1.56,2.39,4.78,6.39,1,2,151208.2863,0,0,0,1,0,0,0
1487,1464.65,2.000382093,4,243.16,31.63,8.02,43.22,8.04,90.85,1.84,4.39,7.62,8.15,1,12,479917.4985,0,0,0,0,0,1,0
2926,1551.35,1.0,4,814.38,15.43,8.64,58.2,10.13,96.66,0.56,4.39,7.56,5.39,1,8,290627.103,0,0,0,0,1,0,0
3634,1396.47,2.717135803,3,989.85,1.44,6.41,111.41,15.64,97.34,1.63,5.73,1.12,0.89,1,22,352774.319,1,0,0,1,0,0,0
5826,1316.59,2.47108584,4,163.96,20.24,9.21,15.55,1.67,93.89,1.51,7.77,4.03,6.88,1,12,447732.4035,1,0,0,0,0,1,0
6029,1010.97,1.908416341,4,591.17,46.24,6.31,4.23,19.53,99.9,1.37,6.72,9.54,8.19,1,16,302349.1026,1,0,0,0,1,0,0
6486,1805.62,1.0,2,398.34,33.12,8.99,104.0,19.23,99.9,1.12,4.45,9.81,6.02,1,19,260101.8669,1,0,0,0,1,0,0
672,1134.14,3.198921104,2,610.98,44.48,3.87,7.18,32.0,99.28,2.4,3.52,5.89,5.96,1,8,153248.3566,0,0,0,1,0,0,0
1908,828.63,3.500730797,3,459.08,35.9,8.72,58.92,36.29,90.56,1.35,7.06,7.28,4.67,1,4,453892.3027,0,1,0,0,1,0,0
2108,550.0,1.097832252,4,1036.89,50.91,6.59,39.87,14.83,86.54,1.66,6.0,10.0,5.95,2,17,145070.5257,1,0,0,0,0,1,0
2035,1033.23,1.063519303,2,488.34,78.47,3.93,30.72,34.02,85.6,1.08,0.74,6.61,6.6,1,15,12940.65675,0,1,0,1,0,0,0
2231,550.0,1.0,4,189.29,10.67,6.34,77.62,7.42,87.8,2.61,5.92,5.8,6.24,1,20,180738.0461,0,0,0,0,0,1,1
264,1121.1,2.146539487,4,437.81,43.68,7.91,22.44,9.42,99.9,2.05,6.36,4.29,6.38,1,2,234191.1484,0,0,0,0,0,0,1
3299,1184.55,1.892694014,3,413.01,14.94,5.43,28.05,46.05,97.5,1.44,4.3,8.59,6.35,1,6,271209.3783,0,0,0,0,0,1,0
2504,1046.72,1.387192303,1,365.58,7.37,7.18,14.15,14.2,97.97,1.73,3.9,6.73,7.9,1,13,36218.50627,0,1,0,0,1,0,1
4692,1327.58,3.591157149,4,206.74,34.7,8.58,41.98,23.68,92.52,1.89,5.71,2.8,6.51,1,18,480790.5473,1,0,0,0,0,1,0
6687,1119.47,4.598630483,2,1157.72,22.86,5.74,22.65,5.97,89.01,1.68,7.78,5.57,6.19,1,12,382288.287,1,1,1,0,0,0,0
1411,1320.1,2.289294646,3,581.23,25.26,6.06,34.15,1.81,99.54,0.63,6.34,5.52,5.51,1,26,510839.314,0,0,0,1,0,0,1
6536,1108.37,3.448987905,4,454.38,3.17,10.0,48.32,6.5,95.93,0.88,8.92,6.36,10.0,1,12,424925.8694,1,0,0,0,0,0,0
3030,1139.35,1.0,3,237.25,69.01,1.67,29.59,3.13,95.93,2.08,1.6,6.12,7.37,1,25,142218.8048,0,0,0,0,0,1,0
6780,774.57,1.869516446,2,633.56,21.05,7.55,56.93,20.08,92.5,1.11,4.95,9.79,6.88,1,21,184011.7978,1,1,0,0,0,0,1
209,1122.2,1.0,2,207.03,8.49,5.17,28.57,13.84,85.73,0.82,4.11,5.88,7.14,2,28,102190.9602,0,0,0,0,1,0,0
6566,1508.89,2.846405581,3,284.42,43.53,7.67,16.88,6.41,99.9,1.79,5.21,10.0,7.15,1,16,511900.7606,1,0,0,0,1,0,0
2250,550.0,1.0,3,498.66,23.66,7.17,41.49,24.84,86.71,1.51,1.65,9.59,5.76,1,29,18482.40328,0,1,0,1,0,0,1
2395,550.0,1.0,2,158.6,52.1,4.0,2.07,4.46,89.18,1.74,2.32,9.62,4.76,2,32,201105.8535,0,0,0,0,0,1,1
5532,2162.74,4.025994529,4,686.13,58.59,10.0,3.75,5.31,94.29,1.57,6.08,6.28,7.33,1,19,821095.527,0,0,0,1,0,0,1
1500,977.51,1.0,3,1144.03,22.86,7.33,11.24,11.38,96.35,1.76,5.59,4.58,6.03,1,23,135980.2844,1,0,0,0,0,1,0
2291,916.2,1.00207984,4,324.58,2.78,9.57,77.79,26.48,96.32,1.67,4.15,6.59,6.0,1,7,128783.5545,0,0,0,0,1,0,0
1084,618.72,1.32989595,3,454.33,17.5,8.6,48.16,22.42,89.93,1.47,2.37,5.85,6.19,1,10,96846.85444,0,0,0,0,0,0,1
1267,790.99,1.716503755,2,923.93,23.69,3.81,67.83,40.17,90.29,1.28,2.7,7.05,6.53,1,9,33453.91021,1,0,0,1,0,0,0
1109,787.7,2.080613176,2,62.85,53.83,8.06,48.54,21.69,90.61,1.52,3.62,2.34,6.54,1,9,69278.77008,0,0,0,0,1,0,0
3547,897.88,2.791093228,5,292.13,10.98,10.0,39.69,13.39,94.46,1.6,5.25,2.78,3.9,1,11,381114.9193,1,0,0,0,1,0,0
2749,917.22,1.0,2,824.55,43.24,2.98,9.91,20.32,95.64,1.31,3.87,6.2,6.63,1,3,18876.29101,0,1,0,0,1,0,1
3454,1259.57,1.797442992,2,703.53,27.75,5.95,27.51,6.05,96.27,1.92,5.94,5.7,6.21,1,9,183791.8578,0,1,1,0,0,0,0
4730,1201.17,1.807777919,4,533.44,25.32,8.01,102.24,22.76,92.05,0.89,5.83,5.73,2.79,1,9,340006.6616,1,0,0,0,1,0,0
5332,1309.44,3.732471763,3,898.41,8.15,7.36,116.31,31.67,89.49,0.99,4.63,6.67,4.34,1,6,344268.6985,1,0,0,1,0,0,0
2882,1105.58,1.310818587,3,65.68,57.57,5.26,10.64,13.27,92.53,2.66,2.76,0.38,1.8,1,11,18203.24137,0,0,0,0,0,1,0
3437,768.6,1.192520251,2,852.11,41.28,6.2,12.44,10.69,98.92,1.6,4.51,7.13,9.36,1,24,133512.1798,0,0,0,0,0,1,0
5044,911.18,1.605692896,3,938.78,55.34,8.12,4.54,34.5,95.44,1.2,5.31,4.49,2.95,2,22,190092.345,1,0,0,0,0,1,0
3322,1151.89,1.0,2,782.58,70.69,3.03,63.99,22.19,94.01,1.02,3.27,2.47,3.65,1,23,113773.1377,0,0,0,0,0,0,0
3966,730.35,3.501214597,2,414.12,24.48,9.44,41.57,15.76,97.02,2.58,8.82,10.0,9.21,2,16,314024.1738,1,0,0,0,0,0,1
809,550.0,1.0,4,490.07,5.95,6.04,27.34,6.64,91.95,1.89,5.2,4.61,3.52,1,9,33589.50612,0,0,0,0,1,0,1
3170,693.49,1.0,3,558.93,52.08,3.57,21.29,22.61,92.49,2.68,4.09,1.83,3.81,1,9,144311.6148,0,0,1,0,0,0,1
3028,550.0,2.029604326,2,1220.59,6.72,5.38,89.08,55.97,93.22,1.88,6.54,8.61,6.03,1,14,37650.34266,0,0,0,1,0,0,1
2875,763.2,1.365886682,3,121.33,20.11,7.2,97.84,14.43,88.12,1.91,3.18,10.0,7.72,2,35,106026.6879,0,1,0,0,0,1,0
3254,608.77,1.0,4,127.34,35.08,7.0,121.15,18.79,99.64,1.13,1.56,5.17,4.13,2,34,118556.9142,0,0,0,0,0,1,0
3975,2235.66,5.447427195,3,269.14,11.07,7.19,23.3,21.4,88.92,1.33,6.38,8.07,8.29,1,18,706796.877,1,0,0,0,0,1,0
3029,1038.58,1.323930318,2,280.62,45.26,1.97,10.67,36.82,96.08,2.31,2.88,2.43,3.49,2,31,40596.24365,0,0,0,0,0,0,0
6827,1081.25,3.443553489,4,861.93,12.81,10.0,55.59,6.1,92.93,1.77,7.63,1.66,3.45,1,20,360306.3148,1,0,0,1,0,0,1
6471,550.0,1.532514886,2,63.74,20.59,3.44,3.03,38.51,83.24,2.02,0.06,2.21,2.8,1,18,184250.2366,1,0,1,0,0,0,0
51,899.53,2.985726622,3,328.43,4.05,9.92,27.81,16.74,93.74,0.62,5.61,9.12,8.23,2,50,279262.1358,1,0,0,0,0,0,0
6632,744.84,3.085364554,3,393.49,41.18,7.46,16.41,36.97,99.08,0.9,4.45,7.17,8.24,2,31,564174.9546,0,0,1,0,0,0,1
5133,1027.31,1.999898506,2,477.06,8.24,9.01,50.79,12.5,92.45,0.6,4.95,6.48,6.8,1,17,361870.9563,0,1,0,0,0,0,0
4465,1929.33,1.394195228,4,647.55,59.68,9.81,24.92,25.89,98.35,1.04,5.29,8.39,6.99,1,16,681394.5093,1,0,0,1,0,0,0
3154,683.19,1.0,3,293.02,30.63,7.86,59.58,23.7,97.63,0.49,6.01,3.56,5.23,1,8,318268.9499,0,0,0,0,0,1,0
1969,550.0,1.096762423,3,435.35,3.77,3.56,93.9,32.26,91.96,1.27,5.82,2.47,2.51,1,2,21176.56369,0,1,1,0,0,0,0
2713,1252.72,1.0,2,129.72,32.21,5.81,45.15,5.18,93.47,1.14,4.66,8.51,4.47,1,9,196771.9015,0,0,1,0,0,0,0
1362,1541.15,3.570193413,1,289.74,11.97,4.48,24.29,22.73,88.49,1.37,4.85,2.15,2.33,2,21,265568.057,0,0,0,0,1,0,1
1514,690.37,1.0,1,685.37,8.53,4.94,117.74,22.2,96.37,1.22,3.07,5.64,3.69,2,32,91242.42816,0,0,0,0,1,0,0
2152,554.8,4.239725941,2,640.68,41.62,6.66,35.01,0.59,86.36,1.02,2.02,0.1,3.84,1,19,270806.0272,0,1,0,0,1,0,0
6131,1025.74,3.238399722,2,15.99,16.47,6.36,18.84,17.25,91.46,1.76,7.03,6.83,5.19,1,11,296319.1168,1,1,0,1,0,0,1
112,550.0,1.191058646,3,171.47,48.97,5.62,83.77,34.55,92.42,1.94,3.81,3.41,5.68,1,12,142314.3466,0,0,0,0,1,0,0
5945,1152.85,2.571895542,3,56.09,40.22,4.81,66.99,15.07,91.85,2.6,5.47,9.02,4.49,2,35,449518.9726,1,0,0,1,0,0,1
168,550.0,3.258431022,3,516.81,47.88,6.44,90.79,5.09,88.33,1.35,5.57,8.66,6.41,1,11,161310.6784,0,0,0,0,0,1,0
2322,1246.79,3.252466349,2,691.6,11.05,9.5,55.47,20.67,88.28,0.91,5.64,10.0,9.42,1,15,322225.9883,0,1,1,0,0,0,1
5598,1590.37,3.504338905,2,935.42,41.33,6.56,6.28,7.16,94.59,1.61,4.95,6.37,3.66,1,11,360989.438,1,0,0,0,0,1,0
4671,728.9,3.73336677,2,522.87,35.02,6.2,86.95,25.22,90.98,1.85,4.25,7.36,5.12,1,23,187122.5358,1,1,1,0,0,0,0
5372,2263.12,2.970268478,4,696.47,32.5,9.91,43.52,16.54,95.26,1.03,7.79,3.85,5.95,1,16,710752.3884,1,0,1,0,0,0,1
6559,1325.82,2.15991778,2,597.19,1.02,7.99,25.0,3.44,95.77,0.72,4.95,2.12,3.37,2,17,313871.4421,1,0,0,1,0,0,0
6901,1554.05,2.906426836,2,609.36,40.46,6.56,78.22,8.38,99.9,1.27,7.25,10.0,8.97,1,14,380266.5678,1,0,1,0,0,0,0
2602,1809.46,1.0,3,377.13,66.98,4.0,92.87,14.78,92.91,1.53,5.75,9.23,7.5,1,10,214608.3743,0,0,0,0,0,1,1
5652,1196.5,2.906671612,3,181.86,34.28,9.06,10.36,8.77,94.36,0.76,10.0,8.73,2.67,1,11,250528.4637,1,0,0,0,1,0,1
4256,1004.55,1.952284952,3,82.68,4.07,8.66,18.75,21.64,97.75,0.19,4.71,7.22,5.63,1,4,298558.1423,1,0,0,0,0,0,0
1245,550.0,1.325389182,3,756.47,28.51,4.76,53.61,16.83,91.88,2.58,2.04,2.89,6.2,1,12,37237.00617,0,0,0,0,0,0,0
1354,550.0,3.451538043,1,524.74,22.17,6.8,38.63,45.43,98.23,1.91,3.87,10.0,8.27,1,19,55155.82164,1,0,0,0,0,0,0
3758,1531.42,2.729428491,4,1096.88,10.39,4.07,43.79,29.43,87.34,0.86,6.06,3.31,5.06,1,10,576344.4814,1,0,0,1,0,0,1
4235,937.66,2.251633596,2,459.2,42.84,5.23,1.24,17.81,90.94,1.78,4.56,4.35,6.73,1,12,253966.7719,1,0,1,0,0,0,1
1157,840.53,1.139147457,4,710.01,14.97,8.3,107.16,25.62,90.85,1.01,4.79,4.38,6.66,2,25,251433.6852,0,0,0,0,0,0,0
3537,1016.27,4.198771961,2,401.64,39.96,9.31,20.9,31.14,92.1,1.92,7.19,6.57,7.9,1,14,430095.2019,1,0,0,0,0,0,0
5983,1453.4,2.815530366,4,184.76,15.44,6.95,9.37,30.21,96.46,0.96,5.35,7.26,8.1,2,41,410829.9114,1,0,0,0,0,0,1
3326,1359.73,2.713605861,3,831.67,54.02,7.61,48.42,9.9,84.85,2.19,2.84,9.84,5.42,2,25,167078.6188,0,1,0,0,0,1,0
5393,663.07,3.347212475,4,484.75,2.37,5.76,11.6,21.14,92.75,1.75,4.06,6.68,4.61,1,19,403294.7467,1,0,1,0,0,0,0
6942,1212.51,1.360424658,1,1372.63,28.92,4.79,14.8,14.95,91.56,1.55,4.3,5.88,3.41,1,24,243791.4252,1,1,0,0,0,1,0
1115,1632.19,1.412574864,4,514.36,50.26,7.7,34.43,19.81,95.97,1.85,5.87,4.93,5.71,1,22,315079.6267,0,1,0,0,1,0,0
2483,840.88,1.272955428,3,221.11,56.24,4.82,44.96,5.59,91.74,0.95,5.81,4.96,5.34,1,19,188057.7404,0,0,1,0,0,0,1
853,659.64,1.0,3,443.04,38.87,4.04,52.16,8.7,84.6,2.22,3.57,6.3,5.12,1,21,39658.34874,0,0,0,0,0,0,1
6984,1067.29,3.374515218,2,107.05,63.03,6.57,20.22,20.96,94.2,2.71,6.02,4.4,5.17,1,11,271668.143,1,0,0,0,1,0,0
4435,1344.58,3.096885471,4,498.07,74.67,7.65,73.69,4.62,89.34,1.12,2.54,7.43,5.34,1,14,376722.9857,1,0,0,1,0,0,0
6387,907.07,4.24457925,3,475.13,1.62,9.79,75.66,16.14,99.34,0.96,7.42,10.0,6.8,1,8,470215.691,1,0,0,1,0,0,0
2258,550.0,1.0,4,398.65,40.49,6.59,90.84,0.66,92.23,1.86,3.8,9.04,8.56,1,14,81217.33204,0,0,0,0,0,0,1
3899,1579.72,3.107888032,4,89.37,39.68,9.28,51.07,8.63,93.55,1.56,2.36,6.22,7.98,1,23,494665.3942,1,0,0,0,1,0,0
53,862.32,3.684301142,1,224.59,0.17,6.17,13.28,38.71,94.91,0.98,2.85,2.7,7.75,2,29,222800.7207,0,0,0,1,0,0,1
4061,632.87,1.216954356,3,366.7,40.08,4.08,10.57,39.98,86.55,1.76,2.0,2.67,6.34,1,-2,254931.8567,1,0,1,0,0,0,0
6885,1143.1,1.489469318,4,286.66,45.32,7.83,44.78,26.59,96.55,1.39,6.3,6.16,6.44,2,44,193247.5099,1,1,1,0,0,0,1
2177,930.07,1.141800113,1,290.71,30.15,6.13,45.87,19.92,91.91,1.19,3.45,4.51,3.99,1,14,65581.55281,0,1,1,0,0,0,1
6334,2010.62,2.857315408,4,483.35,5.37,8.71,37.36,2.15,94.15,1.65,9.91,7.82,8.67,1,11,753488.3626,1,0,0,0,1,0,1
6396,594.62,2.977797213,2,253.14,45.63,6.23,57.87,37.07,91.47,0.43,6.92,2.79,5.43,2,40,467036.089,1,0,0,0,1,0,1
4715,1363.97,2.76733747,2,504.83,54.68,8.84,4.1,17.74,95.69,0.59,7.14,6.42,4.96,1,14,250639.9627,1,0,0,0,1,0,0
3700,550.0,3.533675222,4,671.69,30.57,7.13,64.78,33.19,86.72,2.27,3.34,3.53,3.94,2,28,433102.013,1,0,0,1,0,0,1
5091,1045.03,2.969448316,3,208.95,21.41,9.12,20.93,3.4,99.9,2.52,6.21,2.64,3.18,1,20,350335.7623,1,0,1,0,0,0,1
2552,783.68,2.430473572,2,540.28,22.14,4.85,28.55,6.84,89.6,2.39,1.52,6.22,3.11,1,18,71403.38347,0,0,0,0,0,1,0
5658,1273.93,2.608640366,4,765.68,47.48,7.07,7.22,10.56,99.9,1.8,5.13,4.41,4.86,1,13,246070.3045,1,0,0,0,0,1,0
2841,1002.74,1.623254392,1,81.65,43.42,6.23,87.01,29.88,99.9,1.7,3.11,2.25,2.65,1,14,18199.65571,0,0,0,0,0,1,0
1212,550.0,1.134051435,1,319.11,51.94,3.4,60.45,28.41,85.77,2.0,1.07,8.73,2.69,2,40,213378.1342,0,0,0,0,0,0,0
4920,1227.87,3.898936682,5,687.69,4.82,10.0,67.44,12.36,98.39,0.82,8.82,10.0,10.0,1,14,735828.2472,1,0,0,0,1,0,0
4263,1572.82,1.556185085,4,447.27,45.01,8.91,59.58,12.41,99.9,1.42,7.06,2.06,6.69,1,3,450274.1817,1,0,1,0,0,0,0
3145,726.54,2.115998555,3,547.76,32.81,7.43,26.82,31.74,95.99,1.78,2.59,5.46,4.45,1,25,137627.9615,1,0,0,0,1,0,0
4448,1543.04,2.653736989,3,602.32,56.85,5.71,57.33,2.73,96.23,1.9,8.17,6.3,8.33,1,7,636907.7521,1,1,0,1,0,0,0
6416,1022.97,1.432806576,3,99.39,43.53,7.58,48.29,29.88,95.78,1.13,6.03,2.39,0.62,1,14,250246.7241,1,1,0,0,1,0,0
6188,1053.98,3.584881803,4,196.0,8.77,9.82,12.67,7.64,96.92,1.62,8.16,8.03,8.34,1,10,473174.0402,0,0,0,1,0,0,0
3848,882.39,3.241552556,5,694.16,23.84,10.0,7.0,12.56,99.22,2.12,6.54,9.62,6.01,1,15,358704.481,1,1,0,1,0,0,1
3994,960.64,2.149745338,4,695.44,13.51,9.16,89.02,9.37,93.2,1.12,5.74,8.84,6.46,1,5,505930.3565,0,0,1,0,0,0,0
6834,926.57,3.649368329,4,138.13,55.14,5.13,84.76,18.63,86.19,1.09,5.81,6.43,6.84,1,12,445181.9618,1,0,0,0,0,1,1
4585,1372.58,1.544609601,4,516.07,2.82,9.14,20.34,24.55,99.25,1.25,6.37,5.66,8.57,1,9,410948.4637,1,0,0,0,0,0,0
3591,1427.72,3.152643658,4,659.9,11.33,6.79,36.95,20.68,92.33,2.59,2.59,2.38,2.8,1,10,378364.4374,1,1,1,0,0,0,1
6606,1380.55,1.075518813,3,196.27,54.97,7.28,40.3,10.71,91.24,1.86,2.03,3.94,0.8,1,16,282008.4762,0,0,0,1,0,0,1
2765,600.01,1.179653977,1,922.82,23.37,7.84,39.03,4.57,91.45,1.4,1.51,1.03,5.56,1,12,193743.3205,0,0,0,0,0,1,1
5787,1678.52,1.497909557,3,525.2,34.36,10.0,11.78,0.51,94.62,1.03,6.59,6.3,3.97,1,5,307500.2705,1,0,0,0,0,0,0
515,1620.01,1.632600374,2,940.72,35.52,6.19,44.53,6.41,95.22,1.02,3.81,6.82,7.53,1,21,260011.399,0,0,1,0,0,0,0
6391,1570.07,3.719974386,2,573.13,12.88,7.61,46.77,18.9,91.37,0.96,7.81,6.06,4.83,1,28,435525.4852,1,1,0,0,0,1,1
2709,838.91,1.694128885,1,365.87,38.95,4.63,55.46,1.36,97.37,1.42,5.45,2.29,4.99,1,12,105829.8017,0,0,0,0,0,1,0
356,1278.78,2.20571496,1,60.41,63.64,6.68,107.66,54.34,99.9,1.63,4.37,2.49,3.62,1,18,142820.9241,1,1,0,1,0,0,0
6379,1221.1,1.0,4,249.89,55.6,3.19,90.49,33.45,84.35,1.74,5.16,3.39,3.19,1,10,329174.6449,1,0,0,0,0,0,0
2710,550.0,1.666303248,2,641.2,37.94,6.14,9.92,26.27,90.78,0.99,4.26,3.43,5.62,1,11,103123.6608,0,0,0,1,0,0,1
529,871.35,1.720771544,3,251.26,24.27,8.05,18.33,21.29,87.48,1.92,3.65,3.03,3.96,1,10,222862.5135,0,0,1,0,0,0,0
3320,550.0,1.796173542,2,492.41,8.63,7.28,96.15,24.97,93.85,2.26,2.01,4.59,5.39,1,20,44826.26429,0,1,0,0,0,1,1
59,550.0,1.107970784,5,244.84,44.41,9.15,42.51,9.59,87.68,2.05,7.13,0.42,2.25,1,26,68329.73167,0,0,0,0,0,0,1
948,550.0,1.863866233,3,315.86,36.12,5.07,80.47,8.06,95.96,2.1,5.45,5.17,6.33,1,6,81756.67378,0,0,0,0,0,0,0
5434,1450.45,3.215088862,2,624.96,16.79,4.43,100.82,36.98,96.25,1.52,2.22,8.13,5.35,1,16,266269.5248,0,1,0,0,0,1,0
281,1316.02,1.368247982,1,377.5,30.89,3.96,86.61,7.37,99.9,2.05,2.43,5.07,2.74,1,8,38434.12672,0,0,1,0,0,0,1
5279,1368.0,3.13882798,5,398.5,5.35,5.94,35.91,7.37,89.11,1.6,5.86,6.17,9.85,1,18,564757.5048,1,1,0,0,0,0,0
3348,984.01,2.457805113,2,671.11,24.57,8.52,1.37,4.94,95.48,0.86,3.14,5.21,7.07,1,21,266930.1908,0,0,0,0,0,1,0
1629,830.58,2.426807833,1,902.26,4.65,8.12,7.52,13.22,98.9,1.77,4.32,4.25,1.35,1,9,898.7966815,0,0,0,0,0,0,1
2782,935.59,1.483898394,2,503.71,9.22,5.05,53.96,30.0,90.2,0.81,0.63,8.22,5.34,1,11,92049.49111,0,1,0,0,1,0,0
4180,899.55,1.149822628,5,1009.02,0.85,8.52,5.55,12.04,99.03,1.87,4.73,2.5,4.81,2,26,329549.6953,1,1,0,0,0,1,0
5401,1050.87,1.45670798,4,293.12,29.56,7.12,68.9,22.03,97.52,0.87,3.92,5.81,5.37,1,15,346642.5411,1,0,1,0,0,0,1
5966,721.96,4.11121923,2,745.87,46.48,6.25,67.08,3.96,92.85,1.11,4.79,3.37,5.12,1,27,292796.9504,0,0,1,0,0,0,0
5979,1228.57,2.688729148,3,347.97,38.93,4.32,94.68,15.2,95.23,1.95,6.88,10.0,8.39,1,14,423225.6039,1,0,0,0,0,1,1
451,1123.28,1.523314424,3,274.49,53.25,6.54,45.54,8.69,95.15,1.33,7.44,10.0,6.79,1,19,264794.4949,0,0,0,0,0,0,1
3575,948.01,2.859746463,4,735.23,37.11,7.41,61.08,0.49,91.44,1.27,7.28,3.31,1.85,1,8,275295.1124,1,1,0,0,0,0,0
2732,964.6,2.337606539,3,473.7,41.38,6.1,99.94,6.86,92.08,2.56,6.58,6.27,7.93,1,9,220054.4011,0,1,1,0,0,0,1
5481,2004.49,2.454914349,3,907.72,8.34,9.39,32.23,11.62,92.35,1.21,10.0,10.0,5.98,1,25,531826.1222,1,0,0,0,0,1,1
1276,1348.57,2.024444445,2,623.4,34.17,9.57,23.68,11.21,97.94,2.13,4.94,10.0,10.0,1,11,154578.4452,0,0,0,0,0,1,1
1283,961.04,1.0,4,627.06,26.32,9.22,71.28,15.07,96.88,2.26,5.81,7.74,4.81,1,18,197876.7237,0,1,1,0,0,0,1
4047,1411.12,1.0,4,402.09,19.58,8.43,66.86,36.85,99.9,0.93,5.81,7.78,2.93,2,40,320907.4294,1,0,0,0,0,0,1
6553,1015.7,2.933837598,3,546.59,28.66,9.33,67.94,28.92,99.3,0.74,6.24,4.55,8.67,1,12,179227.9013,1,1,1,0,0,0,1
1530,1581.07,2.881010452,3,885.17,25.67,10.0,33.39,7.31,96.54,0.88,6.19,5.46,6.48,1,8,415147.2679,1,0,0,0,1,0,0
4033,1133.28,2.194938492,4,601.8,1.68,9.36,24.42,9.27,94.91,1.37,5.43,10.0,8.45,1,13,417886.2753,1,0,1,0,0,0,1
805,1281.26,1.072052331,3,463.2,21.46,7.14,140.63,21.84,91.81,1.07,4.07,6.71,3.78,1,16,254371.6369,0,0,0,0,0,0,0
6623,912.18,1.82542653,4,466.76,0.46,10.0,39.33,3.47,98.21,1.26,4.55,2.86,6.29,1,16,367136.4053,1,1,0,0,0,1,0
1529,632.37,2.315761564,3,804.15,38.96,6.82,19.22,22.32,99.9,1.0,3.03,3.23,4.84,1,18,249761.8952,0,0,1,0,0,0,0
2554,1289.57,2.468771526,1,575.73,50.43,3.14,85.11,22.33,96.03,2.43,6.28,3.8,4.57,1,18,50673.99419,0,0,1,0,0,0,0
3749,1500.9,2.547085751,5,558.21,22.19,6.25,11.49,15.37,91.7,1.39,8.24,7.87,4.1,1,25,496568.7424,1,0,0,0,1,0,0
5550,2592.94,3.562343743,3,400.44,31.43,5.21,89.02,14.08,92.26,1.42,7.87,8.45,9.03,1,24,551027.7059,1,1,1,0,0,0,0
49,735.97,1.0,4,144.0,43.21,5.99,90.38,45.42,98.31,2.02,3.53,1.57,6.18,1,9,143456.558,0,0,0,0,1,0,0
2691,550.0,1.817320177,4,0.84,3.85,7.15,49.99,40.14,88.13,2.3,2.5,5.25,4.34,1,16,17720.7878,0,1,0,0,0,1,1
3054,696.73,2.107963103,2,798.97,31.93,4.58,16.08,22.51,89.62,2.48,3.68,6.58,3.77,1,7,38093.72884,0,0,1,0,0,0,1
801,596.2,1.670994896,3,441.08,2.24,8.33,64.7,27.12,95.39,2.22,6.91,8.8,5.52,1,20,198458.3948,0,0,0,0,1,0,0
6147,550.0,1.151218137,4,440.12,6.82,5.84,30.35,40.53,93.92,1.54,9.08,8.24,8.85,1,11,257454.0834,1,1,1,0,0,0,0
1367,896.2,1.438048055,2,944.12,49.62,4.59,96.11,8.45,99.9,1.34,4.46,2.59,7.68,1,22,142914.8129,0,0,0,0,1,0,0
424,854.94,1.0,2,870.33,59.28,5.82,108.06,29.19,83.57,1.66,4.88,4.63,6.77,1,9,51903.48244,0,1,1,0,0,0,0
6725,1813.67,2.11254823,3,575.13,10.48,6.41,12.44,9.59,80.5,1.44,7.21,2.52,2.16,1,15,349740.6354,1,0,0,0,0,0,0
0,566.62,1.0,4,779.42,20.56,5.62,39.46,10.08,97.29,1.84,4.93,4.44,4.55,1,13,181861.5423,0,1,0,0,0,0,0
4568,1244.07,3.8029895,4,229.98,38.29,10.0,149.55,7.18,93.01,1.96,5.62,4.22,5.33,1,12,681413.7248,1,0,0,0,0,0,1
5072,1379.86,2.072580543,3,599.2,5.79,8.59,66.8,14.53,95.13,1.09,5.94,5.71,7.7,1,13,480803.9879,1,0,0,1,0,0,0
2034,964.97,1.54603265,3,392.99,33.85,7.31,9.51,8.0,98.53,1.35,5.1,8.76,3.81,1,24,311916.2329,1,0,1,0,0,0,0
1269,880.52,1.562833803,3,372.65,26.16,6.97,81.39,54.58,95.33,1.46,4.0,8.04,6.14,1,21,110670.988,0,0,0,1,0,0,0
176,585.81,2.0188942,2,873.1,59.58,5.41,93.09,0.59,91.52,0.91,2.81,5.71,4.09,2,6,134750.1853,0,0,0,0,0,1,1
6268,1385.96,3.410303477,3,47.23,16.35,6.71,16.12,25.32,93.98,1.43,5.62,4.33,6.32,1,17,556951.5651,1,0,0,0,1,0,0
512,550.0,1.441232582,2,154.05,4.63,4.52,55.35,5.53,90.24,1.52,5.36,6.4,5.77,1,20,171268.9436,0,0,0,0,0,0,1
1286,550.0,1.0,3,688.12,27.67,7.98,13.27,39.64,95.8,1.26,4.95,8.68,8.69,1,28,135618.0739,0,0,0,0,0,1,0
1462,665.95,2.250132936,4,1631.36,37.02,6.91,84.36,17.48,97.88,1.38,4.33,10.0,8.69,1,31,267431.2009,0,1,0,0,0,0,0
2409,779.94,1.074969374,4,66.42,34.3,6.4,12.91,1.4,90.36,1.62,1.66,9.05,6.28,1,15,210763.0227,0,1,0,1,0,0,0
5235,1664.02,2.690597455,2,447.75,10.45,6.93,20.57,16.33,99.9,1.91,3.88,5.56,3.06,2,28,312365.9291,1,0,0,0,0,0,1
5499,1421.49,2.551228373,4,1145.54,5.94,10.0,62.74,3.17,92.67,1.45,6.33,6.17,7.72,2,28,1251494.924,1,0,0,0,0,0,0
2384,556.22,1.0,4,233.88,48.64,9.33,42.32,13.08,98.9,0.86,3.74,7.04,6.63,1,14,181098.2394,0,0,0,0,0,0,1
766,771.76,2.638289341,2,1333.38,9.26,7.38,71.26,9.29,99.9,0.86,3.0,5.43,5.27,2,29,154043.9112,0,0,0,0,0,0,1
1348,1572.67,2.568497877,1,176.02,3.27,5.76,123.41,35.23,95.63,0.8,5.15,3.81,5.06,2,32,201056.8308,0,1,0,0,0,0,0
3785,933.54,2.791542213,3,403.69,52.34,5.87,73.09,13.36,93.01,1.8,5.22,9.86,6.75,1,15,224043.0615,0,0,0,0,0,0,0
2482,550.0,1.005332431,3,83.41,36.73,3.94,87.14,4.38,86.1,1.71,1.1,2.58,5.81,1,19,86726.03067,0,1,0,1,0,0,1
1054,1080.68,1.578955233,2,872.12,41.76,3.95,5.22,15.77,89.54,1.44,4.23,7.62,0.85,1,15,150225.268,0,0,1,0,0,0,0
6409,728.47,2.367095172,3,902.47,15.88,7.81,63.29,3.19,92.28,1.38,6.3,5.72,4.07,2,30,486441.3953,1,0,1,0,0,0,0
6079,1124.58,1.714742278,3,97.71,41.92,6.4,14.04,17.58,90.11,1.28,4.8,3.63,3.76,1,15,206972.2046,1,0,0,0,0,0,1
2455,1000.08,1.975327735,3,429.12,15.15,6.16,35.94,21.75,85.14,1.5,4.67,2.04,2.58,1,19,195687.9308,0,1,0,1,0,0,0
5358,1318.75,4.615556129,3,1087.95,10.35,7.8,80.64,23.86,93.67,1.53,4.25,9.3,8.66,1,10,527541.4538,1,0,1,0,0,0,0
532,550.0,1.0,4,697.67,13.41,7.95,44.56,12.76,98.1,0.69,4.45,3.85,3.81,1,15,161309.3983,0,0,0,1,0,0,1
6178,780.03,4.016612021,4,751.38,29.6,8.11,40.33,20.37,86.3,1.2,5.1,6.1,6.5,1,14,508218.701,1,1,1,0,0,0,1
6232,733.99,2.121210104,4,615.95,54.73,7.75,102.57,10.72,94.58,1.03,5.52,5.64,4.85,1,13,405492.2361,1,0,0,0,0,0,1
6905,1063.19,1.0,4,195.27,6.81,8.73,80.2,20.55,92.59,1.65,4.49,5.66,6.69,1,12,191419.348,0,0,0,0,0,1,1
380,550.0,2.017275534,3,331.95,29.97,6.17,60.27,16.33,88.98,1.05,4.31,4.18,4.94,1,19,142701.7764,0,0,0,1,0,0,1
1866,862.58,2.416301984,3,548.0,53.0,8.92,23.81,12.83,99.34,2.21,6.07,3.87,5.23,1,15,435983.2632,0,0,0,0,1,0,1
6327,761.54,1.0,4,232.87,52.71,4.05,53.11,28.2,94.87,1.69,4.88,10.0,6.74,2,50,296176.0003,1,0,1,0,0,0,0
3346,550.0,3.139187001,3,1145.41,26.94,4.71,68.61,32.3,95.49,1.62,4.08,8.05,8.5,1,15,252695.9013,0,0,0,0,1,0,1
2681,550.0,1.586888068,2,677.43,48.18,3.83,80.47,32.35,91.12,1.59,2.23,2.08,3.05,1,14,48931.77335,0,0,0,0,1,0,1
5939,1134.09,3.829966391,4,313.09,48.32,9.0,80.35,19.63,93.26,0.12,5.15,4.76,6.36,1,11,474472.5611,1,1,1,0,0,0,0
930,631.07,1.094376555,1,639.68,37.98,4.71,45.25,19.03,91.87,1.02,1.92,6.71,6.52,1,17,113584.3987,1,0,1,0,0,0,1
2626,1140.22,2.523931123,2,70.62,44.59,6.66,113.98,57.07,83.8,0.77,0.16,5.87,5.72,1,8,341821.5947,0,0,0,1,0,0,1
2526,680.49,1.472733342,3,500.52,35.27,5.03,0.32,5.76,93.16,2.08,2.77,3.73,7.05,1,6,157924.0454,0,1,0,0,0,0,0
6933,550.0,1.187395924,5,793.67,41.9,8.7,44.55,24.39,93.99,2.16,4.21,5.98,5.27,2,34,203747.1834,1,0,1,0,0,0,0
6993,1497.19,2.044777189,4,122.48,22.74,9.64,103.8,16.91,93.31,1.05,6.82,8.54,6.01,1,7,559536.7989,0,0,0,0,0,0,0
419,550.0,1.722360824,4,697.31,36.49,5.96,30.3,23.89,84.98,0.67,3.17,5.1,3.29,1,8,73425.08501,0,0,0,0,1,0,0
4721,1351.0,1.987571678,4,40.8,60.26,7.07,44.75,8.75,97.39,1.27,7.85,6.09,8.74,1,12,543613.4152,0,0,1,0,0,0,0
3714,1713.06,2.267391822,3,490.96,33.38,8.47,78.31,30.18,97.93,1.92,8.67,5.4,4.82,2,26,429202.1851,1,0,0,0,0,1,0
1480,1027.55,1.660534634,1,498.04,20.68,2.7,87.26,29.83,89.89,1.44,0.85,9.72,6.34,1,13,84596.30737,0,0,0,0,0,1,0
1059,1417.6,2.278865491,2,368.56,40.21,5.95,29.63,1.1,96.22,1.54,4.39,4.47,6.99,1,22,298900.668,1,0,1,0,0,0,0
1970,1310.8,1.571917714,2,311.28,36.98,6.41,69.72,14.24,91.01,1.91,4.36,6.59,6.18,1,6,117432.325,0,0,1,0,0,0,0
4176,1445.05,2.498350477,4,425.25,42.65,5.64,2.04,5.56,93.2,1.46,7.35,3.82,7.51,1,19,532217.9375,0,0,0,0,1,0,0
73,1347.17,1.0,4,376.98,20.52,6.27,30.51,24.99,88.96,0.64,2.67,5.99,4.39,1,6,161970.1401,0,0,0,1,0,0,0
3173,1327.5,1.585333637,4,379.51,35.7,8.7,1.48,10.82,99.9,1.45,4.96,0.9,4.88,1,22,224234.871,0,0,1,0,0,0,1
2604,971.19,1.0,4,891.88,53.22,7.83,13.85,28.5,87.03,1.52,6.42,6.44,6.53,1,10,224559.9004,1,0,1,0,0,0,0
2880,1506.92,1.0,1,657.32,22.06,3.04,8.3,15.7,84.63,1.28,1.42,2.98,6.18,2,15,8077.514159,0,0,0,0,1,0,0
1252,873.82,1.216810195,3,273.01,23.6,5.85,0.51,2.14,85.93,2.07,6.3,4.97,6.74,1,20,148260.6115,0,0,0,0,0,1,1
4394,1671.16,1.801590377,3,237.7,52.17,6.33,35.95,43.56,95.24,2.03,3.21,0.97,3.23,2,23,189856.5399,1,0,0,0,0,1,0
1894,1094.72,1.379770353,5,798.38,27.04,3.36,36.74,28.39,87.25,1.86,3.05,0.3,4.88,1,27,172156.4107,0,0,0,0,1,0,1
2598,642.63,1.0,2,184.79,24.75,4.39,88.24,27.78,97.41,0.74,1.76,0.83,3.42,1,22,78239.24927,0,0,0,0,0,1,0
1864,1029.17,1.0,5,1066.64,26.44,4.85,111.02,16.92,87.9,2.1,2.74,10.0,4.24,1,6,182394.2512,0,0,0,1,0,0,0
1461,583.83,2.36478018,2,362.21,43.23,4.92,118.03,20.59,96.37,1.18,2.13,8.74,5.02,2,20,105959.055,0,1,0,0,1,0,1
4603,915.33,2.625077528,4,404.85,7.19,6.52,30.86,49.13,88.4,1.2,5.36,1.14,4.24,1,21,328689.7898,1,0,0,0,1,0,1
1181,817.86,1.0,3,303.63,38.3,6.26,38.8,34.85,88.44,1.54,4.02,5.09,5.31,1,8,56261.24089,0,1,0,0,1,0,1
6344,1489.94,2.79095813,3,756.14,60.97,9.23,79.86,26.78,91.84,1.42,3.98,0.44,3.92,1,19,416198.8658,1,0,0,0,1,0,0
488,769.16,2.813440607,2,1520.56,5.43,5.19,4.32,11.38,98.78,1.88,2.58,1.75,2.4,1,15,78244.63576,0,1,1,0,0,0,1
1124,1932.48,1.0,1,729.53,26.85,3.93,50.14,10.56,94.52,2.04,1.93,10.0,9.08,1,17,66121.38409,0,0,0,0,0,0,0
1257,654.97,2.295973002,3,460.78,1.87,7.71,67.19,21.87,94.12,2.23,5.71,7.15,5.6,1,12,241564.8819,1,0,0,1,0,0,0
1541,1291.47,1.139580408,2,428.66,31.55,5.69,119.97,33.04,81.08,1.17,3.51,2.36,3.74,1,9,27149.45537,0,1,1,0,0,0,1
388,550.0,1.0,5,210.44,41.76,8.85,69.84,7.09,95.69,1.29,3.89,7.73,8.2,1,26,92543.22644,0,0,1,0,0,0,0
3065,550.0,1.0,4,696.13,14.58,9.59,43.23,42.41,91.0,2.56,5.21,5.29,2.24,1,11,136656.1217,0,1,1,0,0,0,1
3919,1141.41,4.533244889,5,644.65,33.72,7.9,22.72,12.21,89.83,1.96,2.95,5.27,4.16,1,12,516484.6751,1,0,0,0,0,1,1
6252,550.0,1.0,2,566.09,74.91,3.87,22.48,8.67,97.82,0.83,0.81,4.58,4.0,1,12,183064.0568,1,0,0,1,0,0,0
2211,1111.01,2.194665439,3,99.59,3.98,4.84,21.0,1.43,97.9,1.6,5.84,8.03,7.46,1,15,359091.1793,0,0,0,0,0,1,1
1290,743.12,2.326747883,3,60.21,33.49,7.26,149.11,42.38,95.25,0.68,5.81,2.94,5.75,1,14,164005.2922,0,0,0,0,0,1,0
2510,1055.06,2.02097773,3,890.91,68.04,5.68,29.97,26.56,91.61,2.25,4.32,8.65,6.85,1,7,177581.3499,1,0,0,0,1,0,1
2995,1190.52,1.53048312,2,833.55,51.05,5.04,8.38,38.14,97.07,1.6,3.42,1.91,6.83,1,10,107890.3369,0,0,0,0,0,1,0
4957,1533.92,3.765853948,4,552.13,46.58,7.08,25.51,13.71,79.09,1.26,3.95,6.02,4.5,2,37,487705.6906,1,0,0,0,1,0,1
6674,1303.0,2.034887311,2,436.63,21.75,6.35,85.37,38.24,91.57,1.49,6.17,3.89,3.48,1,14,448019.7208,1,0,0,1,0,0,0
455,1697.87,1.0,3,722.04,11.27,9.33,69.99,13.27,94.83,2.03,7.72,8.11,6.26,1,17,338884.132,0,0,0,0,0,0,0
815,736.99,1.41075339,3,146.82,89.15,3.09,37.11,15.46,93.33,1.39,3.99,2.34,6.39,2,32,75214.39433,0,0,0,0,0,1,1
1086,1201.96,1.0,2,917.7,1.26,6.12,47.68,23.98,93.33,1.35,2.27,9.04,9.29,1,28,205642.7164,0,0,0,0,0,1,1
2920,550.0,1.58152967,4,186.83,2.73,6.56,14.45,30.85,87.81,1.99,1.65,5.82,5.59,1,11,82414.54266,0,1,0,0,0,1,0
2638,979.58,2.159239943,3,305.22,18.19,6.74,64.78,8.24,98.14,1.44,4.47,4.47,6.55,2,16,254701.7679,0,0,0,0,0,0,1
3130,771.94,1.0,3,251.07,46.25,5.66,47.86,9.99,91.96,1.31,1.89,7.19,4.98,1,20,164870.3723,0,0,0,0,0,0,1
6828,1043.59,1.0,4,708.55,40.54,2.71,85.13,12.28,89.53,1.37,5.06,9.48,10.0,1,11,300304.2994,1,0,0,0,1,0,1
6825,1381.41,3.93894395,3,333.15,39.74,8.13,22.7,0.36,88.82,1.16,6.26,10.0,10.0,1,6,647819.9562,1,0,0,1,0,0,1
1279,587.65,1.0,3,802.66,5.36,6.41,18.02,4.61,93.54,1.19,4.22,5.29,5.18,1,10,-2310.361085,0,0,1,0,0,0,1
4700,801.11,3.872842496,4,245.59,15.0,8.62,93.89,27.18,86.05,1.68,7.63,6.49,6.59,1,12,352670.1024,0,0,0,0,1,0,1
1429,1340.03,1.0,4,131.12,48.45,5.3,10.64,4.08,90.19,1.52,0.71,10.0,4.94,1,12,293425.9077,0,0,1,0,0,0,0
2777,565.41,1.268746649,4,17.27,36.49,5.39,0.27,17.53,91.39,1.29,2.57,6.88,5.94,1,14,134927.1016,0,0,1,0,0,0,1
2222,550.0,2.889039,2,86.43,3.07,6.33,70.08,9.31,95.91,1.62,5.13,5.34,4.54,1,11,179190.6031,0,0,0,0,0,1,0
352,1376.46,1.786360356,1,620.53,43.32,5.66,39.55,32.62,88.42,1.08,3.76,3.58,6.76,2,39,169545.6073,0,0,0,0,0,1,0
4419,1345.5,1.0,3,557.4,21.85,7.25,83.95,24.88,99.9,1.07,6.72,5.02,3.93,1,15,233284.6455,1,0,0,1,0,0,1
5280,835.35,1.749148388,3,482.54,24.87,7.27,14.98,12.57,99.9,1.68,4.25,9.02,8.49,1,15,196380.2251,1,0,0,0,0,0,1
3719,822.24,1.316987291,4,967.04,51.71,4.19,66.18,17.17,96.51,1.6,6.25,2.09,3.43,1,21,266763.5432,1,0,1,0,0,0,0
3389,1171.46,1.198509252,3,656.11,23.59,3.08,38.31,14.56,91.04,1.27,2.69,5.95,6.85,1,12,12609.68017,0,0,1,0,0,0,0
3873,904.71,3.243498909,4,482.02,8.29,8.43,34.5,2.02,91.21,1.51,3.81,7.76,4.96,1,18,408062.0759,1,0,0,0,1,0,1
2082,550.0,1.125038677,3,300.57,59.71,3.98,28.63,40.37,92.69,1.85,3.88,0.22,3.05,1,7,32018.77869,0,0,0,0,0,0,0
1203,895.85,1.0,4,935.71,21.76,7.32,88.11,3.31,92.86,1.37,6.07,4.15,5.01,1,11,304997.7447,1,0,0,0,0,1,1
1405,1236.0,3.647472898,3,384.98,23.15,10.0,24.69,52.88,97.74,1.4,7.31,7.66,6.42,1,12,309275.2442,0,0,0,0,1,0,0
6054,1017.71,2.384737884,3,552.38,2.9,8.66,10.25,18.54,91.25,1.47,8.18,3.63,5.14,1,15,464103.161,1,0,0,0,0,0,0
1699,975.57,1.005480921,2,197.27,44.83,5.7,79.16,4.66,95.97,0.89,4.4,3.0,2.3,1,12,55773.54671,0,0,1,0,0,0,0
1705,609.97,1.0,3,32.79,12.26,8.2,123.09,21.88,96.56,1.76,5.92,9.35,6.12,2,25,42257.84318,1,1,0,0,1,0,0
2913,691.53,1.198225983,1,635.06,2.12,5.69,156.67,19.99,98.28,2.29,0.01,4.52,6.43,2,6,149066.96,0,0,0,0,1,0,1
4718,1569.31,2.837246104,3,1037.97,14.37,5.09,84.33,6.04,99.02,1.63,3.62,6.74,4.07,2,26,377066.0735,1,0,0,0,0,0,0
6415,1183.37,2.367968686,3,512.16,3.98,8.32,74.31,16.4,97.58,1.72,4.74,7.26,5.94,1,28,292144.1285,1,0,0,0,1,0,1
6153,833.65,3.019856025,4,146.03,5.6,7.22,6.15,2.56,89.48,1.4,6.58,6.3,8.85,1,16,484023.4355,1,0,1,0,0,0,0
1274,917.46,1.0,3,89.01,18.46,7.21,19.77,1.73,81.92,2.17,4.4,7.28,9.78,1,17,127139.3953,0,0,0,0,1,0,0
2207,550.0,1.0,3,232.45,32.01,2.67,73.54,28.42,87.21,1.03,2.59,4.92,4.97,1,17,109654.2232,1,1,0,0,0,1,1
163,1005.09,2.620519967,4,570.17,35.63,8.9,10.08,19.38,99.9,1.78,4.64,6.5,3.07,1,12,204595.6187,0,0,0,0,1,0,1
2047,661.64,1.989496232,2,703.67,36.01,8.38,22.11,0.75,89.58,1.26,2.74,5.51,5.65,1,24,79531.61924,0,0,0,0,1,0,1
5661,1185.62,2.842149973,4,464.79,1.92,7.14,45.66,6.46,99.9,1.38,8.77,7.03,5.65,1,18,564257.7429,1,0,0,0,0,0,0
3280,870.2,1.0,3,287.22,37.28,6.23,104.82,25.96,92.34,1.79,6.87,7.61,3.05,1,27,134464.5999,1,0,0,1,0,0,0
3360,550.0,1.0,4,319.36,57.92,6.29,63.32,30.23,83.63,2.07,4.46,3.0,6.92,1,14,47091.25276,0,0,0,0,0,1,0
3688,1247.5,2.096431868,3,67.11,47.06,8.0,20.83,17.17,99.9,1.77,8.31,7.59,4.39,1,13,314617.4969,1,1,0,1,0,0,1
6464,1263.37,3.38243415,4,1079.94,17.32,8.06,24.21,1.51,96.66,0.93,5.63,1.44,6.67,1,11,573578.6787,1,0,0,0,0,1,1
6664,1835.88,1.0,3,453.04,6.22,8.34,2.36,16.01,94.22,1.19,5.07,10.0,7.0,2,26,726964.588,1,0,0,0,0,1,1
408,550.0,1.0,1,312.79,82.59,3.72,39.29,31.48,92.23,1.7,3.73,6.22,5.98,1,5,223496.2346,0,0,1,0,0,0,0
4238,1010.84,2.452177363,4,643.57,30.64,7.51,73.02,7.96,88.69,1.02,6.85,8.56,5.6,2,20,481565.8687,1,0,0,0,0,1,1
4118,1251.03,1.0,3,532.89,38.21,5.65,75.32,30.19,91.8,1.74,2.26,4.38,5.34,1,12,197249.797,1,0,0,0,0,0,0
5971,969.98,3.424177788,4,172.29,20.63,7.97,57.68,0.36,94.85,1.53,7.32,5.1,6.13,1,18,586475.9292,1,0,0,0,1,0,0
5101,1443.58,2.12176107,3,281.3,15.55,9.37,62.09,0.36,98.32,0.76,3.3,9.93,6.23,2,36,532554.6568,1,1,0,0,0,0,1
641,576.07,3.135533378,2,450.58,17.39,5.66,82.85,4.34,91.56,0.72,4.68,4.54,7.14,1,15,197836.9608,0,0,0,0,0,1,1
5959,1773.82,1.0,3,1098.59,35.99,7.25,13.8,19.23,93.02,1.31,4.14,5.94,3.19,2,37,250841.1567,1,0,0,1,0,0,0
1343,833.03,1.608451202,2,687.81,14.16,8.21,59.25,7.22,86.84,1.38,3.77,8.77,8.63,2,38,151147.1985,0,1,1,0,0,0,1
4480,1816.71,2.164629747,2,372.31,45.29,8.26,44.46,25.93,99.9,1.39,4.61,8.16,6.93,1,7,249311.9329,1,0,0,0,0,1,0
888,1202.15,1.617696993,1,1127.32,49.62,5.92,59.25,17.17,96.15,1.68,5.85,7.3,5.86,1,15,112462.2096,0,0,1,0,0,0,1
1557,1301.32,1.44372734,3,701.13,3.54,8.65,6.28,11.38,99.9,1.13,6.51,8.97,9.25,1,16,377284.1516,0,1,1,0,0,0,1
1085,550.0,1.488188206,3,343.13,14.55,5.23,116.43,29.31,93.82,1.14,4.52,3.02,5.61,1,20,165158.522,0,1,0,0,0,1,1
3927,1724.89,3.295595326,3,734.3,49.13,4.41,31.7,13.96,88.4,1.74,3.41,2.33,4.93,2,40,423606.9623,1,1,0,1,0,0,0
531,550.0,1.746833229,1,1047.11,44.9,4.5,11.89,30.43,96.61,2.2,1.31,9.64,8.75,1,16,196153.7507,0,0,0,0,0,0,1
3008,550.0,1.304912148,2,241.47,73.02,5.1,39.74,30.08,92.51,1.29,3.39,10.0,6.7,1,18,37902.47803,0,0,0,0,0,1,0
2447,1131.51,1.0,2,374.16,29.97,3.48,103.67,16.6,94.07,0.91,4.47,2.44,5.29,1,21,142052.308,0,0,0,0,0,1,0
6689,550.0,2.134362862,1,665.99,54.87,1.57,41.35,36.98,81.07,2.21,0.23,3.28,6.01,1,12,328507.797,1,0,1,0,0,0,0
6896,689.3,3.037688451,4,78.49,8.98,8.19,52.72,5.47,97.99,1.46,6.44,5.02,2.39,1,20,325702.4685,0,0,0,0,1,0,1
2767,666.15,2.405492177,2,831.59,15.22,4.97,69.85,22.32,94.52,1.64,3.22,8.12,5.9,1,12,87185.42451,0,1,0,0,1,0,0
1671,1002.54,1.506268597,1,352.38,38.16,5.66,70.78,14.73,90.61,1.8,2.83,5.31,5.19,1,2,24421.74728,0,0,1,0,0,0,0
2109,1553.08,1.178659757,3,90.12,18.7,3.73,30.81,37.79,91.21,1.37,3.85,2.44,2.35,1,3,191608.6273,0,0,1,0,0,0,0
1148,834.66,1.0,2,422.04,31.59,7.24,86.36,12.31,99.9,1.55,5.67,9.72,5.88,2,22,18948.92783,1,0,0,0,0,0,0
4882,1038.38,1.0,4,772.65,9.44,9.1,1.75,27.76,87.43,0.8,8.85,5.49,8.42,1,16,459321.4361,1,1,0,0,1,0,1
3166,1198.92,1.0,2,376.65,0.89,2.47,17.51,23.58,94.6,0.71,3.18,2.15,4.88,1,9,82753.07652,0,0,0,0,0,0,0
266,702.7,1.0,2,575.39,49.19,6.45,67.05,16.64,88.14,2.17,4.12,3.45,1.16,1,17,42864.62269,0,1,0,1,0,0,0
3763,2167.29,1.0,3,119.79,11.64,8.85,11.65,18.75,93.84,1.2,8.45,4.13,5.32,2,57,380746.0172,1,0,0,1,0,0,1
6815,1569.27,3.559145798,4,418.54,25.32,9.67,87.5,1.82,89.97,1.15,4.33,2.62,7.49,1,25,581150.1265,1,0,0,0,0,0,0
3736,983.44,3.3910436,4,230.94,24.73,5.92,90.16,20.58,96.02,1.09,6.26,2.77,5.03,1,17,340219.0907,1,1,0,1,0,0,1
360,550.0,1.897350371,4,486.27,12.81,6.38,60.7,4.78,91.55,1.59,3.47,6.31,5.57,1,13,225663.4051,0,0,1,0,0,0,1
1460,1040.39,1.565887976,3,363.11,10.43,8.06,12.24,1.5,86.69,0.6,4.94,4.23,5.61,1,12,249929.0909,0,1,0,0,0,1,0
3421,853.42,1.0,2,584.06,34.33,6.03,9.51,5.22,95.36,3.02,2.91,4.11,3.93,1,15,108281.1114,0,0,0,0,0,1,0
952,648.46,3.078077854,2,831.01,58.97,3.03,108.21,42.9,85.62,0.89,3.57,8.16,5.12,1,12,68634.04257,1,1,0,0,1,0,1
2160,1161.97,3.838743213,1,777.01,43.2,4.93,0.09,10.22,91.53,2.16,4.53,5.68,4.64,1,13,233484.0723,0,0,0,0,1,0,1
6875,1546.07,3.303642262,2,664.26,57.35,6.52,25.11,1.78,80.76,1.47,7.12,1.47,6.63,2,43,528907.4753,1,0,0,1,0,0,1
1574,800.7,1.207504366,2,165.21,59.26,6.04,16.69,2.93,94.49,1.58,3.31,1.18,1.85,1,4,109959.2055,0,1,0,0,0,0,0
6226,729.07,3.948901043,3,507.42,42.75,8.01,25.85,5.29,99.9,2.17,3.61,7.37,8.02,1,27,253968.8751,1,0,0,0,0,1,0
3337,939.7,1.745987915,4,719.79,52.0,5.33,74.79,9.32,93.68,0.68,2.82,4.91,7.71,1,17,263942.0631,0,0,0,0,1,0,1
6296,1363.77,2.480287403,4,1012.71,4.34,6.41,34.33,12.04,94.17,1.29,3.73,8.25,6.13,1,20,308164.2842,1,0,1,0,0,0,1
5125,1227.32,2.113495967,3,332.52,33.78,8.49,33.16,9.72,97.71,0.87,6.4,1.01,1.58,1,13,308975.0067,1,0,0,1,0,0,0
5427,910.77,3.300036988,2,412.71,6.48,8.37,13.11,8.79,94.99,2.2,3.72,7.61,7.71,1,20,202406.4103,0,0,0,0,1,0,1
1842,612.16,1.0,3,468.01,33.15,7.76,12.93,2.13,97.2,1.12,5.03,5.2,3.59,2,22,177826.8555,0,0,0,0,0,1,0
2208,676.49,2.518910865,3,1080.43,24.15,6.3,8.21,14.63,91.05,1.34,5.44,4.05,3.22,2,37,262636.3451,0,1,0,0,0,1,1
2979,790.88,2.851902936,2,751.02,18.97,10.0,34.99,28.69,99.9,0.84,6.37,10.0,6.01,1,14,173038.2393,1,0,0,1,0,0,0
3436,912.71,1.0,2,203.05,0.13,8.33,119.1,19.83,97.31,2.31,6.04,5.07,6.07,1,12,69504.38807,0,0,0,1,0,0,0
5828,1449.57,2.430854079,2,218.06,52.99,6.94,16.22,11.04,89.94,1.34,7.83,6.72,6.42,1,21,373925.4367,1,0,0,0,0,0,0
754,1405.06,1.90693965,2,558.62,56.05,5.26,103.47,33.41,91.94,1.54,6.35,3.39,5.82,2,16,90176.38176,1,1,0,0,0,1,0
5307,1736.87,3.440438922,4,422.22,41.8,9.81,17.09,25.81,94.28,0.66,7.24,8.83,7.87,1,-1,516534.8996,1,0,1,0,0,0,0
1378,550.0,2.408600247,3,367.33,39.13,4.44,130.9,19.25,93.81,1.33,3.6,4.62,7.84,1,18,119814.667,0,0,0,0,0,1,1
980,842.88,3.152530991,3,448.5,4.54,5.31,127.47,18.28,91.26,1.65,2.66,4.84,4.53,2,6,139140.3468,0,0,0,1,0,0,0
2100,986.38,1.0,2,72.66,49.75,9.21,58.57,27.96,97.75,0.27,5.09,4.94,4.24,1,33,87005.20553,0,1,0,0,0,1,0
286,1286.47,2.110509734,2,341.25,42.57,5.03,43.89,9.41,95.35,1.03,5.31,0.21,2.82,1,17,204739.2843,0,0,0,0,0,1,1
3533,1645.41,1.311318069,2,528.26,24.92,7.46,44.71,10.4,93.68,1.35,6.96,7.17,6.39,1,24,373940.2851,1,0,0,0,0,0,1
3088,550.0,1.146577118,4,952.15,51.97,6.99,14.32,9.84,92.79,1.21,6.16,8.0,7.99,1,6,190866.0411,0,1,0,0,0,1,0
1154,550.0,2.699891678,3,739.1,53.78,1.98,75.09,8.38,98.77,1.91,1.11,1.89,4.84,1,21,50490.9021,0,0,0,0,1,0,0
5175,1488.9,2.141028798,4,734.17,49.2,7.69,21.5,9.96,91.53,1.52,6.75,2.4,4.86,1,16,479639.0619,1,0,0,0,0,1,0
1511,550.0,1.221072548,3,778.8,0.45,5.58,49.95,28.63,99.9,0.88,2.27,8.11,6.47,2,21,54207.95244,0,0,0,1,0,0,1
5994,1087.43,2.857860363,4,356.66,40.43,7.93,24.22,23.74,96.28,0.81,4.9,2.86,7.68,2,21,394798.8992,0,0,1,0,0,0,0
4231,1476.26,2.049634078,3,256.84,38.87,8.72,73.67,31.98,81.76,1.21,4.55,0.43,3.6,1,19,486676.3273,1,0,0,1,0,0,0
3261,631.39,1.203684543,4,692.86,9.73,5.88,83.85,22.67,88.35,1.33,5.85,6.7,5.74,1,14,149812.0795,0,0,0,0,0,1,1
5610,822.89,2.861982449,2,559.66,44.97,4.91,111.8,23.55,95.37,1.27,6.2,10.0,8.55,1,6,265496.4651,1,1,0,0,0,1,0
2191,655.08,1.751821196,3,1017.17,28.09,1.82,76.75,23.39,93.49,1.02,2.29,6.61,6.3,1,19,168531.204,0,0,0,1,0,0,0
211,1251.57,2.121843715,2,860.35,38.4,9.35,46.6,12.76,90.13,1.58,5.19,9.15,5.04,1,5,168781.1521,0,1,0,0,1,0,1
6127,1218.66,1.750772742,3,471.09,11.66,6.94,33.56,5.66,89.23,1.45,6.95,3.95,4.46,1,3,383872.0621,1,1,0,1,0,0,0
3164,1109.85,1.900579874,2,265.66,21.7,6.72,46.62,8.9,94.68,0.92,6.63,4.65,2.15,1,11,188736.5767,0,1,0,0,0,0,0
274,765.54,3.424821523,3,65.01,39.42,8.27,44.85,32.29,88.74,1.88,5.43,10.0,9.92,1,22,253982.881,0,0,0,0,0,0,0
88,550.0,1.0,1,716.74,17.56,3.36,71.11,21.42,84.46,1.5,2.2,8.13,6.16,1,8,184556.5177,0,0,0,0,0,1,1
2798,550.0,2.085650716,4,716.21,11.33,7.81,50.98,26.3,88.24,2.06,5.03,0.37,4.16,2,35,190815.1927,0,1,0,0,1,0,0
2324,915.61,2.167925344,3,350.37,12.01,9.0,48.52,25.06,98.64,0.6,1.96,7.14,6.21,1,17,291756.2417,1,0,0,0,0,0,1
298,985.17,1.010491793,2,1033.66,40.12,5.15,51.07,3.45,92.75,1.39,3.2,5.65,5.61,1,14,35235.58648,0,0,0,0,1,0,0
4663,1450.56,2.420924898,3,691.7,32.15,7.74,87.01,11.36,94.15,1.22,5.23,8.17,5.71,1,9,349738.861,1,0,0,0,0,1,0
3674,1635.4,5.741850727,3,857.57,10.9,10.0,36.0,0.94,89.6,0.65,10.0,10.0,5.63,2,25,668712.1639,1,1,1,0,0,0,1
6377,1123.61,2.591802025,4,236.57,51.99,7.9,18.47,16.33,91.5,1.23,4.88,10.0,9.6,2,19,304451.7364,1,0,0,0,1,0,0
3776,1420.14,2.188758698,3,715.21,19.59,8.32,39.42,7.53,88.62,0.84,5.33,10.0,8.8,1,14,319776.0327,1,1,0,0,0,0,1
5847,882.68,1.0,3,351.27,23.34,5.16,104.31,15.5,96.97,1.27,4.59,3.02,6.09,1,6,226798.5945,1,0,0,1,0,0,0
315,1037.16,2.351761951,3,418.67,76.57,4.66,67.21,14.09,92.05,1.61,2.47,2.55,1.77,1,17,242113.6459,1,0,0,0,1,0,0
6261,858.35,1.477449898,4,116.84,47.3,7.24,15.32,20.47,83.79,1.22,3.57,3.7,3.49,1,14,213288.0066,1,1,0,0,1,0,0
2151,550.0,3.816994828,2,551.59,11.88,7.59,6.17,22.57,84.03,1.66,5.38,4.49,2.97,1,5,151572.89,0,0,0,1,0,0,0
3288,550.0,1.388247951,3,91.68,15.9,8.78,43.98,8.52,89.22,1.28,5.18,8.91,8.75,1,16,25056.4625,0,0,0,0,1,0,0
3117,835.59,1.316206099,1,364.12,13.86,6.89,30.44,32.87,95.52,1.31,4.75,3.82,5.32,1,11,38805.6409,0,0,0,0,1,0,0
6517,773.47,2.051570909,3,106.19,19.55,6.65,83.96,1.14,88.85,1.63,3.28,4.39,3.94,1,9,203210.2351,0,1,0,1,0,0,0
2020,550.0,1.065003381,2,658.01,63.86,5.07,58.33,32.19,99.9,2.42,4.02,6.22,8.93,1,12,147684.6701,0,0,0,0,1,0,1
6075,1393.7,1.964355677,4,289.19,51.18,8.63,58.77,0.4,97.49,1.37,7.26,5.48,6.59,2,8,466229.1726,1,0,1,0,0,0,0
2974,550.0,1.658917807,2,549.03,47.09,2.58,37.99,3.28,87.53,1.77,0.96,7.63,6.57,1,6,74887.40307,0,1,1,0,0,0,0
1275,1064.61,1.114697748,3,401.68,7.05,9.78,0.67,9.93,97.96,1.65,3.81,4.12,6.19,1,15,124805.2449,0,0,1,0,0,0,1
2413,550.0,1.730892958,3,243.95,38.1,4.95,53.54,5.89,92.47,1.57,3.12,3.62,3.94,1,19,138821.4124,0,0,0,1,0,0,1
528,761.29,1.205137548,3,880.52,15.3,3.72,35.64,48.06,84.85,0.79,2.66,5.78,5.46,1,-4,54874.80882,0,1,0,1,0,0,0
4404,1000.26,4.722995989,3,76.71,3.31,10.0,22.15,22.94,89.56,1.79,6.81,1.0,5.67,2,21,293697.8622,0,0,0,0,1,0,0
1505,1447.99,3.063606776,3,601.19,3.76,8.97,60.23,14.15,95.59,1.5,4.09,8.36,8.92,1,11,285060.0242,0,0,1,0,0,0,0
3598,985.8,2.126042517,3,380.07,33.39,5.94,1.45,25.72,99.9,1.3,2.76,4.56,4.44,1,19,252965.0547,1,1,0,0,0,0,1
5470,1530.81,3.601150838,4,872.41,6.5,7.8,11.35,25.56,91.31,2.2,8.97,3.43,3.21,1,20,679378.7551,1,0,0,1,0,0,0
5230,918.67,1.220667899,4,128.41,27.92,8.41,5.19,3.58,96.77,2.06,5.6,6.19,7.49,1,12,149426.7842,1,1,0,0,0,0,0
5299,1980.79,3.440688952,3,880.1,20.51,8.36,5.58,7.72,99.9,1.25,8.78,9.79,10.0,2,51,595335.3288,1,1,0,0,0,0,1
3681,1510.55,2.661488467,2,145.97,40.03,7.5,10.94,6.26,94.82,1.23,8.83,10.0,6.24,2,27,460759.3303,1,0,1,0,0,0,1
1318,550.0,1.632584218,3,301.44,7.88,8.9,106.99,24.28,98.09,1.36,4.79,3.78,5.93,2,26,54731.79713,0,0,0,1,0,0,0
3380,641.65,2.384926371,3,651.03,23.31,6.44,115.45,23.51,83.46,1.57,2.35,9.24,5.59,1,6,147523.6847,0,1,1,0,0,0,0
4929,2670.46,1.0,4,677.61,22.08,5.97,78.43,5.65,92.94,1.02,4.93,1.36,3.08,1,8,423431.9405,1,1,0,0,0,1,1
3034,708.47,3.351500898,3,607.66,1.93,7.48,38.55,8.48,98.45,1.65,2.57,10.0,3.65,1,19,337896.8435,1,0,0,0,0,0,0
2380,704.82,1.0,3,492.72,3.62,6.2,4.59,31.73,92.79,1.64,3.6,2.66,2.98,1,7,138159.0506,0,0,0,0,0,0,0
4811,1485.68,2.774651895,4,621.68,30.01,10.0,62.91,12.79,97.32,2.21,5.81,5.61,6.58,1,21,361800.4769,1,0,0,1,0,0,0
6082,1258.89,2.099496935,3,756.43,37.47,8.33,10.92,2.42,99.9,0.66,5.16,6.75,6.86,1,12,416701.4305,0,0,0,0,0,0,0
4311,550.0,3.069364801,5,852.7,42.0,7.13,30.05,6.89,95.44,1.51,6.85,9.27,6.82,1,17,222787.3257,1,0,0,0,1,0,0
2616,550.0,3.863504417,4,483.13,53.63,8.22,1.57,1.58,98.25,1.99,7.9,10.0,4.45,1,22,205174.3568,0,0,0,0,0,1,1
1166,550.0,1.174417485,1,134.22,5.91,3.83,15.1,45.95,99.9,1.87,1.27,6.33,0.73,1,12,208910.1716,1,1,1,0,0,0,0
4725,753.72,3.374582379,3,164.54,21.25,8.66,41.83,7.48,87.58,0.71,7.81,6.01,6.5,2,24,353256.4808,1,1,0,0,1,0,0
3471,1556.84,1.03074372,4,447.06,7.5,7.92,6.57,7.18,96.56,0.81,1.44,7.31,7.64,1,6,244774.2891,0,0,0,0,1,0,0
5905,1999.62,1.360429527,4,793.89,7.78,9.89,106.8,7.76,99.1,2.23,6.9,6.69,7.36,1,16,418452.767,1,0,0,0,1,0,0
6540,1923.32,3.278186737,3,664.17,13.18,5.55,69.27,10.15,87.97,1.82,7.6,7.72,5.52,1,16,793453.0142,0,0,0,1,0,0,0
6655,1599.99,3.371591563,3,525.08,12.36,7.82,4.18,9.3,93.06,1.26,8.51,7.48,6.54,1,15,405430.6489,1,0,1,0,0,0,1
6094,1313.22,3.657003281,3,975.73,18.87,8.23,57.42,27.31,87.46,1.66,6.27,9.39,5.72,2,6,369187.1583,0,0,0,0,0,0,1
2871,550.0,1.613343807,4,314.08,30.55,5.57,49.77,8.92,99.62,2.06,2.35,7.16,7.64,1,12,153318.6384,0,0,0,1,0,0,0
1222,550.0,1.0,2,468.55,4.29,7.15,15.24,38.54,91.28,1.55,4.25,10.0,9.24,2,29,9369.4789,0,0,0,0,1,0,1
5977,1720.35,1.805128182,3,572.07,5.05,7.54,61.43,28.29,96.75,1.74,6.27,5.31,6.58,1,11,415678.0832,1,0,0,0,0,1,0
6810,579.17,1.846266772,3,414.2,35.56,8.35,33.84,39.41,99.9,2.59,7.6,10.0,7.35,1,7,234594.7157,1,0,0,1,0,0,0
4255,1312.86,3.150699464,3,617.99,53.96,3.56,28.26,0.97,91.82,1.02,3.61,8.76,6.29,1,4,360804.7154,0,0,0,0,1,0,0
1982,965.05,1.699108019,1,45.6,52.21,8.95,23.57,12.42,92.19,0.74,5.06,6.21,5.24,2,21,30094.35297,0,1,0,0,0,0,0
5981,938.82,1.151678579,2,484.13,25.48,5.71,73.06,7.16,87.58,1.65,2.66,5.45,5.87,1,8,205630.1056,1,0,0,1,0,0,1
4020,1564.31,5.021752151,4,203.81,26.46,7.71,21.56,21.05,99.9,1.41,7.3,7.67,8.58,1,12,582653.0365,1,0,0,0,0,1,0
371,1524.55,1.174475552,3,72.35,74.57,5.15,26.92,23.95,94.68,1.04,6.16,4.95,6.09,1,17,517890.7253,0,0,0,1,0,0,1
3482,1122.76,1.0,1,325.05,51.18,5.21,39.52,47.07,95.21,1.79,0.13,4.96,4.31,1,13,320623.3614,0,0,0,0,1,0,1
2131,600.38,1.0,3,104.02,28.65,7.23,12.59,1.19,93.12,1.26,3.11,5.67,5.56,1,19,142379.8559,1,1,1,0,0,0,1
3418,550.0,1.239618629,3,499.1,50.5,2.92,103.2,24.91,93.0,1.91,4.01,2.15,4.78,1,5,146946.0182,0,0,0,0,1,0,0
3424,816.9,1.0,3,397.89,19.75,4.09,65.77,27.21,91.61,1.21,3.99,1.24,5.85,1,14,185693.7983,0,0,0,1,0,0,0
1538,652.13,2.108468172,2,428.53,34.3,7.96,89.84,20.91,95.29,1.35,6.4,5.18,6.83,1,3,68910.55476,0,0,0,0,0,1,0
6781,1274.02,2.293897532,3,739.25,22.13,9.47,54.11,19.8,90.93,1.35,6.97,9.51,6.48,1,15,302066.2808,1,0,0,0,1,0,0
2744,852.32,1.835820184,2,351.18,21.4,8.03,73.64,34.43,98.81,2.52,7.98,9.24,7.09,1,11,144276.8472,0,0,0,0,1,0,0
1553,1261.43,3.474079651,1,326.72,52.91,7.24,33.88,9.32,99.9,2.29,5.48,4.6,5.55,2,34,158167.546,0,0,0,1,0,0,1
4335,902.27,2.809532205,5,745.2,83.45,8.73,10.92,20.64,84.19,1.99,4.81,7.74,4.24,2,12,643248.6309,1,0,1,0,0,0,0
5525,550.0,1.444868191,4,578.04,34.49,4.48,1.75,16.18,96.06,1.79,3.9,1.95,1.53,2,6,216343.9035,1,0,0,0,0,1,1
2817,821.78,1.0,3,782.35,35.37,4.2,16.02,0.76,94.07,2.3,4.34,5.22,6.9,1,15,155516.4024,0,0,0,0,0,1,1
5916,1350.5,4.290597408,5,901.31,22.13,10.0,32.56,25.07,97.51,0.11,8.59,10.0,7.18,1,15,628746.1878,1,1,0,0,0,1,1
618,1625.02,1.0,5,195.41,44.81,5.56,49.96,5.86,88.85,1.69,1.16,8.09,8.19,1,20,351389.5403,0,0,0,0,0,0,0
2381,1008.98,2.205272443,2,541.78,42.45,7.73,109.27,14.07,94.58,1.56,3.42,6.64,6.56,1,16,180590.8908,0,0,0,0,0,1,0
5186,634.61,1.558218369,5,286.52,44.41,7.07,8.78,24.48,84.27,1.53,4.49,7.22,5.59,2,28,240649.4869,1,0,0,0,0,1,1
4391,675.22,3.688655116,3,203.03,5.55,7.34,3.34,15.29,88.86,2.06,4.65,4.79,8.56,1,9,529115.9739,1,0,0,0,0,0,0
4526,831.6,3.770260253,4,721.34,58.13,4.5,16.1,8.93,87.75,1.19,4.92,3.41,4.96,1,11,440052.2067,1,1,0,0,0,1,1
4375,1760.27,3.635891375,3,552.58,30.05,7.01,90.16,22.93,88.98,1.29,1.53,9.53,4.04,2,20,379055.4962,1,1,0,0,0,0,1
3524,877.48,1.537088216,3,10.29,41.36,7.52,29.63,24.03,89.98,2.77,4.93,6.28,6.79,1,26,224654.9278,1,0,0,0,0,1,0
2629,1929.26,1.0,2,972.95,11.12,8.75,72.24,10.01,97.07,2.17,5.8,5.28,6.42,1,14,127870.0669,0,1,0,1,0,0,0
6779,1864.1,1.0,4,771.54,8.11,9.46,12.75,17.27,90.35,1.24,4.58,8.94,6.55,1,10,659442.2232,1,0,0,0,0,0,1
4123,1384.88,1.0,3,486.84,17.87,7.3,92.69,12.6,97.79,2.05,8.35,6.41,8.06,1,19,250688.8758,1,1,0,0,1,0,0
6274,1390.12,3.322871077,6,563.31,24.52,9.16,20.39,3.17,86.53,0.31,5.89,10.0,5.99,1,14,698729.6476,1,0,0,0,0,1,0
2766,795.24,1.167822382,4,540.4,27.48,9.98,36.06,11.16,99.63,1.09,4.1,4.28,8.04,1,10,233147.5893,0,1,0,1,0,0,0
3895,1490.23,2.178167054,5,689.33,49.56,8.78,10.68,15.31,95.68,1.19,6.07,9.49,8.29,1,17,399257.3861,1,1,1,0,0,0,0
1656,598.21,1.0,4,433.83,49.93,7.05,10.66,8.89,93.02,1.62,6.71,3.04,6.56,1,14,67913.49848,0,0,0,1,0,0,1
4818,1015.9,2.685340734,4,512.55,70.59,6.97,31.45,10.22,89.55,2.11,7.47,10.0,9.67,2,26,288913.3543,1,0,0,1,0,0,0
969,1151.07,1.70946631,4,496.72,41.12,8.01,26.01,8.42,89.57,2.29,6.21,10.0,7.13,2,16,353543.0437,0,0,0,0,0,1,0
1843,919.69,1.464331369,2,875.66,6.51,8.62,42.13,31.65,97.64,1.22,5.41,3.6,5.67,1,15,47640.12344,0,0,0,0,1,0,0
3024,550.0,1.0,1,383.02,91.47,5.48,44.42,33.59,90.2,1.96,2.22,9.03,6.5,2,33,176783.7826,0,0,0,0,0,1,0
3151,1226.69,1.727044024,4,341.57,39.68,7.54,7.97,3.07,99.46,2.22,2.2,6.14,8.4,1,22,298820.3115,0,0,0,0,1,0,1
3386,1034.82,2.138077722,4,782.79,21.05,9.29,17.64,42.63,97.55,1.91,6.72,3.05,3.52,1,7,265783.9819,0,1,0,0,1,0,0
6250,1058.03,1.890419673,3,372.22,37.01,8.66,13.74,28.76,97.81,1.16,6.41,2.6,5.94,1,12,488752.8841,1,0,1,0,0,0,0
5046,560.07,1.083233099,5,428.93,25.01,7.11,53.63,19.48,99.9,1.33,2.94,6.91,5.61,1,13,260452.629,1,0,0,0,0,0,0
1211,675.65,1.0,2,335.64,54.64,7.5,46.06,18.42,96.69,1.64,1.91,2.87,5.94,1,11,111822.1266,0,1,0,1,0,0,1
6027,1361.81,2.647526914,3,583.9,47.28,8.0,136.94,17.22,98.1,1.67,6.16,4.48,6.68,1,14,430979.5042,1,0,0,0,1,0,1
1428,856.95,1.949941737,3,382.5,25.33,9.07,26.41,29.51,93.75,2.6,8.27,8.22,6.96,1,10,153369.3663,0,0,0,0,0,1,0
6469,1339.82,3.151348521,4,768.82,38.12,7.2,23.11,17.28,86.93,1.32,4.5,5.58,6.79,1,23,614400.8334,0,1,0,1,0,0,0
426,695.79,3.19872624,2,83.24,47.32,6.06,47.77,7.97,93.74,1.44,4.29,4.41,3.69,1,6,79052.54416,0,0,1,0,0,0,0
4094,1309.07,2.416468498,3,814.98,50.91,5.25,48.85,11.01,89.09,2.05,1.71,3.39,3.43,1,11,324594.6609,1,0,0,1,0,0,0
5574,550.0,1.814805846,4,50.69,14.85,9.38,13.49,19.44,97.68,0.86,7.64,10.0,10.0,2,22,245858.4567,1,0,0,1,0,0,0
4271,1689.64,3.5324845,2,417.65,14.38,8.21,79.72,33.86,99.77,0.77,6.98,7.91,6.17,1,14,364517.3556,1,1,0,0,0,1,0
1923,1051.87,2.010965531,3,323.72,40.07,8.98,66.42,7.91,98.67,2.72,6.66,10.0,6.39,2,43,219410.7359,0,0,0,1,0,0,1
4689,1719.91,1.0,3,524.54,35.11,6.12,6.89,10.26,92.33,1.63,5.58,4.78,6.85,1,15,319247.5692,1,0,0,0,0,0,0
3395,940.49,1.38572167,2,622.82,32.99,5.57,23.83,14.69,99.9,1.84,4.35,7.28,9.06,1,11,224547.4302,0,0,0,1,0,0,1
6612,1205.36,1.080523538,3,644.72,15.3,10.0,68.94,2.1,99.9,1.76,6.84,8.83,6.05,1,16,262013.4141,1,0,1,0,0,0,0
404,550.0,2.335347984,4,470.97,46.95,5.73,63.28,16.99,91.65,1.77,4.65,3.71,6.29,2,36,144424.8466,0,0,0,0,0,1,0
491,764.69,2.702025134,2,600.05,45.4,6.3,5.45,23.63,92.76,1.43,4.25,2.7,5.71,1,8,61314.06072,0,0,0,0,0,0,1
6411,1808.55,2.611942743,3,554.65,25.62,6.61,41.44,18.78,87.51,1.17,2.67,8.47,6.46,1,22,551923.2973,1,0,0,0,0,0,0
3494,550.67,2.442586928,3,546.54,40.36,5.65,82.19,4.53,94.23,0.86,4.12,1.13,3.79,1,13,189334.7939,0,0,0,1,0,0,0
824,550.0,1.0,3,283.41,49.39,4.48,67.51,31.51,88.31,2.36,4.71,0.29,3.56,1,15,186543.244,0,0,0,0,0,1,1
2542,550.0,1.0,3,142.71,26.94,7.16,88.54,16.32,93.87,1.32,5.38,2.88,5.87,1,21,106951.1456,0,0,1,0,0,0,1
3673,1594.84,3.453196124,3,714.72,51.53,7.63,29.47,1.15,92.22,0.42,4.72,8.64,8.31,1,11,482614.7525,1,0,1,0,0,0,0
4943,1941.44,1.605345786,4,28.23,39.35,6.62,3.18,6.73,98.42,1.18,2.76,7.37,5.51,1,11,445847.912,0,1,1,0,0,0,1
2790,855.93,3.413394624,1,946.67,34.96,5.15,42.11,41.26,97.47,2.09,4.21,3.47,6.04,1,24,148396.1528,0,0,0,0,0,1,1
6829,1567.18,1.256754286,2,1056.24,7.67,5.3,34.74,22.53,97.04,1.59,5.95,8.39,8.04,1,20,280102.9819,1,0,1,0,0,0,1
3515,1477.56,4.341648566,4,1071.19,25.58,7.5,44.02,23.52,99.9,1.25,5.61,3.8,4.48,1,12,479802.0439,1,1,0,0,1,0,0
6130,1464.33,3.44636295,3,772.16,46.01,10.0,94.81,9.89,92.43,0.57,5.53,3.68,5.54,1,8,449034.8947,1,0,0,0,0,1,0
6795,694.46,1.797675577,3,358.04,48.21,6.02,49.09,47.46,98.44,1.89,5.99,5.91,3.21,2,46,243341.0341,1,0,0,0,0,1,1
4969,1126.88,1.691232305,3,815.71,13.18,6.82,66.91,41.22,99.9,1.27,5.79,2.77,5.02,1,12,284735.4916,1,0,1,0,0,0,0
1788,550.0,1.0,3,419.73,12.48,8.26,115.89,1.56,99.9,1.39,3.19,7.43,5.56,1,12,119914.749,0,0,1,0,0,0,0
5466,1123.12,2.807912486,4,204.76,22.51,7.77,51.0,16.84,96.06,1.7,6.03,8.36,6.94,1,11,415682.2923,1,0,1,0,0,0,0
2187,550.0,1.50379603,3,773.12,29.87,8.74,43.71,34.19,92.26,2.5,5.38,5.71,6.15,1,4,106977.6882,0,0,1,0,0,0,0
2145,550.0,1.674216418,3,688.6,50.9,6.13,67.1,27.76,91.99,1.69,4.62,8.33,7.21,2,33,-4848.589775,0,1,1,0,0,0,0
4505,550.0,2.62889831,4,551.02,20.39,7.79,22.03,2.43,99.54,1.17,6.19,6.42,3.46,1,12,328916.7116,1,0,1,0,0,0,0
3246,1313.81,1.378630849,3,587.36,47.02,5.35,45.43,25.64,92.97,1.31,4.63,6.3,4.47,1,6,264548.7689,1,0,0,1,0,0,0
1841,550.0,1.0,2,249.49,14.51,10.0,39.08,27.23,95.34,1.72,5.13,7.03,4.31,1,19,42390.06208,1,1,0,0,0,0,1
5047,1477.74,1.0,5,110.94,52.85,8.19,46.9,2.29,89.91,1.65,5.8,3.08,5.79,2,24,445912.1067,1,0,1,0,0,0,1
5400,1564.04,3.69789852,3,583.64,33.79,5.51,54.03,17.94,91.82,1.69,7.4,6.72,6.17,1,22,540163.3662,1,0,0,0,0,0,0
1209,550.0,1.147176694,3,481.26,6.05,4.41,18.74,46.29,95.36,1.91,2.59,3.92,3.71,2,24,-475.9367002,0,0,0,0,0,0,1
974,550.0,1.493029111,3,453.89,30.11,6.2,4.68,15.11,95.92,0.9,6.52,2.05,5.2,1,19,53751.98863,0,0,0,0,1,0,0
474,843.94,2.89297938,2,687.64,0.18,8.71,69.9,14.57,96.94,1.49,3.06,6.81,6.42,1,11,148312.0712,0,0,0,0,1,0,0
3311,949.75,1.827098987,1,327.0,56.33,3.19,40.14,0.08,97.66,1.25,1.83,10.0,6.99,1,13,40113.49891,0,1,1,0,0,0,1
215,550.0,1.837848466,3,210.65,53.64,5.56,58.79,36.66,87.7,1.95,3.91,4.46,3.77,1,20,116173.9285,0,0,0,0,0,0,0
656,550.0,2.510126506,3,824.51,30.05,7.38,52.35,30.59,93.41,1.18,4.09,0.15,3.84,1,24,85564.36574,0,0,1,0,0,0,0
4596,831.53,2.096109951,3,673.58,13.15,9.23,43.92,8.18,92.31,1.17,4.2,6.92,6.58,2,20,270215.3455,1,1,1,0,0,0,0
3235,1209.01,2.51544318,2,467.9,12.94,7.17,4.93,7.97,88.04,1.08,4.59,8.25,7.18,1,12,272168.7346,1,0,0,1,0,0,1
2519,550.0,2.34568442,2,607.25,32.65,4.37,70.67,3.51,95.91,0.61,2.16,4.74,7.67,1,13,96783.55551,0,0,0,0,0,1,0
1583,550.0,3.220149471,2,340.36,14.6,5.76,51.41,12.25,93.09,1.67,5.18,7.74,8.54,1,13,138648.2066,1,1,0,0,0,0,0
4634,1170.91,1.739283902,3,368.51,22.73,5.1,3.38,16.55,95.91,1.16,7.01,4.47,4.7,1,3,371709.5387,1,0,0,0,0,1,0
6168,1868.71,1.778267553,3,974.79,34.01,6.11,109.51,18.73,96.61,1.62,5.51,6.27,9.37,1,12,424277.6789,1,0,1,0,0,0,0
1130,550.0,1.245151321,2,746.69,44.67,2.91,70.77,19.7,89.93,1.69,2.1,7.08,6.87,1,15,99727.90961,0,0,1,0,0,0,0
3038,884.98,2.523608028,3,1100.91,16.42,5.41,31.02,3.0,93.78,1.31,3.08,7.68,7.31,1,7,125107.5666,0,1,0,0,0,1,0
2063,550.0,1.174556206,3,174.71,28.92,5.04,77.36,26.02,91.29,1.53,2.09,4.82,6.25,1,27,54547.30857,0,0,0,0,0,0,0
6873,1161.83,2.883597828,3,911.19,13.47,6.53,5.94,8.36,99.9,1.4,4.6,6.13,10.0,2,40,334479.0491,1,0,0,0,0,1,0
4592,550.0,3.059713017,3,659.46,12.74,7.76,67.2,7.45,96.14,1.89,6.75,4.64,6.01,1,14,331748.4182,1,0,0,0,1,0,1
4407,1481.17,2.385616904,3,866.11,22.61,5.04,9.44,17.45,99.9,1.12,7.69,7.34,7.12,1,17,514886.6573,1,0,1,0,0,0,0
131,706.65,1.225752027,2,346.58,54.6,2.92,36.93,21.73,92.57,1.83,2.3,8.12,4.53,1,17,145196.911,0,1,1,0,0,0,0
4347,1194.4,1.880675455,4,145.74,25.85,6.52,106.45,2.8,96.07,1.95,6.75,8.26,8.41,2,23,268462.3843,1,0,0,0,0,1,0
5410,550.0,3.46721705,3,230.72,38.85,4.41,14.7,12.5,90.94,1.6,3.39,8.71,8.0,2,29,399787.183,1,0,0,0,1,0,0
3566,1906.63,2.437671144,5,308.92,64.06,8.05,37.18,11.48,89.51,2.39,7.96,5.35,4.82,1,30,584209.071,1,1,0,0,1,0,1
1341,759.0,2.729982972,3,175.26,17.94,3.38,94.97,25.87,97.11,1.72,1.2,6.86,7.9,1,8,137572.1093,0,0,0,0,0,0,1
2184,550.0,1.000603592,2,742.6,47.93,4.22,20.88,18.18,91.23,1.74,6.07,5.46,5.47,1,25,26868.716,0,0,0,0,0,1,0
6960,952.97,1.742003354,3,240.46,25.16,8.17,37.74,7.73,97.98,0.43,6.38,5.73,6.88,1,25,298308.0495,1,1,0,0,1,0,1
4743,1797.71,3.856885415,2,517.93,40.12,8.5,16.94,25.35,97.42,1.75,5.93,7.01,6.84,1,4,827201.5172,0,0,0,0,1,0,0
594,556.8,1.252063127,3,963.36,13.49,8.44,35.93,14.03,96.3,0.57,4.71,5.34,5.48,1,8,114069.6882,0,0,0,0,0,1,0
6473,1569.34,1.814456749,2,414.48,28.18,8.07,41.23,2.69,95.54,1.26,5.44,8.34,9.01,1,18,371869.744,1,0,0,0,0,0,0
6363,1433.01,1.387789672,3,646.99,31.51,7.34,64.14,9.14,95.29,1.46,7.06,9.78,7.32,1,9,355175.318,1,0,0,0,1,0,1
810,1177.13,1.0,3,282.06,59.04,8.28,17.52,24.51,99.16,1.0,5.18,5.19,10.0,1,14,125915.9305,0,0,0,1,0,0,1
247,614.58,1.0,2,207.28,37.4,8.37,77.09,10.8,98.25,2.64,6.49,3.97,4.47,1,26,6235.488942,0,0,0,0,0,0,0
5834,1517.93,1.979825365,3,446.08,25.24,6.64,9.86,13.14,97.69,1.1,4.8,8.3,9.0,1,11,496716.6455,1,0,0,0,1,0,0
4374,689.64,3.009721242,3,459.57,34.24,6.28,15.41,5.49,94.29,1.28,4.95,7.23,4.35,1,14,298325.0741,1,1,1,0,0,0,1
29,732.5,1.626907461,3,149.54,18.9,6.6,41.2,27.82,72.05,1.49,4.61,2.7,5.4,2,21,138102.8122,0,0,0,0,1,0,0
1119,550.0,1.0,1,190.53,67.53,4.71,96.79,17.15,95.93,1.52,2.3,5.74,5.34,1,16,107531.9487,0,0,0,1,0,0,0
3363,1126.79,3.106802977,4,357.44,74.35,8.34,13.98,27.98,97.86,1.32,1.98,4.74,4.28,1,13,380483.85,0,0,0,0,1,0,0
4842,695.85,2.716703709,3,1058.78,22.0,7.39,23.15,5.18,98.97,1.54,6.43,10.0,5.53,1,17,312570.8333,1,0,1,0,0,0,1
2792,1246.55,1.0,2,777.32,31.13,6.3,26.72,31.59,98.19,1.92,6.89,3.5,6.96,1,13,106598.7978,0,0,1,0,0,0,0
4243,1167.16,1.817916805,2,765.47,13.18,7.67,89.86,13.23,99.9,0.49,4.23,5.61,5.4,1,17,310091.3441,1,0,1,0,0,0,0
4755,1835.22,1.484723632,4,110.04,9.53,10.0,9.0,10.15,91.18,1.26,7.5,10.0,9.6,1,19,539982.7024,1,0,1,0,0,0,1
6013,1167.36,1.253899633,5,342.4,16.17,9.67,89.03,3.54,90.8,1.02,8.58,5.29,4.61,1,14,321426.4606,1,0,1,0,0,0,0
1974,550.0,1.0,4,91.33,30.39,7.19,38.93,1.26,85.09,1.6,3.43,2.6,6.62,2,35,193452.6634,0,0,0,1,0,0,0
4666,1033.09,1.564856005,2,127.95,2.94,4.3,16.02,0.04,83.58,1.67,3.45,3.14,4.85,1,13,147960.7724,1,1,0,0,0,0,0
633,706.79,1.155115128,2,210.71,52.78,7.61,49.29,19.56,93.92,1.4,1.74,6.08,2.67,1,7,4828.725067,0,0,1,0,0,0,0
46,550.0,1.0,3,576.18,50.25,5.63,1.6,18.78,91.75,1.86,1.27,6.83,5.66,2,11,381.1989165,0,0,0,0,0,0,0
6280,717.49,3.602810998,3,487.61,21.91,5.26,132.58,1.29,92.9,1.11,4.92,8.96,8.32,1,12,232720.4924,0,1,1,0,0,0,1
4745,1313.05,2.289200244,5,789.87,30.11,9.92,49.79,8.0,99.53,1.33,7.11,5.24,7.31,1,23,399639.294,1,0,0,0,0,1,0
6030,1723.34,1.0,3,859.91,4.17,7.63,8.56,4.39,97.9,1.48,4.4,8.97,7.21,1,11,340157.599,1,1,0,0,0,0,0
868,550.0,2.736382871,2,874.61,43.33,7.08,72.76,23.3,91.17,1.04,5.06,4.3,6.32,1,17,95787.6041,0,0,0,0,0,1,1
4986,1214.26,2.249981105,3,608.01,13.04,6.65,29.49,2.39,87.96,0.96,4.7,5.64,4.81,1,13,362530.6983,0,0,0,1,0,0,1
1320,550.0,1.70818028,3,425.85,30.44,7.12,36.69,7.08,97.07,1.13,6.27,5.35,8.24,1,8,344686.9109,0,0,0,0,1,0,0
6185,1103.52,1.729279027,2,68.24,22.98,4.5,19.94,4.28,93.05,1.57,5.54,3.47,2.67,2,10,142512.3395,1,1,0,0,0,0,0
4923,1517.06,4.031468858,3,358.89,54.34,6.98,34.09,4.52,99.9,2.19,8.58,5.32,5.18,2,20,487666.5675,1,1,0,1,0,0,0
1543,1179.48,2.697331566,3,452.14,14.4,6.98,39.99,10.63,96.69,2.13,6.08,6.41,5.11,1,18,301617.6541,0,1,0,1,0,0,0
6138,1330.52,1.630532976,3,902.12,29.26,7.76,15.98,12.12,99.9,1.07,5.13,10.0,7.02,1,10,215385.4444,1,0,1,0,0,0,1
4129,550.0,4.250882548,4,407.63,57.14,6.65,84.92,8.06,97.59,1.04,6.88,3.41,4.89,2,28,290957.5558,1,0,0,0,1,0,0
3559,1289.46,1.087242539,4,667.17,41.11,8.56,46.35,23.49,86.95,1.36,5.52,4.9,6.95,1,8,226867.9175,1,0,1,0,0,0,1
5512,1622.43,2.290230829,1,454.07,7.31,6.82,22.81,7.76,95.78,1.78,5.87,4.58,6.22,1,15,325359.4153,1,1,0,0,0,0,0
4217,818.85,1.0,3,123.91,32.19,8.83,12.11,14.68,95.16,1.73,7.64,8.99,6.84,1,17,279702.9077,1,0,0,0,0,0,1
2503,550.0,2.733007971,3,431.09,8.16,7.55,109.32,17.29,99.9,1.99,4.28,5.67,5.6,1,14,377056.6467,1,1,0,0,0,0,0
5153,1542.55,1.487850444,4,278.23,18.91,7.61,41.62,3.32,94.86,1.28,5.22,8.89,6.18,1,10,584656.2107,1,0,0,0,0,0,0
3567,550.0,5.621338511,3,231.36,48.98,7.48,14.76,14.5,99.9,1.19,5.9,4.38,5.08,1,12,473038.2042,1,0,0,0,0,0,0
4693,1292.19,2.141679347,4,188.66,11.02,6.13,0.28,16.09,90.6,1.72,7.35,10.0,4.38,1,18,426411.9059,1,0,0,0,1,0,0
3058,614.7,1.242049934,4,693.29,11.43,8.99,25.55,35.14,99.9,1.14,5.7,1.12,5.0,1,15,298820.3,0,1,0,0,0,1,0
860,1362.68,2.455604838,3,820.32,17.28,5.7,0.45,18.37,99.9,1.75,3.71,2.47,5.17,2,34,265864.4318,0,0,0,0,0,1,0
4105,1075.51,2.721459812,3,243.85,22.7,8.54,44.48,0.79,96.6,1.68,4.78,6.47,8.22,1,14,196519.0927,0,1,1,0,0,0,1
2138,658.32,1.192712947,3,306.39,35.95,7.43,55.64,22.35,99.9,1.42,6.1,6.52,5.38,2,26,137837.1655,1,0,0,0,0,1,1
1984,1161.81,1.523913463,3,532.59,12.5,7.56,47.28,11.41,96.06,1.23,6.16,8.67,9.65,1,-3,91230.46459,0,0,0,1,0,0,0
4885,843.07,1.17062171,4,479.18,16.36,3.95,6.4,2.38,92.7,1.17,4.56,6.09,6.31,1,25,295135.8578,1,0,1,0,0,0,0
2310,1162.7,1.027098979,3,749.35,30.6,4.35,44.31,36.35,99.71,2.48,5.43,7.35,4.67,1,15,134424.6484,0,0,0,0,0,1,0
2759,550.0,1.0,4,348.12,4.11,8.23,27.41,1.35,99.9,1.27,9.94,5.67,6.29,1,7,231471.5919,1,0,1,0,0,0,1
2531,963.22,1.0,1,477.84,43.83,5.37,76.36,13.49,96.65,1.53,5.84,2.58,1.66,1,16,10628.14429,0,0,0,0,0,0,0
848,1036.2,2.807772662,4,200.87,76.02,4.69,35.33,7.79,95.39,1.66,3.7,6.17,6.31,1,9,266350.6879,0,0,0,1,0,0,0
1243,1793.47,1.0,2,373.72,28.07,6.73,54.74,11.32,93.52,1.19,6.5,4.85,6.74,1,8,284328.7391,0,0,1,0,0,0,0
4713,772.35,1.85799371,3,1015.04,9.02,8.44,5.79,3.1,94.86,1.0,4.8,4.92,4.37,1,17,366202.5972,1,0,1,0,0,0,1
4174,796.45,4.259342129,3,787.55,34.52,7.6,55.19,19.3,90.5,1.43,7.89,4.36,4.17,1,6,348154.3514,1,0,0,1,0,0,0
4270,2136.41,1.405469204,2,11.28,22.41,7.91,41.67,16.51,93.31,1.1,6.13,5.44,8.17,1,22,398066.5024,1,0,0,1,0,0,0
5325,1214.95,2.46267009,2,140.66,32.71,5.85,114.49,20.69,88.7,1.41,3.33,3.36,5.43,1,19,395288.9434,1,0,0,1,0,0,0
3045,1166.6,1.311216468,2,607.88,3.84,5.72,51.23,13.06,89.71,1.37,2.99,4.64,4.11,1,18,68189.14682,0,1,0,0,0,1,0
1180,550.0,1.062516942,4,287.23,7.63,6.5,69.53,6.34,85.79,2.5,3.69,9.22,7.69,1,7,76381.29324,0,0,0,0,1,0,1
3460,550.0,1.304851097,4,338.81,42.26,4.21,98.64,24.7,99.45,1.39,1.69,5.39,7.96,1,18,28890.23481,0,0,1,0,0,0,0
4330,1984.35,3.240217644,4,386.43,65.69,6.17,19.22,1.45,92.24,1.09,4.08,10.0,7.28,1,11,872239.6942,1,0,0,1,0,0,0
2371,550.0,1.0,3,333.2,32.45,3.84,78.08,18.12,92.15,1.51,0.49,1.8,4.21,1,13,96174.73584,0,1,1,0,0,0,0
2,550.0,1.779354157,3,754.57,12.47,9.2,48.38,23.74,96.6,1.87,4.26,8.07,8.48,2,34,48400.3444,0,1,1,0,0,0,1
6817,1614.78,2.235174498,3,516.29,7.34,6.03,98.94,21.96,86.59,0.7,2.75,1.34,5.87,1,5,393151.7691,1,0,0,0,1,0,0
6952,1449.58,2.300015269,4,887.59,32.01,10.0,61.98,6.39,98.39,2.68,5.45,7.07,6.94,2,29,261918.9326,1,1,1,0,0,0,1
1755,550.0,3.762071405,1,307.61,10.8,5.54,93.42,23.02,95.98,1.02,2.18,1.37,5.02,1,14,27563.54598,0,0,0,0,1,0,0
4011,749.4,2.763935052,3,1098.2,30.32,9.08,28.27,7.87,99.29,2.27,6.43,4.67,7.42,1,21,260871.9898,1,0,0,1,0,0,1
5572,864.47,4.570672448,4,395.39,23.07,8.14,57.56,33.35,97.08,1.09,5.91,4.76,3.41,1,9,838743.0762,1,0,1,0,0,0,0
1048,1236.85,1.875878575,2,294.35,24.57,8.2,42.37,17.37,94.93,2.09,3.67,3.21,7.12,1,7,27548.94519,0,0,0,0,0,0,0
5336,917.99,1.0,4,151.87,80.23,3.99,12.68,21.99,96.63,1.89,5.25,4.46,5.77,1,17,305963.3446,1,0,0,0,1,0,1
1418,550.0,2.462773049,2,450.64,37.57,9.15,50.07,4.96,94.08,2.13,4.68,10.0,10.0,1,20,27285.47326,0,0,1,0,0,0,0
5034,1009.7,2.48285994,3,770.03,32.11,7.14,62.35,17.08,92.1,0.83,8.12,0.31,4.16,1,24,436917.2906,1,1,1,0,0,0,0
4491,1191.96,4.44434622,2,583.2,36.95,6.55,60.19,2.0,90.53,1.92,5.03,6.45,7.15,2,6,367222.3174,1,0,0,0,1,0,0
6617,1743.78,3.180166039,4,730.81,4.6,8.95,46.58,8.2,93.27,0.82,7.34,5.62,5.2,1,27,987023.8196,1,0,1,0,0,0,0
862,952.71,1.305258238,4,313.49,28.18,8.56,37.67,10.43,87.72,0.88,5.9,6.2,5.13,1,13,457628.1775,0,0,0,0,1,0,0
3863,1157.68,1.025736516,3,820.77,3.04,6.35,11.92,7.93,87.97,1.4,5.82,10.0,7.57,1,10,372519.6424,1,0,1,0,0,0,1
6119,1202.35,1.7216453,3,311.3,39.48,7.67,58.34,4.12,88.17,1.62,7.48,7.66,8.07,1,12,469417.8459,1,0,0,1,0,0,0
6723,1657.31,2.640396347,5,336.55,26.31,7.19,57.89,0.61,89.93,1.03,5.29,3.58,3.61,1,9,453408.7451,1,1,0,1,0,0,0
2551,550.0,1.314401577,3,681.04,29.12,5.8,8.82,8.57,99.15,1.44,3.41,2.15,3.12,1,12,69323.67337,0,0,0,0,0,0,1
6922,639.15,2.494882235,3,272.52,23.78,8.83,0.41,1.58,92.14,1.37,5.24,4.97,8.17,1,9,431299.6384,1,0,1,0,0,0,0
2431,957.99,3.367604595,4,432.24,67.78,9.41,42.01,4.5,87.48,1.1,7.58,3.97,4.08,1,17,403591.5843,1,0,0,0,0,0,1
3797,1236.81,2.092959943,3,345.24,21.12,5.76,22.59,4.15,98.54,0.61,5.15,8.1,4.01,1,11,396093.1259,1,0,0,0,1,0,0
310,550.0,2.650587996,4,286.37,52.6,7.16,29.38,34.69,93.11,1.67,3.98,3.32,0.88,1,18,303386.8793,1,0,0,1,0,0,0
1618,550.0,1.515961278,4,129.04,31.96,5.51,21.36,11.46,94.35,1.85,6.21,2.66,7.84,1,22,186088.4746,0,0,0,0,0,0,0
1092,550.0,1.286405765,2,264.21,41.57,6.49,65.96,29.51,99.9,1.84,2.81,10.0,6.75,1,21,-5704.61006,0,1,0,0,1,0,0
1940,550.0,1.650686336,2,797.7,19.93,2.08,121.03,31.76,96.73,1.93,3.43,4.27,6.34,2,38,28449.98031,0,0,1,0,0,0,0
5933,1228.73,2.417602673,5,479.01,26.91,7.32,35.96,23.57,90.8,1.24,4.78,2.86,3.05,1,15,410734.3428,1,0,0,0,0,0,0
3825,761.51,2.150357571,4,612.64,36.04,5.09,11.8,6.25,81.41,1.41,4.71,8.35,3.54,1,32,302634.167,1,0,1,0,0,0,0
1229,1261.69,2.181176079,3,440.8,11.54,8.3,7.6,8.31,98.66,1.7,6.5,4.01,5.97,2,37,411441.7621,1,0,1,0,0,0,0
4855,869.91,1.0,4,99.09,7.45,8.59,60.35,28.28,98.79,1.19,3.34,6.21,6.34,1,15,609737.7688,1,0,1,0,0,0,1
6615,1186.64,2.882703148,4,775.84,34.22,7.68,4.63,0.23,90.35,1.43,6.43,5.29,4.65,1,18,406308.6127,1,0,0,0,0,0,1
5463,1035.22,3.566196727,5,387.71,19.58,10.0,3.25,13.18,91.06,0.7,7.2,6.89,5.54,2,20,707849.1411,1,0,0,1,0,0,0
1733,550.0,2.449772377,3,812.41,24.25,3.46,13.02,20.94,97.22,1.24,3.72,4.4,3.9,1,8,62811.57198,0,0,0,0,0,1,1
6975,1517.74,1.93668056,4,0.39,13.21,9.11,33.58,13.73,99.77,1.02,10.0,5.12,3.21,1,14,741927.7434,1,0,0,1,0,0,0
4759,840.32,3.472702865,3,263.42,0.66,6.41,2.04,6.78,99.9,1.97,7.41,7.83,5.72,1,5,387298.0928,1,0,1,0,0,0,0
3750,883.15,1.288352805,4,96.79,6.41,6.7,14.19,7.22,94.55,0.67,6.57,10.0,6.19,1,10,300867.4928,1,0,1,0,0,0,1
3063,1208.48,1.703415481,3,463.28,2.83,6.49,35.89,22.09,97.61,1.5,1.85,2.46,5.4,2,41,281833.0003,1,1,1,0,0,0,0
5618,829.74,1.842109064,4,740.29,7.17,10.0,10.99,34.49,95.51,0.69,4.82,4.18,2.7,1,24,435751.7904,1,0,0,0,1,0,0
2622,550.0,3.722478586,3,197.22,14.03,10.0,9.56,26.63,99.9,0.54,5.21,10.0,5.54,1,8,267771.3422,0,0,0,1,0,0,1
1393,550.0,2.639536292,4,105.28,41.35,8.14,54.3,25.43,89.63,1.29,3.93,6.09,2.43,1,11,159240.0233,0,1,1,0,0,0,0
4838,698.85,2.918705979,4,442.14,58.23,7.08,54.88,23.78,92.62,0.94,6.93,9.53,10.0,1,-2,288821.5017,0,0,0,0,0,0,0
4562,1377.07,1.859478982,4,295.86,23.91,9.08,11.84,27.2,93.79,1.0,5.3,6.94,6.56,1,11,485708.029,1,0,1,0,0,0,0
4349,1156.86,3.534017948,4,299.83,15.05,10.0,12.72,6.58,99.9,0.69,7.11,9.43,7.13,2,41,457005.2394,1,0,0,0,0,1,1
6395,1376.84,2.875836742,4,527.95,50.51,4.73,49.04,14.63,96.06,1.44,5.99,4.0,6.28,1,17,499144.0854,1,0,0,0,0,0,1
2834,1116.26,2.862050391,2,661.39,67.66,3.06,15.67,32.82,95.02,1.73,4.2,0.28,5.2,1,19,310274.7003,0,0,0,0,0,0,0
5608,2482.45,1.196504763,3,798.67,11.72,9.21,54.46,2.56,94.12,1.08,5.83,2.8,3.2,1,17,501956.3988,1,0,0,1,0,0,0
2405,913.16,2.128198377,2,371.9,73.02,6.1,35.25,10.13,93.01,1.02,3.11,10.0,7.65,1,15,196130.4532,1,1,0,0,0,1,0
3009,1118.5,1.0,1,797.38,11.84,7.65,61.14,7.53,88.99,1.33,2.08,8.22,6.0,1,21,61565.04323,0,0,0,0,0,1,0
4122,922.31,3.467240979,3,314.82,47.2,8.57,1.1,22.2,93.56,2.48,7.06,10.0,7.0,1,12,328178.1174,1,1,1,0,0,0,1
762,550.0,2.308283909,3,490.96,42.41,4.41,1.79,14.94,99.9,2.01,3.84,10.0,8.92,1,20,176342.4353,0,0,1,0,0,0,0
5110,590.26,2.134994742,4,327.18,2.54,7.58,23.48,16.7,97.15,1.16,4.43,3.25,8.56,1,23,284578.9049,1,0,0,0,0,0,0
3890,1061.65,3.470261807,5,1117.28,18.35,7.18,27.83,11.15,87.93,1.77,3.9,2.66,2.2,1,8,583822.5581,1,0,0,1,0,0,1
6159,550.0,3.507343964,5,747.14,26.02,10.0,39.25,24.72,90.29,1.39,5.64,6.13,7.1,1,13,244739.5445,1,0,1,0,0,0,0
966,864.41,1.075763612,2,281.15,94.46,3.78,10.62,16.28,87.12,1.56,4.39,5.34,5.52,1,20,53444.63757,0,0,0,0,1,0,1
5696,1677.82,1.852306618,3,510.87,27.46,10.0,42.24,13.27,98.55,1.07,7.04,3.57,10.0,1,9,556085.5164,1,0,0,0,1,0,1
3314,714.95,1.865325935,2,437.41,17.09,5.54,26.98,4.86,94.73,1.77,0.87,3.63,4.89,2,34,35651.44806,0,1,0,1,0,0,1
3441,630.11,2.487281222,3,470.22,0.39,7.59,27.9,2.76,92.16,0.85,5.45,7.07,4.69,2,47,285468.523,0,0,1,0,0,0,0
682,803.66,1.0,3,483.69,37.51,9.09,8.61,30.32,94.43,1.39,7.63,6.86,4.68,1,9,130449.5849,0,0,1,0,0,0,1
4959,1538.81,4.731176421,2,624.72,17.4,8.12,42.38,13.5,96.73,1.55,7.22,9.12,8.4,1,18,440634.7062,1,0,0,1,0,0,1
2546,550.0,1.658441884,2,484.81,62.49,5.4,77.71,36.14,90.64,1.91,2.65,7.22,4.08,1,21,203109.7794,0,1,0,0,0,1,1
991,1066.74,1.462896695,3,438.49,26.64,7.2,51.99,24.37,87.38,2.41,1.98,2.45,2.89,1,15,130584.1453,0,0,0,0,1,0,0
914,1590.06,1.294917961,4,422.69,19.03,8.56,6.35,3.05,86.64,0.3,5.2,10.0,8.35,1,18,336966.6752,0,1,0,0,0,0,1
5825,1515.32,1.61982965,3,624.82,34.98,9.54,38.55,29.93,81.18,1.26,4.29,0.95,2.85,1,29,243725.6442,1,1,0,1,0,0,0
5568,617.91,2.644761418,3,1047.74,7.02,5.41,56.75,1.39,91.41,1.1,4.88,10.0,9.25,1,16,281709.4838,1,0,0,1,0,0,1
6665,1506.26,1.928275837,4,591.29,7.11,9.64,39.02,11.18,93.47,1.5,6.85,9.48,4.96,1,7,466300.1987,0,0,0,0,0,0,0
185,550.0,1.0,2,603.45,26.64,5.04,54.07,40.13,89.58,1.79,0.57,0.66,6.16,1,16,109311.4591,0,0,1,0,0,0,1
922,1401.71,1.0,2,497.84,69.09,5.64,49.18,3.12,95.93,0.77,5.13,9.13,5.54,1,18,177365.2405,0,0,0,0,0,0,1
6128,1364.97,3.197284143,4,220.55,24.85,7.92,6.96,2.73,95.31,1.85,4.6,7.49,9.82,2,39,560246.9477,0,0,1,0,0,0,1
4170,550.0,3.084639275,5,906.71,57.87,10.0,11.52,29.19,93.72,1.04,7.31,3.75,10.0,1,13,360671.5643,1,0,0,1,0,0,1
3556,1866.18,2.045315008,3,1059.36,41.54,8.13,21.74,24.62,91.43,1.41,6.42,5.11,6.19,1,9,365885.3664,1,0,0,0,1,0,0
6688,1480.48,1.461065908,2,1058.42,9.74,7.59,21.59,18.03,94.77,1.62,4.71,5.72,5.11,2,23,289328.2996,1,0,0,0,0,1,1
1619,1226.59,2.047566352,2,900.44,5.32,7.48,12.87,20.06,98.24,1.0,6.33,8.28,4.47,1,9,130453.5625,0,0,0,1,0,0,0
1830,1184.42,1.03613066,2,374.27,49.89,4.05,48.83,25.91,91.13,2.05,0.35,10.0,6.71,1,7,85560.50228,1,1,0,0,1,0,0
2484,1044.51,1.0,1,32.83,82.63,2.87,48.29,37.33,94.67,1.56,3.04,10.0,3.67,2,53,119940.2728,0,0,0,1,0,0,1
3148,1004.05,2.900746272,2,412.04,16.66,6.11,14.03,1.58,99.9,1.25,4.07,3.72,5.17,1,9,176727.475,0,0,0,0,1,0,0
740,1046.69,2.355800961,3,157.52,16.44,10.0,60.58,13.98,92.06,1.91,7.1,4.42,2.83,1,14,152555.3246,0,1,1,0,0,0,0
6179,1158.81,1.0,5,367.32,55.44,8.34,89.44,1.83,97.35,1.74,5.0,6.95,9.4,1,15,365551.5933,1,0,0,1,0,0,1
971,550.0,1.0,2,130.61,31.0,6.09,49.05,15.2,93.28,1.4,4.85,8.38,6.19,1,27,74370.6469,0,1,0,0,0,1,0
2564,1480.66,2.109096043,3,641.79,51.98,5.96,28.27,11.0,99.9,2.02,4.82,5.94,4.43,1,12,221475.2986,0,0,0,1,0,0,1
4915,1198.23,1.858242636,4,570.11,31.39,5.76,36.2,13.0,85.63,1.01,6.47,1.61,5.42,1,28,338412.9055,1,0,0,0,1,0,0
3962,1183.0,2.195319416,4,332.92,40.62,7.72,3.09,22.02,87.5,0.47,7.36,8.86,6.65,1,17,475241.6117,1,0,0,1,0,0,0
5560,1432.31,3.374345585,4,457.25,13.05,9.62,0.16,24.35,96.61,1.64,5.89,4.2,4.97,1,19,540810.246,1,0,1,0,0,0,1
1116,550.0,1.0,2,65.14,37.18,4.32,46.18,13.68,88.29,1.58,1.95,6.22,7.92,1,12,3265.228971,0,1,0,0,1,0,0
5805,1141.4,2.420222685,3,1145.94,4.85,6.84,74.46,21.93,90.42,0.98,6.41,10.0,9.95,1,12,387645.1059,1,0,0,0,1,0,0
156,1030.86,1.281494767,5,64.67,42.58,10.0,36.79,39.14,87.08,2.11,6.41,7.28,0.93,2,22,257113.1606,0,0,0,0,1,0,1
2467,695.79,1.470449622,2,617.46,61.68,5.87,119.71,29.83,86.36,0.76,4.57,7.17,8.24,1,13,6392.885337,0,1,0,0,1,0,1
3860,1476.09,2.97776404,3,353.2,35.18,9.22,102.72,10.09,98.86,1.66,5.3,1.76,7.31,1,12,434782.5468,1,0,0,0,0,1,1
831,550.0,1.0,3,675.96,49.12,7.84,96.99,50.4,97.9,1.44,2.68,3.86,4.11,1,17,44077.08568,0,1,0,0,1,0,0
5454,866.0,1.0,3,535.74,18.55,6.3,25.59,23.97,86.54,0.7,5.07,8.29,6.23,1,12,181913.8771,1,1,0,0,0,1,0
835,550.0,2.141939453,3,402.36,52.7,5.15,70.94,3.11,90.32,1.36,0.93,1.12,3.05,1,21,2548.724071,1,0,0,1,0,0,0
2825,1276.24,3.271452228,3,359.12,32.61,8.48,42.96,14.37,98.61,1.48,6.12,9.39,7.61,1,9,280252.0625,0,0,0,0,1,0,1
502,2061.01,1.513392528,3,609.15,6.65,7.61,45.32,18.95,89.56,1.68,5.96,8.21,4.59,1,14,334948.7634,0,0,0,1,0,0,0
6538,1336.66,1.602641826,3,711.64,20.15,8.53,72.37,20.01,90.35,1.94,6.72,6.44,9.33,1,17,321585.2803,1,0,0,0,1,0,1
989,1002.61,1.827587908,2,245.08,15.47,6.04,45.71,22.91,98.44,1.08,3.92,9.69,9.04,1,18,99916.71379,1,1,0,1,0,0,0
3937,1450.16,1.69414352,4,580.83,11.26,5.84,56.67,21.94,96.24,0.69,9.07,5.92,6.03,1,13,692850.7799,1,0,0,0,0,0,0
923,550.0,3.182509376,3,307.22,51.18,5.81,34.43,7.01,91.89,1.41,2.43,7.43,5.86,1,9,176632.4287,0,0,0,0,0,1,0
2044,971.55,1.287436442,3,603.51,5.99,8.14,35.1,8.33,93.92,1.89,6.62,8.73,7.5,1,16,216531.5156,0,0,1,0,0,0,1
1980,659.38,4.124479716,3,1021.37,7.48,6.39,8.77,37.24,92.56,0.78,6.31,7.14,6.82,2,48,506533.7958,0,1,0,0,1,0,0
249,550.0,1.242729989,3,715.05,6.03,7.04,36.97,34.52,97.55,1.57,3.1,7.4,6.41,1,16,54874.10554,0,1,0,0,1,0,1
3911,1297.31,3.409991183,4,504.1,9.91,10.0,13.86,8.48,99.9,1.67,10.0,5.21,2.66,1,13,585930.5438,1,0,1,0,0,0,0
5152,1745.5,2.63114918,4,140.84,23.53,9.52,33.1,12.77,97.36,1.54,8.24,9.75,6.28,1,12,472545.0982,1,0,0,1,0,0,0
2683,1149.13,2.41414065,2,727.37,24.04,7.25,38.34,16.9,94.0,1.49,6.13,2.34,5.83,2,10,323854.6259,0,0,1,0,0,0,0
1346,1037.41,1.0,3,76.03,64.7,6.22,21.47,0.8,85.54,1.92,5.27,7.35,6.84,2,48,177525.0386,1,0,0,1,0,0,0
6399,1211.64,2.290264744,3,669.46,60.6,7.93,12.98,7.23,92.55,0.69,8.03,8.34,10.0,2,12,327876.6273,1,0,0,0,1,0,0
5995,1486.63,2.794933919,4,1054.01,21.19,3.98,29.77,4.57,91.73,1.58,4.8,4.03,5.16,1,13,437086.2111,1,1,0,1,0,0,0
3653,1628.62,4.946853616,4,831.39,28.89,10.0,60.38,5.19,99.9,0.59,10.0,10.0,8.79,1,11,896728.5519,1,0,0,0,0,0,0
355,752.35,2.166951471,1,723.63,53.33,6.48,61.57,39.25,98.83,1.03,4.72,8.86,6.58,1,31,21393.39346,0,0,0,0,0,1,0
744,818.4,1.103690579,4,740.32,1.36,6.92,53.03,21.14,88.53,1.5,2.0,4.17,5.49,2,28,142382.5948,0,0,0,1,0,0,0
844,774.52,1.324895934,3,225.48,60.59,5.99,17.55,21.27,99.9,2.83,3.5,10.0,7.08,1,9,127881.0592,0,0,0,1,0,0,0
723,701.87,1.0,3,75.44,20.55,5.12,57.58,32.54,99.9,1.87,5.59,8.63,4.7,2,29,206643.7081,0,1,0,1,0,0,0
1976,1269.27,2.224384095,3,249.34,32.19,7.17,57.33,28.73,92.11,2.26,6.71,4.62,4.77,1,22,254521.5076,0,0,0,1,0,0,1
2955,714.24,1.855069838,2,12.89,44.84,4.77,85.2,24.39,99.1,1.69,0.09,0.31,3.47,1,23,29049.73563,0,0,0,0,0,1,0
4340,1484.11,3.959221319,5,669.33,3.52,10.0,14.49,10.44,99.9,1.43,8.82,6.28,8.09,1,14,995203.6869,1,0,0,0,0,1,0
2214,550.0,2.332644005,2,1255.34,0.73,7.55,18.93,3.4,93.14,1.27,1.9,6.41,4.36,1,10,47494.2091,0,0,0,0,1,0,1
5394,781.98,1.702910765,4,419.94,43.28,4.5,62.47,19.1,94.82,1.66,2.52,8.81,5.51,1,13,306319.3323,1,0,0,0,1,0,0
6673,1814.66,1.98156814,5,433.52,36.34,9.72,14.37,18.72,90.0,1.28,5.47,6.83,3.23,2,30,515203.1336,1,1,0,1,0,0,1
3648,1258.04,4.055110876,4,590.21,40.66,7.59,17.65,30.54,88.71,1.21,7.56,6.64,7.62,1,19,620069.5958,1,0,0,0,0,1,1
3870,1806.23,3.472112645,1,898.98,22.15,7.81,35.91,10.91,95.56,1.91,7.84,9.17,7.34,1,19,242502.5509,1,0,0,0,0,1,1
4488,1191.59,2.027053537,3,324.28,45.84,5.56,1.26,31.09,99.9,2.29,4.76,10.0,8.27,2,27,328892.3425,0,0,0,0,1,0,1
5842,1838.44,1.0,3,366.11,78.07,9.98,27.79,12.95,98.67,1.47,4.97,0.17,2.78,2,26,287754.6252,0,1,0,0,0,1,1
3292,1795.33,1.0,2,644.33,55.56,6.73,79.78,33.87,92.93,1.27,4.96,5.26,7.33,1,10,212431.6387,0,0,0,0,0,1,0
5898,970.6,2.692247791,3,282.17,28.08,7.52,35.82,7.19,95.66,2.45,5.0,6.59,6.38,1,18,380166.7752,1,1,0,0,0,1,1
1258,996.4,1.940155168,2,462.37,34.75,4.75,121.06,36.63,83.16,1.49,2.25,5.84,7.73,1,17,132725.175,0,0,0,0,1,0,0
2988,1286.25,2.051681407,2,213.99,54.66,6.07,46.13,19.1,91.85,1.52,7.49,3.02,5.44,2,31,227987.1312,0,0,0,0,0,0,0
85,946.9,1.165890982,3,596.87,25.8,6.08,120.73,26.67,97.35,1.82,1.35,5.44,5.06,2,28,38906.05314,0,1,0,0,0,1,1
746,1148.7,2.345857002,4,555.46,3.27,6.58,100.13,28.76,93.35,1.49,3.98,5.77,5.46,1,16,257736.8465,0,0,0,0,0,0,1
5276,550.0,2.8685697,5,531.24,51.66,8.91,54.05,22.17,94.94,0.58,5.36,7.41,8.08,1,29,343737.6416,1,0,0,0,0,0,0
1867,775.79,1.0,3,74.17,13.6,6.05,73.88,5.34,82.24,0.55,6.07,10.0,4.85,1,20,113927.2628,0,0,0,1,0,0,0
1315,1304.58,4.219360875,1,818.42,63.59,4.03,13.53,15.72,88.03,1.25,6.38,3.35,4.39,1,8,320971.7801,1,1,0,1,0,0,0
5197,1310.08,4.552543779,5,742.73,60.45,8.7,137.11,31.9,87.17,2.1,7.16,10.0,7.7,1,16,480433.3289,1,1,1,0,0,0,0
3898,1392.98,3.425531099,5,540.6,45.52,9.94,137.73,6.56,94.08,1.11,9.22,6.17,5.02,1,15,794342.6109,1,0,0,0,1,0,0
5008,1739.49,2.776479404,2,637.75,52.17,7.9,51.77,3.82,99.9,1.04,6.6,10.0,7.46,2,33,450220.1592,1,0,0,1,0,0,0
962,550.0,3.078351494,2,912.03,39.76,5.05,96.86,20.21,97.94,1.33,6.62,5.87,7.33,2,22,102459.7875,0,1,0,0,0,0,0
4650,1415.72,1.24438329,5,886.91,0.54,9.38,47.91,5.6,89.61,1.29,7.6,8.73,8.03,1,19,544566.8015,1,0,1,0,0,0,0
265,550.0,1.773790529,3,104.81,63.77,5.72,19.7,5.69,93.49,1.55,3.18,4.86,6.47,1,23,40861.62206,0,1,0,0,1,0,0
2428,1340.98,1.379886075,2,1008.71,13.05,6.0,107.22,6.51,83.71,1.27,2.42,1.24,2.43,1,20,105431.7338,0,0,0,0,1,0,0
4116,985.36,1.726943989,3,873.14,55.3,7.33,19.91,12.92,98.08,1.37,5.56,3.1,2.21,1,22,196533.0859,1,0,0,0,0,0,1
3086,627.78,1.488729198,3,219.09,5.84,7.57,12.27,18.14,94.47,1.46,5.37,5.75,6.68,1,11,216202.937,0,0,0,0,0,0,0
3139,1504.11,1.0,2,175.54,20.0,7.1,35.8,36.01,96.69,0.8,1.3,3.06,4.21,1,12,19393.29249,0,0,0,0,0,1,0
2069,952.05,2.699239026,3,986.01,23.79,5.36,57.24,44.39,82.06,2.28,4.3,0.35,4.11,1,15,337099.9413,0,0,0,0,0,0,0
4202,1320.0,3.646496468,4,669.14,47.81,10.0,33.11,0.35,96.25,2.13,10.0,7.0,10.0,1,4,566943.1682,1,0,0,0,1,0,1
4533,1010.63,2.841730977,3,512.88,44.63,4.1,9.1,12.2,88.57,1.83,5.79,10.0,4.48,1,9,305326.4999,1,1,0,1,0,0,1
1800,550.0,1.355317906,3,403.52,1.88,5.33,50.01,14.23,90.74,1.5,3.54,5.95,10.0,1,14,140857.3856,0,1,1,0,0,0,0
2235,550.0,1.557731277,3,305.33,48.4,6.48,76.41,65.2,99.9,1.35,3.36,1.38,5.34,1,15,112914.7412,0,0,0,0,1,0,0
3543,1391.17,1.0,4,494.7,40.47,5.87,33.02,4.93,99.9,1.3,4.56,0.32,3.71,1,10,407789.724,1,0,0,0,1,0,0
3062,914.43,1.984390002,2,424.12,49.03,5.39,121.47,14.04,99.9,1.64,5.79,7.64,5.28,1,17,34535.45873,0,0,1,0,0,0,0
2212,550.0,1.0,3,302.6,4.04,4.1,68.49,13.35,91.08,2.06,2.2,1.51,6.27,1,12,13641.92296,1,1,0,0,1,0,0
6814,1360.67,2.422366557,4,941.43,17.12,7.33,3.16,5.15,98.74,1.88,4.6,5.92,8.24,1,8,405077.5331,1,0,0,0,0,0,0
4266,1366.27,1.296475459,3,43.72,46.69,5.89,28.66,17.51,94.01,2.12,4.3,4.26,4.78,1,9,418035.8591,1,0,1,0,0,0,1
6592,1592.74,2.702851175,3,787.97,4.56,7.6,19.0,32.65,97.97,2.68,7.23,3.87,6.24,2,19,450887.3701,1,0,0,0,1,0,0
1985,550.0,1.0,3,842.98,40.93,6.57,9.39,10.87,93.58,1.87,1.93,3.55,4.36,1,14,41350.96088,0,0,0,0,0,0,0
1371,979.69,1.0,2,674.18,6.07,7.8,31.97,17.08,86.31,1.18,4.47,6.64,4.68,1,7,63896.3882,0,0,0,0,0,0,1
2122,550.0,1.415720626,4,326.79,44.7,7.81,40.8,27.43,94.21,2.14,3.38,8.1,4.62,1,2,62300.19491,0,1,1,0,0,0,1
5772,1457.94,2.333148493,2,30.7,60.65,5.31,49.68,20.53,93.47,1.91,6.12,10.0,6.47,1,12,338836.4137,1,0,0,0,0,1,0
3907,1468.73,3.190979483,2,488.45,61.96,5.74,9.26,15.54,93.44,0.94,8.12,4.89,6.32,1,15,262529.0227,1,0,0,0,0,1,0
6719,1466.12,1.620333016,2,564.1,13.4,9.46,6.97,15.6,92.24,1.36,6.56,10.0,5.64,1,14,658132.1823,1,0,0,1,0,0,1
5254,1001.18,2.867989655,4,568.49,12.01,7.51,65.49,17.42,88.88,1.06,6.21,2.83,5.58,1,15,442062.9497,1,0,0,0,0,1,1
5223,1237.01,4.135385948,3,395.55,33.33,10.0,43.39,1.83,87.04,1.07,8.26,6.04,4.65,1,9,488659.2802,1,0,0,0,0,0,1
2057,829.94,3.300679922,2,1120.61,66.7,4.65,40.09,5.33,97.8,1.16,4.5,4.98,4.14,2,29,129394.5473,0,0,1,0,0,0,1
6717,1893.71,1.745228553,2,701.27,56.29,8.39,88.05,6.43,98.85,1.37,6.53,4.33,4.15,1,15,459248.0135,1,0,0,0,0,0,1
5663,550.0,3.653844997,3,779.04,43.96,5.07,9.09,9.03,93.57,1.22,5.74,7.53,4.94,1,16,325203.6683,1,0,0,1,0,0,0
3947,1466.77,3.078264912,3,862.44,56.45,8.77,12.44,19.77,89.13,1.32,5.76,2.61,2.73,1,11,467686.5835,1,0,1,0,0,0,0
2058,550.0,2.109247731,1,579.7,17.15,5.53,47.01,11.84,87.58,1.8,5.06,4.42,7.29,2,44,89870.85846,0,0,0,0,1,0,0
3711,2120.93,2.647130908,3,868.57,22.37,9.42,23.94,1.45,95.96,1.61,5.76,6.15,6.16,1,17,349876.264,1,0,0,0,0,0,0
2904,550.0,1.0,2,637.98,99.73,3.48,104.02,34.36,94.35,1.87,2.4,3.77,3.64,1,14,136672.5294,0,1,0,0,0,1,0
4922,550.0,3.11877006,4,933.51,49.59,10.0,31.22,29.38,97.54,1.79,6.84,7.23,7.61,1,13,386350.5862,1,1,0,0,0,0,0
3838,1470.97,2.175998385,4,253.54,44.06,6.49,72.28,5.73,92.19,1.83,5.25,10.0,6.77,1,10,391043.9456,1,0,1,0,0,0,0
6284,550.0,2.09413931,4,177.28,18.5,8.02,69.51,21.65,89.35,1.45,3.71,4.65,4.92,1,9,200494.522,1,1,0,0,0,0,1
6932,1965.66,3.273779005,3,975.98,11.21,3.98,37.1,14.69,92.84,1.22,5.87,10.0,7.75,1,26,600217.7671,1,0,0,0,1,0,1
284,680.49,2.059072256,2,568.21,24.67,9.62,71.73,0.43,89.1,1.62,5.07,6.93,6.43,1,21,141064.1893,0,0,0,0,0,0,1
95,550.0,1.699870206,2,433.46,42.42,5.69,59.29,44.73,97.08,1.93,1.17,1.62,3.48,1,13,132360.3442,0,0,0,0,0,0,1
6677,982.47,3.49223685,2,664.33,19.43,5.01,27.53,18.15,93.97,1.6,5.39,7.91,9.9,1,25,426989.0261,0,0,0,0,1,0,0
2664,906.93,1.122152992,1,851.72,40.62,6.91,29.21,10.02,95.75,1.89,7.27,3.59,3.37,1,12,96892.59627,0,0,0,1,0,0,0
3955,1403.34,2.397441767,3,250.95,55.93,5.85,99.9,23.11,92.24,1.84,5.21,8.27,9.22,1,16,497935.9237,1,0,0,1,0,0,0
3442,1573.03,1.166598168,2,820.74,8.91,5.19,45.87,9.64,94.69,1.28,3.89,6.85,7.27,1,4,279996.3291,0,1,0,0,0,1,0
5960,1743.48,2.129060409,3,530.95,15.05,10.0,5.49,16.15,99.06,0.67,6.57,9.37,8.41,1,22,403011.4475,1,1,0,1,0,0,0
6879,1598.52,2.342005901,3,818.43,2.16,9.69,93.37,23.53,95.8,2.55,5.56,5.54,5.44,1,15,321531.0079,1,0,0,0,1,0,0
2649,1307.13,1.246173277,3,912.24,20.24,7.66,25.13,28.09,97.55,0.57,5.81,4.24,7.99,1,9,284459.3979,0,0,0,0,0,0,0
6512,2286.02,2.493692452,4,514.04,31.7,7.65,60.22,7.24,89.23,1.73,3.61,7.16,10.0,1,19,760076.4523,1,1,0,1,0,0,0
2280,550.0,2.54974639,3,228.76,12.67,7.64,61.04,9.78,96.81,0.85,1.63,4.39,5.01,1,17,100101.8545,0,0,0,1,0,0,1
5536,1259.23,3.765259306,5,741.42,12.62,7.9,1.9,4.64,97.29,0.8,6.38,1.25,5.2,1,11,969709.2343,1,0,0,1,0,0,0
2521,550.0,2.991104856,1,989.47,57.18,4.73,11.49,3.89,99.85,2.2,2.68,10.0,8.14,1,24,177844.9565,0,0,1,0,0,0,1
3613,1812.59,2.44672782,2,641.93,52.88,7.22,139.03,28.98,99.67,1.41,6.86,5.57,6.5,1,20,346251.7547,1,0,1,0,0,0,0
5931,1453.47,2.822587689,2,797.63,14.66,4.12,62.96,0.76,92.67,0.87,7.41,4.34,7.8,1,11,431367.9227,1,1,0,0,0,0,1
1284,550.0,1.317584151,2,436.97,26.02,5.82,88.33,12.8,98.78,1.46,4.67,4.8,2.78,2,32,61670.3211,0,1,0,0,0,1,0
4022,1428.71,2.254396104,3,959.21,22.77,10.0,19.33,8.89,99.9,0.49,7.73,10.0,9.9,1,19,581412.6396,0,0,0,0,0,0,1
2003,1161.42,2.609613824,3,314.41,26.21,6.07,69.75,17.1,95.17,2.29,5.08,10.0,8.05,1,14,200982.3173,1,0,0,0,0,0,0
5346,1166.38,3.239547258,3,832.25,45.36,10.0,41.2,2.96,91.24,1.55,3.1,8.79,2.5,1,20,333860.0217,1,0,0,0,1,0,0
2153,770.0,2.857381496,3,270.97,18.02,5.57,72.95,8.05,88.0,2.02,4.03,3.12,4.66,1,19,256793.7415,1,1,0,0,0,0,1
3764,859.96,3.326735552,3,133.08,51.88,9.7,63.9,7.19,99.9,2.21,5.36,6.78,6.13,1,17,230056.3439,0,0,1,0,0,0,0
2239,1494.7,1.475449538,3,961.7,48.69,7.16,14.67,7.97,98.38,1.43,6.72,5.57,9.88,1,4,408769.1936,0,1,0,0,1,0,1
3932,550.0,1.201810367,3,528.13,65.22,7.84,51.73,14.0,97.32,0.98,1.39,9.01,7.43,1,8,320981.3981,1,1,0,0,0,1,0
6001,1164.5,1.498225765,3,528.95,23.02,8.92,73.74,12.42,93.3,1.42,5.42,5.59,5.42,1,14,294526.8482,1,0,0,0,1,0,1
5352,897.39,3.063063247,3,866.78,67.91,4.58,29.1,9.05,94.3,1.73,3.57,1.23,5.02,1,11,273233.5507,1,0,0,1,0,0,1
4151,1769.01,2.15789403,3,388.99,12.43,7.92,61.9,25.5,93.64,1.99,7.39,6.49,4.01,1,4,574193.7712,1,0,0,0,1,0,1
4578,1579.61,4.353876061,2,700.44,39.09,6.46,15.87,9.46,98.55,0.94,7.38,10.0,8.88,1,13,540309.5412,1,0,0,0,0,0,0
43,1454.19,3.084477983,1,640.5,10.7,8.36,80.34,7.35,88.73,1.9,5.34,5.28,6.32,1,12,142388.0598,0,0,1,0,0,0,0
3956,1615.16,1.0,4,906.21,35.01,10.0,51.01,7.22,95.46,1.96,4.41,10.0,7.01,1,14,315862.6185,1,0,0,1,0,0,0
5917,1124.78,1.601573288,3,301.6,6.05,7.71,6.84,3.23,98.24,0.97,6.5,5.81,7.86,2,22,322526.3293,1,0,0,0,0,0,0
5639,1078.38,3.097254635,1,188.26,22.28,2.94,22.3,9.51,92.7,1.22,4.57,0.09,3.45,1,18,142054.1093,1,1,0,0,0,1,1
4416,1722.32,3.115219472,5,311.95,31.43,10.0,49.38,4.62,98.61,2.0,6.85,5.59,5.96,1,14,633212.6247,1,0,0,0,0,0,0
5437,1914.64,1.278973828,4,215.49,41.18,9.01,43.47,17.02,98.08,0.97,7.96,10.0,7.68,1,15,672145.4537,1,1,0,0,1,0,0
2802,836.14,1.284520774,4,60.02,21.46,9.47,54.85,20.34,99.9,1.64,5.14,7.86,5.35,1,18,333018.6514,0,0,1,0,0,0,1
3089,1136.53,1.123224629,2,29.91,52.44,4.26,68.95,10.64,93.94,1.37,4.57,8.59,6.62,1,14,161395.8146,0,1,0,1,0,0,0
5127,1761.86,2.597802573,3,139.96,4.39,9.57,27.3,3.74,90.15,1.02,8.19,10.0,6.64,1,9,662927.3922,1,1,0,0,1,0,0
6392,1370.88,4.521212684,4,970.89,28.58,8.99,30.69,2.84,90.59,1.94,4.23,3.01,4.95,1,14,578931.5714,1,0,0,0,0,1,0
5533,609.69,1.229508853,5,177.26,31.34,8.71,17.99,10.84,92.29,1.78,4.23,3.0,4.31,1,7,276246.5985,1,0,1,0,0,0,0
6287,1032.01,2.388750624,4,402.07,16.69,9.03,24.28,0.04,95.91,3.08,4.18,4.32,6.08,1,17,547649.3163,1,1,1,0,0,0,0
4333,550.0,4.15388497,4,237.86,26.34,6.93,97.71,6.32,97.57,1.91,6.86,5.67,4.89,1,18,494286.8668,1,0,1,0,0,0,1
5893,995.2,2.960876756,3,815.1,21.2,10.0,36.0,14.4,94.9,1.18,6.87,7.71,7.48,1,3,354683.9536,1,0,0,0,0,1,0
1809,926.68,1.297727069,1,358.07,12.14,3.37,9.61,12.01,93.28,1.42,4.16,8.72,9.13,2,26,-1565.999309,0,1,0,0,1,0,0
1003,809.47,2.933912434,2,549.16,44.95,6.04,44.15,11.02,99.9,0.94,6.87,6.15,4.51,1,7,196166.039,0,0,1,0,0,0,1
3859,1698.19,2.242258772,4,567.55,56.15,7.44,9.3,33.3,97.2,2.25,3.87,9.83,5.39,1,15,433067.5536,1,0,0,0,0,0,0
5148,1615.39,2.753904538,4,457.9,49.62,4.86,33.53,12.25,90.09,1.67,3.8,6.46,2.44,1,10,512972.4269,1,0,0,0,0,0,1
2393,891.84,2.272817764,3,731.06,68.74,7.61,31.8,9.57,97.41,2.07,2.42,7.12,7.52,1,19,170618.0334,0,0,0,1,0,0,0
1076,879.07,2.25711506,4,239.51,15.38,10.0,51.26,26.82,90.09,2.15,6.04,6.31,3.6,1,13,293589.0855,0,1,0,0,0,1,0
6503,1385.61,2.781406715,2,895.75,6.28,5.53,82.43,32.5,89.22,2.02,2.85,6.9,6.94,1,16,292166.225,1,0,0,0,1,0,1
3855,1442.01,2.08040968,3,282.2,26.76,5.76,3.53,12.53,92.23,1.93,2.55,6.56,5.04,1,8,362458.7634,0,0,0,0,0,1,0
3412,677.71,2.406364613,3,169.54,64.36,5.43,4.04,36.43,95.65,1.39,2.57,2.46,2.85,1,2,269721.0734,0,0,0,0,0,0,0
5982,1333.3,2.776923012,3,564.93,40.56,9.87,23.59,8.38,90.76,1.17,7.81,10.0,8.67,1,15,474642.7176,1,0,0,0,1,0,0
5295,1098.27,2.888874501,2,1168.45,2.53,5.62,71.17,2.44,92.33,1.19,5.65,7.65,8.12,1,14,287908.4525,1,0,0,0,1,0,0
300,550.0,1.0,3,78.01,38.2,6.34,23.61,11.65,87.43,1.72,6.5,7.17,8.28,1,9,204425.7091,0,0,1,0,0,0,1
2898,1437.31,1.726950311,1,568.03,42.56,5.16,111.91,2.45,94.06,1.15,3.0,6.69,5.59,1,4,118648.0487,0,0,0,1,0,0,0
2507,726.52,2.509504048,3,750.84,30.56,10.0,30.6,20.01,99.9,1.11,7.68,6.3,5.73,1,22,182174.314,0,1,0,0,1,0,1
942,550.0,1.157041773,3,371.84,35.14,4.27,67.25,27.17,99.9,1.51,6.38,4.23,4.24,1,20,180444.5006,0,0,0,1,0,0,0
6164,1696.31,3.10654682,3,419.32,48.69,7.04,27.18,29.97,97.49,1.65,8.32,2.26,4.41,1,13,620815.5028,1,0,0,1,0,0,1
2370,1193.66,1.0,2,725.85,22.38,5.09,51.05,9.34,99.48,1.47,3.43,7.45,8.63,1,13,132697.5984,1,0,0,0,1,0,0
1259,550.0,2.037002606,3,72.65,13.81,6.26,66.74,20.62,92.98,1.29,1.48,6.69,7.14,1,17,298610.929,0,0,0,0,1,0,1
6089,1333.31,2.810046359,5,378.03,54.59,5.76,40.84,5.6,87.99,2.52,5.65,1.91,4.51,1,17,525656.2378,1,1,0,0,0,1,0
2522,744.45,1.0,2,632.75,46.56,2.29,39.75,16.84,91.36,1.66,2.85,0.03,1.77,2,14,110397.4394,0,0,0,0,0,1,0
3156,568.77,1.537050762,3,58.05,75.0,4.49,0.02,6.3,87.0,1.9,4.77,5.77,4.71,1,14,166080.2134,0,0,1,0,0,0,0
4559,1561.19,3.092382168,1,471.66,31.38,6.13,17.27,16.28,99.9,1.33,7.27,6.81,9.14,1,15,445003.5571,1,1,0,0,0,0,1
4101,550.0,3.743513517,3,703.11,62.44,6.13,53.18,9.2,96.22,1.85,3.36,4.84,5.96,1,22,167895.9955,1,0,0,0,1,0,0
841,1502.69,2.3424295,3,195.91,3.82,7.19,5.63,42.44,97.55,1.33,3.68,3.66,6.13,1,15,185348.404,0,1,0,0,0,1,1
1868,1526.32,2.744059964,3,260.44,33.18,8.62,65.07,23.78,98.86,1.42,6.46,7.12,6.35,1,5,368190.2562,0,0,1,0,0,0,0
326,1324.79,2.969589023,2,445.99,56.28,8.0,36.69,39.55,89.09,1.32,6.21,10.0,8.07,1,16,435934.1944,0,0,0,0,1,0,0
2436,1608.98,1.331963555,3,922.9,18.83,8.7,27.84,4.8,90.17,2.42,4.41,5.39,8.04,1,14,187725.8227,0,0,0,0,1,0,0
6109,1538.12,2.007334878,3,905.75,54.86,7.59,9.84,10.64,96.98,0.62,6.24,8.6,8.81,1,16,361594.3519,1,0,0,0,1,0,0
3208,550.0,1.0,2,744.78,23.32,4.63,48.56,18.28,92.56,0.91,3.81,3.1,4.83,1,19,52119.36358,0,0,0,0,0,0,1
6495,1087.6,2.499408312,4,267.34,20.46,8.23,69.76,6.58,98.8,2.04,7.12,1.26,2.79,1,10,315836.5919,1,0,0,0,0,0,0
1464,1203.14,2.211822523,2,413.73,19.55,7.5,2.83,11.39,87.89,0.93,5.93,3.93,6.49,2,23,290067.0004,1,0,0,0,0,1,0
4988,1055.31,2.411380714,5,203.97,53.58,10.0,86.51,12.19,89.73,1.34,2.72,8.25,6.69,1,26,305598.0718,1,1,0,0,0,1,0
3131,818.16,2.2126038,2,652.94,16.28,7.61,12.9,20.93,95.68,0.94,5.73,7.88,9.42,1,17,212660.6431,0,1,0,0,0,0,0
2061,964.89,2.506289425,1,514.23,49.67,5.97,35.09,36.67,99.84,1.62,6.21,4.33,5.6,1,14,168373.8767,0,0,1,0,0,0,1
4790,1007.39,3.150864056,2,454.78,5.77,8.22,14.3,3.85,97.89,1.8,2.9,5.78,5.96,1,23,257574.4029,1,0,0,0,0,1,0
4483,755.0,1.925562331,4,807.85,7.79,8.01,28.54,13.8,86.16,0.76,4.49,5.5,5.95,1,17,256993.8289,1,1,1,0,0,0,0
2571,1461.93,1.421929889,3,637.14,18.28,4.37,58.68,31.49,84.14,2.41,2.28,4.33,3.73,1,15,164682.8475,0,0,0,1,0,0,1
3103,992.13,1.385731215,1,387.39,33.73,2.56,149.37,32.62,92.98,1.38,2.12,5.46,4.96,1,10,121533.3455,0,0,0,0,0,1,0
3333,883.04,1.652480772,3,259.69,3.7,7.01,19.15,9.32,96.06,2.02,3.27,4.51,5.13,1,6,184228.5993,0,0,0,0,1,0,0
603,660.8,1.0,2,221.21,33.27,5.58,92.32,12.74,91.38,2.5,5.62,3.43,4.83,2,21,10472.29772,0,0,1,0,0,0,1
4938,1463.53,2.115885049,3,810.13,31.02,3.88,55.85,10.79,88.99,0.9,9.19,10.0,7.98,1,24,359181.5114,1,1,0,0,1,0,1
4418,1672.6,2.254354233,3,744.28,11.36,9.14,45.94,20.19,87.49,1.23,7.37,1.08,5.36,1,16,588116.9171,1,0,0,0,1,0,0
5963,586.41,1.907082228,3,538.83,50.89,6.52,9.11,27.44,91.02,1.83,3.53,7.99,4.52,1,14,252828.2522,1,0,1,0,0,0,0
865,550.0,2.276513057,4,626.52,18.89,9.23,62.49,17.54,90.36,1.78,3.04,7.52,7.71,1,14,188343.3958,1,0,1,0,0,0,1
1890,550.0,1.355490263,2,427.19,33.22,6.64,3.64,14.83,86.33,0.96,2.45,8.66,6.78,1,17,24879.27194,0,0,0,0,0,1,0
4042,1702.79,2.1666681,5,267.7,54.48,10.0,87.98,20.93,92.9,1.56,8.32,2.73,3.89,1,25,807863.7875,1,0,0,0,0,1,0
6430,2007.78,2.541723131,4,1069.97,38.88,9.26,21.7,23.63,92.67,1.41,6.19,3.77,2.32,1,15,703578.4183,1,0,0,0,0,0,0
6716,550.0,3.992065969,3,290.16,20.37,6.71,124.49,2.85,97.47,1.24,5.16,6.67,3.21,1,21,300709.3625,1,1,1,0,0,0,0
5561,1128.26,2.574101471,3,827.47,29.71,7.24,89.18,3.97,94.02,2.0,5.95,8.89,6.17,1,21,525585.9453,1,1,0,0,0,0,1
3367,583.67,1.241379304,3,287.68,31.95,6.17,52.72,10.59,87.44,1.21,2.85,8.46,7.36,1,17,16794.90228,0,0,1,0,0,0,0
1280,629.62,1.0,4,40.7,41.63,4.39,101.05,16.54,90.57,2.15,2.28,6.05,6.51,1,15,18211.81356,0,1,1,0,0,0,0
830,550.0,1.527161136,3,200.61,46.26,2.67,62.18,37.1,88.73,0.96,2.16,6.14,5.81,1,3,64295.43476,0,0,0,0,1,0,1
3149,712.07,1.246323881,1,682.1,40.81,2.81,69.29,20.17,86.59,2.22,0.81,1.57,3.62,1,18,209713.4368,0,0,0,1,0,0,1
3799,1720.27,2.1008598,3,575.18,52.25,4.83,85.34,29.53,94.79,2.3,3.08,4.59,5.55,1,14,270976.2752,1,1,0,1,0,0,1
1904,718.96,3.835479015,3,786.18,44.73,4.99,42.3,31.59,97.29,1.17,5.52,9.14,7.63,2,37,458658.1941,1,1,0,0,0,1,1
4551,1840.83,2.48951151,4,409.58,20.31,9.98,87.57,3.47,93.1,1.23,5.58,4.55,1.88,1,26,389729.5315,1,0,0,0,0,0,0
4403,752.37,2.443595408,3,676.79,21.01,5.69,36.43,20.47,90.22,1.38,4.55,7.71,8.53,1,11,284072.9824,1,0,1,0,0,0,1
2050,878.12,1.0,2,204.15,62.45,5.75,66.76,35.38,92.27,2.05,2.67,0.19,1.97,1,19,18217.6246,0,0,0,0,1,0,1
1302,1135.98,2.426114625,2,410.51,22.02,5.93,34.96,16.52,89.43,1.49,2.24,7.81,5.38,2,12,301882.3992,0,0,0,1,0,0,0
328,1145.91,2.667758808,3,561.14,23.37,5.76,89.58,34.89,94.33,2.77,8.06,8.21,6.43,1,17,213036.8585,0,0,0,0,0,0,1
4849,984.21,2.5548594,3,120.1,49.07,6.46,81.28,33.98,90.17,1.86,3.27,5.32,8.26,1,17,227862.2101,1,1,0,1,0,0,0
1704,1001.09,2.895212104,2,170.91,50.77,5.55,65.95,22.74,98.03,1.89,4.72,5.37,3.84,1,20,283785.8909,0,0,0,0,1,0,1
2493,1058.49,2.539033669,2,472.04,46.06,7.39,10.57,8.11,97.45,2.26,4.29,4.36,4.52,1,17,277164.0323,0,0,0,0,0,1,0
6929,731.86,3.701062738,4,638.65,30.48,6.49,33.48,0.7,91.34,1.26,3.87,4.86,5.56,1,8,511441.8811,1,0,0,1,0,0,0
4025,2496.76,3.742168642,4,332.86,46.97,7.31,38.21,26.62,97.85,1.82,7.01,3.85,4.77,1,8,952492.7856,1,1,0,0,1,0,0
5814,909.46,2.229581892,3,355.83,47.66,7.02,29.92,40.83,87.72,1.59,0.82,7.82,6.63,1,18,375324.5264,1,0,0,0,0,0,0
479,1082.01,2.886157968,3,250.14,21.63,6.59,36.72,7.76,95.82,0.36,7.41,10.0,7.08,2,48,383742.4214,0,0,0,0,0,0,1
3629,807.07,2.560779072,2,445.1,0.3,5.34,59.04,30.26,86.31,0.97,1.89,7.65,6.56,1,14,300135.8299,1,0,0,1,0,0,0
1175,802.49,3.384253716,4,538.41,1.81,9.91,56.03,12.01,99.9,2.53,7.11,2.79,2.39,2,33,397351.823,0,1,0,0,0,1,1
6406,1073.54,1.880760455,2,508.27,31.42,4.83,15.02,23.89,91.54,1.92,5.61,9.47,8.47,1,10,346329.9649,1,1,0,0,0,0,0
2957,976.35,1.0,3,841.37,5.77,7.88,70.82,4.13,99.85,1.01,3.76,9.87,8.65,1,12,261258.4653,0,1,1,0,0,0,0
4010,1155.29,3.919738397,3,1012.36,22.93,9.44,31.93,4.19,94.42,1.1,6.05,6.61,7.2,2,30,491888.7794,1,0,0,0,0,0,0
117,757.36,1.679646996,3,613.27,23.72,8.47,10.25,11.93,96.15,1.07,6.28,0.58,4.4,1,18,205286.879,0,0,0,1,0,0,0
5653,728.22,3.590740405,5,676.73,33.2,10.0,117.85,24.92,99.9,1.37,7.3,9.51,6.52,2,33,365926.3088,1,0,0,0,0,1,0
2862,550.0,1.570492693,5,264.77,6.6,9.6,34.79,23.71,99.9,1.81,5.18,6.03,6.23,1,17,347421.2141,0,0,1,0,0,0,0
879,748.14,1.934062544,3,969.1,1.62,6.01,58.3,16.81,94.48,1.1,5.49,5.3,5.53,1,23,392855.7009,0,0,0,0,0,1,0
1029,797.81,1.360610404,3,859.48,15.99,5.9,45.27,12.3,93.75,1.44,2.84,6.46,3.52,1,11,85247.34849,0,0,0,0,0,1,1
466,968.6,4.370450006,3,625.87,45.22,7.04,13.54,2.28,96.71,0.68,5.93,5.45,6.79,1,15,376588.7389,0,1,0,0,0,0,0
5464,550.0,1.0,4,107.06,2.22,7.48,24.42,0.45,93.75,1.3,5.72,6.62,7.14,1,19,209096.2051,1,0,1,0,0,0,1
6064,1692.07,1.470800175,5,1222.86,14.24,9.83,58.4,10.8,91.85,0.98,4.54,7.77,8.87,1,-1,475778.9189,1,0,0,0,0,1,0
6515,1295.36,3.81972069,3,482.35,20.82,9.72,27.45,11.15,96.79,1.61,6.69,5.63,7.81,1,11,525388.6465,1,0,1,0,0,0,0
3083,807.11,3.421309922,4,134.11,26.15,9.07,33.18,0.22,95.84,1.11,6.44,4.19,1.77,1,18,372907.4637,0,0,0,0,1,0,1
5294,770.74,2.170610613,2,372.5,6.0,9.79,36.01,54.37,93.32,1.04,6.15,3.17,4.24,1,24,214274.995,1,0,0,1,0,0,1
5452,1446.43,1.0,3,315.55,64.45,5.34,37.17,5.81,85.68,0.73,5.2,6.39,6.79,1,7,468890.8604,1,0,0,0,0,1,0
1901,1008.55,2.772114469,3,1086.36,28.31,10.0,26.7,25.04,97.78,1.38,7.52,8.14,7.71,1,18,243140.9191,0,1,0,0,1,0,0
1975,1567.09,2.47389699,2,468.89,37.41,7.97,97.63,3.03,93.67,1.92,6.96,5.27,2.93,1,12,311559.397,0,0,0,1,0,0,1
776,1194.06,1.997969673,3,445.96,31.81,9.66,89.52,3.6,88.48,2.31,5.83,2.23,4.98,1,17,244690.5749,0,1,0,1,0,0,1
4664,1160.49,3.190078468,3,162.88,17.36,8.28,39.63,7.94,86.06,1.9,7.8,5.81,5.97,1,4,520451.2907,1,0,0,0,0,1,0
1786,1415.95,3.254603057,2,902.29,33.17,6.32,122.91,5.86,91.41,1.09,3.37,9.06,6.21,1,19,279246.2993,0,1,0,0,0,0,0
6271,890.09,2.777984747,4,269.05,62.7,10.0,54.09,8.36,95.33,1.77,6.93,8.59,8.5,2,37,391543.56,1,1,0,1,0,0,0
6101,911.67,2.874714893,4,76.77,43.04,9.69,77.64,18.97,94.23,2.11,5.8,4.96,5.67,1,13,470893.7723,1,0,0,1,0,0,1
6930,1128.66,1.912925825,3,764.03,11.49,5.13,30.64,6.52,98.15,2.09,9.61,5.69,9.49,1,18,280272.203,1,0,0,1,0,0,1
5188,733.82,2.977502516,3,440.05,32.07,5.8,104.19,0.89,84.79,1.6,4.6,1.08,2.08,1,11,460347.5865,1,0,0,0,0,1,0
5353,972.33,1.689928199,3,516.19,39.7,5.99,9.35,25.0,90.66,0.91,6.77,10.0,7.63,1,18,701885.6443,1,1,0,0,0,1,1
84,853.71,1.0,1,319.26,42.17,2.78,37.3,17.74,96.17,0.83,1.46,5.1,5.17,1,13,151186.7165,0,0,1,0,0,0,0
1665,550.0,1.0,2,631.84,71.08,5.92,119.62,44.1,96.17,1.52,2.39,1.75,9.54,1,9,31516.23512,1,0,0,0,1,0,1
3487,1335.94,3.92373722,2,242.77,49.05,7.98,13.12,13.19,93.98,1.38,5.43,7.1,7.54,1,14,408816.2473,0,0,0,0,0,1,0
5184,2186.44,2.98963516,2,626.15,47.12,7.3,46.46,5.55,99.08,1.98,8.59,7.45,4.88,2,12,492653.7133,1,0,0,0,1,0,0
2789,772.84,3.030843249,2,229.62,25.83,8.26,28.95,3.95,95.98,1.29,5.02,8.31,10.0,1,15,279635.3441,0,0,0,1,0,0,1
4851,550.0,1.676497784,3,339.7,5.16,7.56,3.79,9.4,92.72,1.49,7.66,10.0,8.52,1,15,190443.9214,1,0,0,0,0,1,0
2143,830.87,1.0,3,548.86,34.28,8.06,50.18,26.37,96.39,2.02,6.66,10.0,8.65,2,16,148245.4803,0,0,0,0,1,0,1
2199,772.24,2.352667277,4,821.65,17.17,9.45,39.16,27.38,93.11,0.86,5.22,4.51,4.85,1,9,205850.3205,0,0,0,0,1,0,0
511,1014.33,2.108076271,2,340.75,42.34,4.97,15.66,35.01,89.29,1.77,4.18,9.74,9.38,1,9,189581.5167,0,0,0,0,1,0,0
3209,782.04,2.24091868,2,463.51,52.54,6.15,24.74,32.58,99.9,2.05,4.05,1.38,4.8,1,0,117991.0048,0,0,0,0,1,0,1
731,550.0,2.440589404,2,225.57,46.01,5.19,83.14,13.07,96.21,0.44,1.73,10.0,6.47,1,16,25720.9692,0,0,0,1,0,0,1
2220,1117.45,1.0,3,85.43,0.62,6.48,24.14,20.2,91.99,1.72,3.91,2.99,3.26,1,20,158798.3802,0,0,0,0,0,1,1
6160,1525.94,4.921954665,4,1018.13,28.06,10.0,5.64,2.76,99.09,2.36,9.48,5.53,8.71,2,32,634075.873,1,0,1,0,0,0,0
4626,901.11,2.018850902,4,914.75,17.68,9.67,76.07,12.77,99.9,0.91,6.81,4.8,7.02,2,17,468925.6717,1,0,0,1,0,0,0
6197,1288.28,3.618089577,4,461.43,22.43,10.0,57.2,1.53,97.56,1.31,7.98,5.98,6.78,1,13,589936.7568,1,1,0,0,0,1,0
4861,2128.95,4.200452064,4,178.68,15.65,10.0,3.98,2.71,95.72,1.9,6.24,9.38,6.47,1,7,685933.2478,1,0,1,0,0,0,0
5575,1724.22,1.871871069,4,488.82,41.67,10.0,57.64,15.3,93.76,1.39,6.52,3.38,4.33,1,18,498427.2417,1,0,0,1,0,0,1
2783,1248.3,1.0,3,347.05,11.27,7.29,57.76,15.15,93.83,1.58,4.53,6.67,5.6,1,17,189974.6571,0,0,0,0,1,0,0
2002,550.0,1.0,2,55.33,11.54,7.24,48.84,40.58,96.66,1.09,3.54,2.7,4.02,1,14,125782.6905,0,0,0,1,0,0,1
5457,1454.5,2.56616366,4,393.24,33.38,4.77,59.86,5.17,89.97,1.65,5.4,6.23,6.73,2,31,457788.3346,1,1,0,1,0,0,0
6798,550.0,1.369239433,1,510.2,59.26,5.66,46.75,5.98,99.08,0.9,0.37,8.64,6.27,1,23,175787.9925,1,1,0,0,1,0,0
3666,990.36,2.109893688,3,270.8,19.87,4.77,38.09,2.07,99.13,1.48,3.69,3.63,5.25,2,24,307249.2654,1,0,0,1,0,0,0
6381,1405.88,2.389428059,4,887.54,34.9,6.38,19.14,13.49,99.9,1.11,6.09,6.68,3.87,1,18,471364.7085,1,1,1,0,0,0,0
4470,1317.76,4.223915819,4,929.56,48.61,8.49,47.21,7.88,98.38,1.96,7.25,9.23,6.8,1,8,526715.4522,1,0,1,0,0,0,0
1633,550.0,2.556681359,3,692.34,34.74,4.81,140.48,40.92,84.22,2.19,1.04,2.5,3.8,1,14,115122.1545,0,0,0,1,0,0,0
6276,1659.19,1.527864122,3,719.3,13.26,8.86,11.22,32.25,96.59,1.64,7.22,1.86,2.41,1,8,226521.1434,1,0,1,0,0,0,0
2757,1119.76,1.658322355,1,140.58,30.45,6.92,48.45,38.77,99.9,0.57,5.18,5.45,4.78,1,20,120733.9275,1,0,0,0,0,0,0
2859,732.75,1.344906712,4,58.16,14.7,6.3,71.71,21.54,88.74,1.5,3.94,0.64,5.29,1,18,179282.3746,0,0,1,0,0,0,0
1184,1434.69,1.303465068,3,566.34,54.15,6.08,13.7,19.45,87.99,1.5,3.74,5.61,5.82,1,3,181662.1164,0,0,1,0,0,0,1
5810,1307.6,2.517233532,3,718.87,23.52,8.44,73.47,1.89,91.21,0.99,6.32,4.36,7.75,2,35,347666.6671,1,0,0,0,1,0,1
3122,1094.63,1.183750615,3,1085.71,54.08,3.78,52.65,14.2,92.44,1.52,4.26,4.69,7.19,1,16,233459.4487,0,0,0,0,0,1,0
3184,550.0,1.893325297,4,617.07,57.36,7.97,61.35,21.62,95.78,1.66,4.01,10.0,5.92,1,12,249769.3938,0,0,0,0,0,1,1
2055,550.0,2.199335996,2,967.79,45.96,3.3,87.55,51.05,90.6,1.92,4.92,1.21,2.64,1,13,74562.97339,0,0,0,0,0,1,1
5889,836.34,2.215101305,5,737.65,21.47,9.17,54.44,10.24,93.65,2.01,7.6,10.0,10.0,1,20,655311.8839,1,0,0,1,0,0,1
4334,748.24,1.444367229,5,512.22,28.84,7.1,66.33,3.48,93.76,1.28,4.15,4.68,5.49,1,18,391672.986,1,1,0,0,0,0,0
4083,1239.61,2.545467564,4,318.27,35.62,8.2,4.33,6.75,99.04,1.7,6.15,7.05,7.07,1,17,515562.3516,0,0,0,1,0,0,0
127,550.0,3.038980425,3,223.9,30.03,7.24,34.92,12.52,91.52,2.06,4.86,10.0,10.0,2,8,178039.5233,0,0,0,0,1,0,0
4450,550.0,1.716016249,4,278.61,64.42,5.56,8.98,21.31,91.79,2.57,4.5,9.23,6.33,1,11,187980.6778,1,0,1,0,0,0,0
164,550.0,1.0,2,111.19,17.01,1.26,26.61,27.84,95.61,2.15,3.17,2.13,5.25,1,18,32747.97897,0,0,0,1,0,0,1
6631,694.47,1.916043108,4,608.85,34.01,8.07,64.96,21.25,91.76,2.55,4.62,8.6,7.65,1,19,230161.809,1,0,0,0,0,1,0
1510,550.0,1.0,2,172.25,25.83,6.14,18.11,10.22,95.01,2.11,5.07,0.32,2.11,1,8,112638.8583,0,0,0,0,0,1,0
3199,550.0,1.969694959,4,710.67,45.21,9.26,45.91,31.41,81.17,2.07,4.53,4.21,8.54,2,53,248829.5324,1,0,0,0,1,0,0
6850,805.99,3.548243691,3,418.21,12.08,7.98,46.17,22.09,97.94,2.01,5.95,5.09,4.13,1,25,325132.5206,0,0,1,0,0,0,0
1319,1202.03,2.180178619,1,484.91,30.4,5.15,65.54,10.34,86.59,2.0,2.26,3.03,5.27,1,16,184737.0137,0,0,0,0,1,0,1
5587,1077.55,2.21281669,4,81.33,8.21,6.86,7.57,27.18,92.21,1.75,6.67,0.75,7.37,1,6,377359.4058,0,0,0,0,1,0,1
2540,1542.53,1.0,4,462.3,31.22,6.89,7.38,27.23,92.89,1.75,4.04,6.43,10.0,2,20,425805.3791,0,0,1,0,0,0,0
472,1058.53,1.338524444,2,661.31,36.62,9.61,40.34,6.39,91.72,1.67,3.25,6.66,7.27,1,14,344027.0903,1,0,0,0,0,1,1
1997,689.33,3.138723409,2,710.52,32.73,5.03,67.73,24.27,92.5,2.08,5.58,6.19,6.67,1,4,143596.9474,0,0,0,1,0,0,1
18,1120.08,2.350677951,2,980.87,49.98,3.55,18.34,10.21,99.9,1.94,3.51,9.09,5.45,1,14,92154.62183,0,0,0,0,1,0,0
3952,1506.32,2.248913076,3,600.17,38.68,4.33,3.58,18.81,93.8,1.0,6.41,10.0,6.68,1,16,493802.0675,1,1,0,0,1,0,0
2956,1844.94,1.66687631,3,1202.52,63.25,9.04,20.67,5.02,99.9,1.49,8.01,6.85,4.15,1,5,312876.4707,0,1,0,0,1,0,1
2042,550.0,2.173253682,3,877.74,46.0,4.5,21.27,17.13,87.25,1.68,1.21,3.84,6.12,1,-1,60781.58616,0,0,0,0,0,0,1
5158,1361.24,2.250366564,2,822.86,32.17,8.45,54.73,5.36,95.77,1.12,6.42,6.25,6.38,2,39,247778.8189,1,0,0,0,0,0,1
2137,762.42,1.0,4,332.07,26.29,5.95,36.56,14.63,85.04,1.51,1.64,9.23,6.64,1,19,160232.914,0,0,0,0,1,0,1
1025,653.45,3.114278487,2,446.32,36.3,6.19,37.8,11.53,93.91,1.96,4.19,6.08,6.87,1,15,171912.0124,1,1,0,0,1,0,0
97,550.0,1.766305313,4,434.12,72.52,7.95,73.42,39.25,99.9,1.17,3.95,4.2,4.87,1,23,107219.9294,0,0,0,0,0,1,0
6968,550.0,1.774827464,3,66.33,17.37,3.45,39.22,11.57,99.29,1.42,4.02,6.22,4.11,1,23,270898.8759,1,0,0,0,0,1,1
5935,1272.81,3.374807467,3,869.23,33.62,9.09,8.48,26.87,92.28,1.04,5.23,10.0,6.29,2,8,445965.1743,1,0,0,0,1,0,1
3114,575.16,2.295370006,3,829.79,42.17,5.74,61.99,22.33,94.51,1.44,4.03,0.2,6.09,1,10,168791.315,0,0,0,0,0,0,0
5119,637.7,1.96507603,3,456.05,16.67,5.28,1.98,26.33,89.76,0.97,4.29,1.39,5.68,1,13,288034.1127,1,0,0,1,0,0,0
6110,787.47,3.599050775,4,616.03,4.72,7.48,18.29,18.33,93.0,0.77,6.1,5.51,6.91,1,19,354440.8726,1,1,0,0,0,0,1
2835,550.0,1.635095597,5,959.25,7.5,5.93,64.62,20.72,99.41,1.45,6.8,8.21,5.87,2,23,329833.1159,0,1,0,0,1,0,0
3161,550.0,1.0,3,482.35,49.75,8.49,7.33,24.96,89.01,0.59,6.2,4.02,6.87,1,23,187364.1829,0,0,0,0,0,1,0
5940,1092.67,2.067192302,4,963.26,21.94,10.0,61.41,15.54,88.35,1.97,8.83,1.88,4.36,1,3,314066.6652,1,0,0,0,1,0,0
449,700.49,1.0,1,596.34,40.61,1.67,53.29,1.6,94.11,1.52,2.34,5.2,6.23,1,12,155392.0039,0,0,0,1,0,0,0
550,918.9,1.422452121,3,403.11,48.74,4.63,68.8,26.56,82.09,1.52,3.56,5.49,4.43,1,9,145333.4683,0,0,1,0,0,0,0
6638,981.57,5.510838751,4,632.73,19.52,8.46,0.75,11.74,91.45,2.31,8.14,7.14,4.3,2,34,586187.5216,1,1,0,0,0,0,1
4372,982.14,3.445949333,5,719.34,29.47,9.53,55.67,4.06,98.37,0.58,6.22,4.51,3.83,1,26,533245.7382,1,1,0,0,0,1,0
3744,683.28,2.279648581,4,683.59,40.6,7.74,20.2,4.09,98.43,1.66,5.55,10.0,8.61,1,14,270057.6033,1,0,0,0,1,0,0
178,667.26,2.218261739,1,173.38,39.11,7.45,68.14,19.03,99.15,1.69,3.39,4.67,9.04,1,18,41238.17882,0,1,0,0,0,1,1
4529,1169.09,4.162430233,3,688.39,54.04,7.94,82.66,9.28,87.71,1.12,4.04,3.95,6.43,1,11,378119.5744,1,0,1,0,0,0,0
3654,1116.13,1.787935436,5,911.13,56.28,8.33,2.84,12.3,91.83,1.71,3.92,9.98,5.96,1,14,517182.2055,1,0,1,0,0,0,0
1340,1208.45,1.0,3,672.11,16.9,5.65,47.78,1.55,94.06,1.07,5.79,7.3,6.54,1,14,360147.4865,1,1,0,0,0,1,0
6801,1921.88,1.522281992,2,1107.22,50.88,7.46,104.99,30.66,90.67,1.69,8.52,5.06,4.6,1,12,335206.6146,1,0,1,0,0,0,0
3548,979.53,2.480127677,4,673.71,9.91,8.43,58.37,7.94,92.24,1.96,3.73,4.63,7.47,1,21,460852.3995,1,1,0,0,0,1,1
5775,673.6,1.0,3,716.87,45.2,4.23,41.93,21.32,92.12,2.25,3.0,6.5,3.29,1,19,371811.887,1,0,0,0,1,0,0
3520,979.4,1.282543664,4,651.09,76.65,7.39,24.69,16.67,93.44,0.96,6.14,5.63,7.17,1,19,321053.1422,1,0,1,0,0,0,1
1591,781.49,2.063206208,3,539.35,5.11,6.09,45.32,22.52,96.38,1.13,5.16,7.64,2.12,1,22,307301.0156,0,0,0,0,0,1,0
5739,1177.78,1.382255657,4,246.38,27.96,5.55,32.57,16.32,90.85,0.86,5.62,10.0,6.77,1,21,397433.1682,1,0,1,0,0,0,0
1516,1555.84,1.0,3,280.54,43.66,7.83,42.56,19.35,94.3,1.46,4.29,6.78,6.6,1,20,214773.8382,1,1,0,0,0,1,0
741,1573.03,1.495131123,1,220.63,4.89,6.87,134.12,15.44,96.99,1.66,5.38,5.62,4.77,1,12,119158.4838,0,0,0,0,0,1,1
4963,587.88,3.642300661,3,421.5,47.85,5.32,65.7,8.49,90.19,2.25,4.57,0.66,2.92,1,7,301890.1958,1,0,0,1,0,0,1
1769,661.34,1.994637758,3,652.11,44.51,5.52,10.59,3.48,89.48,1.74,4.13,5.24,5.37,1,12,160888.6307,0,0,0,1,0,0,0
6481,650.36,1.82733321,3,164.98,34.92,4.86,29.36,26.71,84.31,1.77,3.85,3.61,3.54,1,8,237118.8341,1,0,0,0,0,0,0
483,550.0,2.060659189,3,422.57,31.04,7.61,70.56,17.48,92.86,2.4,4.71,4.34,3.88,1,11,123785.6123,0,0,0,0,0,0,1
6561,1221.31,3.869980855,3,76.34,17.23,8.97,32.5,3.91,97.78,1.28,7.5,8.56,7.27,2,31,374725.8783,1,0,0,0,1,0,1
2810,1536.77,1.0,3,1005.53,28.63,9.48,38.92,31.67,89.09,1.48,4.68,6.65,3.32,1,17,206312.7714,0,1,0,0,0,0,1
2021,1070.82,1.554854041,3,914.35,39.25,4.52,63.35,45.25,94.48,0.9,3.26,5.77,5.6,2,18,19341.66737,0,1,0,1,0,0,0
6926,1198.59,2.044820314,4,949.8,18.68,6.66,10.72,11.81,99.9,1.6,8.62,10.0,9.54,1,22,441507.3266,1,0,0,1,0,0,1
1910,791.03,2.223999004,3,649.05,40.72,4.47,88.7,21.76,99.9,0.96,1.12,1.64,4.81,1,11,83223.89608,0,0,0,1,0,0,1
2485,905.01,2.004120199,3,937.71,42.12,4.74,81.71,3.38,99.75,1.43,4.99,9.22,4.2,1,6,230912.6636,0,1,1,0,0,0,1
6240,1315.31,2.918305572,2,572.74,40.48,7.02,20.1,13.71,93.49,1.42,5.84,3.78,6.2,1,18,347590.6378,1,0,0,0,1,0,0
780,550.0,1.406700187,1,617.59,14.23,4.53,57.06,15.83,91.4,1.41,4.52,10.0,10.0,1,18,170777.771,0,0,0,1,0,0,0
4644,1644.05,2.730712547,2,773.41,38.59,5.94,37.46,0.33,94.86,1.88,4.63,2.65,4.76,1,14,317478.1862,1,0,0,0,0,1,0
6059,1335.51,2.688470524,2,600.96,62.9,6.34,6.44,8.84,90.8,2.01,4.95,10.0,7.08,1,19,461869.2398,1,0,0,0,1,0,0
77,916.71,1.389641144,3,579.87,28.83,4.29,27.64,8.22,83.99,1.95,3.33,1.44,4.74,1,18,151737.7956,0,0,1,0,0,0,0
4878,550.0,3.063321267,3,27.0,2.59,6.08,11.67,2.95,99.9,1.83,6.19,10.0,4.97,1,13,173352.8089,1,0,0,0,0,1,0
1889,1010.28,1.621509322,4,158.03,54.34,8.51,105.2,11.48,97.41,1.82,6.96,5.51,7.36,1,24,301575.4544,0,0,0,0,0,0,0
5103,574.1,2.38636649,3,464.9,28.43,3.13,47.5,7.9,84.86,1.23,0.99,5.33,4.12,2,34,269969.5656,1,0,0,0,1,0,0
6903,659.36,2.636757297,4,221.75,45.75,8.02,73.51,15.5,96.12,0.59,5.19,2.98,4.25,1,12,455253.5625,1,0,0,0,1,0,0
6455,1438.43,2.405576106,3,166.12,48.11,7.83,71.85,2.09,95.0,1.87,3.79,9.76,6.97,1,5,275311.7215,1,0,0,0,1,0,0
673,550.0,1.724888129,3,549.2,63.05,5.38,10.54,17.68,94.52,1.08,7.55,3.82,2.11,2,40,154245.4734,0,0,0,0,1,0,1
2203,573.32,1.441246605,3,447.77,18.2,7.83,72.06,39.48,84.58,1.83,0.78,2.2,5.15,1,18,13035.67124,0,0,0,0,1,0,0
4782,1165.23,3.529198117,4,494.61,36.77,10.0,29.1,17.26,99.9,1.42,5.89,1.47,5.5,2,16,438372.7294,1,0,0,0,0,1,0
4971,1134.63,3.189209904,4,658.33,8.53,10.0,32.34,6.18,89.62,0.27,7.68,0.99,5.06,1,10,485899.161,0,0,0,0,1,0,0
458,550.0,2.115308415,3,599.17,19.77,7.45,8.88,6.23,99.39,1.26,3.4,9.86,7.84,1,7,145087.5401,0,1,0,0,1,0,0
2865,550.0,1.777040021,2,500.92,9.39,8.11,14.3,15.68,95.91,1.99,3.32,4.13,1.53,1,11,10648.1766,0,1,0,0,1,0,0
6085,550.0,2.016938901,1,85.72,44.22,1.45,96.17,6.89,91.91,2.1,0.09,0.84,3.95,1,13,310705.0014,1,0,1,0,0,0,1
6006,1404.58,2.04243306,3,508.44,6.07,6.5,15.2,9.68,91.28,1.47,5.88,3.28,5.82,2,13,527475.3012,0,1,0,0,0,0,0
5363,904.28,2.204267787,3,193.62,68.72,8.69,40.06,0.97,93.38,1.73,6.47,7.14,4.64,1,-3,223737.1883,0,1,0,1,0,0,0
752,1042.51,2.255735377,2,411.7,72.23,8.51,49.91,26.02,94.07,1.8,4.77,8.48,6.94,1,16,117791.016,0,1,1,0,0,0,0
121,576.05,1.0,2,705.36,33.8,4.28,0.2,6.39,86.57,2.08,4.03,9.94,5.97,1,15,37781.33227,0,0,0,0,0,0,0
3637,1024.7,1.34458366,3,827.3,12.85,8.71,13.88,9.28,99.9,0.88,4.87,2.74,10.0,2,19,275005.5216,1,0,0,0,1,0,0
699,1123.25,1.0,4,798.65,23.07,7.69,43.08,11.1,92.46,1.26,5.14,6.02,2.83,1,13,273324.5672,0,0,0,0,0,1,0
2924,550.0,3.431862421,2,521.81,5.33,4.77,55.46,35.96,89.09,1.73,1.2,4.99,5.03,2,35,80431.14977,0,0,0,0,0,0,1
6208,613.54,3.565264748,4,15.13,43.29,9.24,1.94,16.07,94.64,0.96,6.63,8.66,6.77,1,-4,471236.8766,1,0,0,0,0,1,0
1492,718.38,1.60688204,3,675.71,3.78,8.99,58.3,9.15,97.98,2.48,3.81,4.03,0.59,1,18,183357.6697,0,0,0,0,1,0,0
6911,1226.92,2.086939183,4,137.5,24.6,7.68,19.47,1.72,91.71,1.44,6.32,4.48,3.86,1,11,348552.8625,0,0,1,0,0,0,0
5540,1124.32,2.905167563,4,1259.3,20.76,8.9,3.3,0.11,96.07,1.25,6.38,2.96,7.44,1,21,405722.2348,1,0,0,0,0,1,1
1948,860.71,1.0,1,546.49,45.9,5.48,14.68,41.04,92.08,1.27,2.79,0.12,4.26,1,14,1682.1178,0,0,0,0,0,1,1
2086,921.39,1.0,2,140.16,49.43,5.61,70.67,39.13,87.02,1.62,4.28,10.0,8.26,1,8,-7039.291483,1,0,0,0,0,0,1
3365,550.0,3.506411166,3,26.09,18.53,6.75,4.82,31.67,99.9,1.79,2.59,7.22,7.4,1,10,236974.2049,0,0,1,0,0,0,1
31,583.25,3.852464259,1,503.48,34.81,6.63,24.36,26.0,96.16,1.89,4.47,6.5,4.65,1,16,124303.9335,0,0,0,0,0,0,0
2154,575.15,1.226580017,3,119.17,11.85,8.17,79.76,30.05,90.08,1.79,3.75,4.26,3.21,1,15,111407.2365,0,1,0,0,1,0,1
5846,1486.33,5.349310113,2,425.2,44.52,8.75,40.15,11.44,90.62,1.59,8.73,4.45,5.53,2,45,702790.3241,1,1,1,0,0,0,0
6167,1617.38,1.0,2,499.12,77.41,3.49,17.79,8.47,91.88,1.95,3.74,8.13,7.71,1,11,318282.5782,1,0,0,0,0,1,0
2758,550.0,1.361328463,3,337.16,20.54,4.0,33.87,13.55,91.67,0.58,1.62,4.28,4.55,1,16,29371.38837,0,1,0,0,1,0,0
69,998.18,2.025042343,5,358.05,4.74,6.82,79.88,4.86,83.21,1.79,5.07,5.78,7.13,2,19,344306.9524,0,0,1,0,0,0,0
1449,550.0,1.982628969,4,161.86,12.7,4.69,93.85,25.32,89.18,1.5,3.69,2.72,4.19,1,13,159165.4889,1,0,0,0,0,1,0
5215,1389.32,1.932042881,4,418.03,22.56,10.0,43.46,5.71,98.55,1.84,5.09,4.98,8.19,1,6,419519.2068,1,0,0,0,0,0,1
6777,1496.97,2.494885883,4,2.36,36.21,8.7,56.53,20.19,95.63,1.14,7.84,1.99,5.89,1,18,638079.8857,1,0,0,0,1,0,1
3175,586.27,1.0,4,468.91,18.49,8.54,33.13,39.04,94.06,1.59,5.77,1.61,4.4,1,17,145373.9594,0,0,0,0,1,0,1
3627,1556.62,1.807103625,3,906.76,68.38,6.48,116.44,2.25,77.89,1.98,5.11,5.27,4.67,1,18,462599.2165,1,1,0,0,0,0,0
3877,792.4,3.994737994,3,720.05,38.52,9.71,33.96,12.53,91.15,1.29,9.42,7.01,9.32,1,11,338938.2793,1,0,1,0,0,0,1
5286,1064.72,3.089683464,4,444.14,54.88,6.74,9.04,37.17,99.9,1.65,4.96,3.33,4.94,1,11,365824.4329,1,1,0,0,0,0,1
3959,550.0,1.716871268,2,517.5,7.45,2.88,55.19,34.38,88.01,1.46,0.74,5.56,6.05,1,15,266676.9403,1,0,0,0,0,0,1
6643,1195.3,3.301027482,3,340.34,11.28,10.0,19.06,1.87,94.23,1.53,5.98,9.55,5.18,2,31,259363.5126,0,1,0,0,0,1,0
3221,550.0,1.362745346,4,189.21,36.8,5.29,24.34,8.64,86.38,2.33,3.88,8.86,2.81,1,18,83277.7123,0,1,0,0,0,1,1
3146,1019.02,2.11975362,3,715.25,33.37,7.01,58.16,50.13,83.17,0.83,2.05,5.8,4.74,2,37,110514.3142,0,0,0,0,0,0,1
1531,1230.22,2.213007181,4,91.7,4.6,7.14,48.75,18.29,95.95,1.8,6.76,7.15,4.11,1,4,282142.1362,0,1,1,0,0,0,0
4501,1996.98,1.650798026,3,852.19,23.03,10.0,35.86,24.46,90.54,0.6,8.86,7.42,8.48,1,26,478372.0829,1,0,0,0,0,0,1
5338,641.65,2.49578175,5,166.7,24.65,7.06,86.73,11.9,90.81,2.24,1.82,2.47,7.67,1,12,383479.8799,0,1,1,0,0,0,1
2432,558.39,3.046281469,2,902.12,42.23,8.74,23.59,16.34,91.38,2.33,7.09,7.02,4.86,1,9,185802.8264,0,1,1,0,0,0,0
4361,1620.23,1.444896408,4,538.85,27.93,8.88,64.65,1.77,94.07,0.49,4.59,6.89,4.05,1,14,410892.2882,1,0,0,0,0,0,0
3574,1447.86,2.270184312,4,717.05,12.55,8.36,32.86,6.49,94.7,0.81,4.32,10.0,8.13,2,31,517052.145,1,1,0,0,0,1,0
5554,1252.11,4.074946677,3,778.61,16.8,8.05,20.76,37.13,95.04,0.95,6.46,10.0,9.15,1,11,546926.5535,1,0,1,0,0,0,0
3182,965.55,3.013962059,3,497.96,9.24,7.82,35.47,22.46,99.43,1.0,4.4,3.91,5.75,1,13,266008.3669,0,1,0,0,1,0,0
1912,550.0,1.515512591,2,683.12,65.12,4.85,6.01,25.26,85.94,1.11,1.63,2.41,4.6,2,16,80955.87358,0,0,0,0,0,0,0
504,874.53,1.0,3,381.24,40.79,5.8,82.95,22.35,96.08,2.07,3.56,4.66,5.74,1,2,180441.0288,0,1,1,0,0,0,1
339,1004.32,2.949058372,2,493.74,50.91,6.83,72.78,25.3,91.29,0.8,3.24,2.41,3.64,1,20,250193.7114,0,0,0,0,1,0,0
4910,594.02,2.430650909,3,673.19,31.53,4.79,71.99,6.3,93.7,1.29,4.03,1.93,5.29,1,11,281893.7416,1,0,0,1,0,0,0
3580,841.64,2.408433017,2,642.0,28.13,7.24,51.07,0.3,89.03,1.7,4.44,5.61,4.13,1,6,268959.8686,0,0,0,1,0,0,0
6552,1928.33,2.690446109,5,46.18,22.49,8.33,48.88,9.58,99.9,0.88,9.85,10.0,10.0,1,16,795437.2159,0,0,0,1,0,0,1
798,1001.9,1.115557467,4,594.65,32.64,6.76,35.47,12.51,99.9,0.7,3.44,6.91,6.56,1,5,145740.9193,0,0,0,1,0,0,1
5026,1190.2,1.671230273,3,670.03,29.32,5.74,59.45,5.15,87.59,2.44,6.68,6.24,5.08,1,13,296759.7975,0,0,0,0,0,0,0
6443,1399.26,1.078026363,4,558.14,29.05,6.92,75.53,5.18,93.77,0.45,3.0,4.97,5.29,1,10,450059.0013,1,0,1,0,0,0,1
4840,1443.95,3.820196359,5,855.02,48.82,9.67,83.55,34.74,85.34,1.1,6.93,4.17,7.84,1,9,631379.7313,1,1,1,0,0,0,1
5074,1588.95,1.0,3,587.24,62.59,3.4,42.69,10.2,85.52,0.94,4.12,6.13,8.69,1,12,335136.0728,1,0,0,0,0,0,0
6562,1491.55,2.049909627,2,394.18,53.75,5.78,15.62,2.47,98.43,1.54,5.45,4.05,6.66,1,17,538665.6114,1,0,0,0,1,0,0
6733,550.0,3.463615681,3,323.79,35.63,7.01,65.26,16.52,99.9,1.65,4.41,5.33,7.81,1,16,263236.5367,1,0,0,0,0,0,0
61,550.0,1.748838273,2,279.77,23.71,6.43,10.11,29.45,88.13,1.2,3.99,3.9,3.69,1,15,24010.94675,0,0,0,0,0,1,0
1775,550.0,2.711729564,3,596.38,40.74,5.45,2.08,27.31,91.07,1.47,4.67,1.06,3.86,1,6,80460.34962,0,1,0,1,0,0,0
5698,1163.29,1.209057453,3,378.05,37.06,8.6,15.82,12.68,99.9,1.25,7.94,9.13,6.35,1,21,263490.0901,0,0,0,1,0,0,1
2845,550.0,1.366286321,3,323.4,18.0,4.36,28.15,20.61,99.9,1.96,1.84,7.03,8.5,1,14,46658.69489,0,1,0,1,0,0,1
6910,762.97,2.154758706,5,778.49,63.01,7.45,7.04,12.92,83.62,1.66,6.3,8.59,6.71,2,13,370892.6448,1,1,1,0,0,0,0
2460,550.0,2.006951829,1,720.12,46.22,3.1,11.78,7.91,84.62,0.89,2.56,9.88,6.29,1,13,12815.10493,0,1,0,1,0,0,1
6948,620.02,1.682332063,3,720.97,42.93,7.36,26.42,25.05,90.82,1.48,4.26,10.0,7.27,2,26,239472.654,1,0,1,0,0,0,1
4237,1412.67,3.048185504,6,441.82,37.05,10.0,4.59,0.98,94.19,0.91,10.0,9.92,9.5,1,32,807504.6129,1,0,0,1,0,0,1
6748,2394.03,3.16426403,4,1226.38,9.52,8.33,2.56,2.89,99.0,1.5,8.01,6.3,5.03,1,14,836950.0651,1,1,0,1,0,0,0
1567,935.67,3.119035746,2,272.8,26.2,5.97,72.45,45.36,92.73,1.99,4.83,6.64,4.3,2,24,199375.4755,0,0,0,1,0,0,0
4289,1559.56,3.161562987,3,215.68,37.91,8.21,51.96,9.27,90.21,0.54,7.33,9.66,8.06,1,7,492878.5159,1,0,0,1,0,0,0
4742,1392.18,1.0,4,608.2,52.33,8.54,4.04,1.95,89.92,0.09,5.68,10.0,8.65,1,7,401405.0373,1,1,0,0,0,1,1
6177,1286.44,1.817333092,3,78.37,0.97,7.02,115.1,34.61,93.14,2.19,4.63,9.96,6.0,1,1,440991.8752,1,0,0,1,0,0,1
4456,2041.61,1.572120209,3,831.25,50.41,10.0,55.21,2.53,99.9,1.4,8.78,1.1,2.74,1,15,356521.9718,1,1,0,0,0,1,0
2848,550.0,1.0,2,680.1,56.39,3.77,37.3,51.01,90.54,2.18,1.51,2.6,3.71,1,15,239546.5162,0,0,0,0,0,1,1
1689,1035.83,2.0681476,1,1.71,29.27,5.19,34.67,20.19,93.4,1.15,1.29,1.0,0.92,1,24,19660.26532,0,0,0,1,0,0,0
4153,1788.56,1.884695177,3,138.08,6.45,8.81,69.79,29.72,99.9,2.14,7.08,8.0,7.47,2,21,498430.9712,1,0,0,0,0,1,1
2986,1483.89,1.953499456,2,542.94,48.02,7.91,80.22,17.02,96.5,1.62,4.75,5.17,7.6,1,11,88884.37611,0,0,0,0,1,0,0
2419,1418.88,1.839655384,2,257.58,39.49,5.06,74.98,11.32,92.73,1.5,4.7,4.43,2.53,2,26,286587.4405,0,0,0,1,0,0,0
4454,1219.26,2.918102072,5,349.82,22.94,6.47,6.46,3.39,93.86,1.37,5.47,7.41,7.46,1,19,574194.7758,1,0,1,0,0,0,0
6613,1449.62,4.082117066,4,361.41,25.98,6.85,114.63,9.0,98.36,1.93,4.79,2.47,7.82,1,7,816208.9971,1,0,0,0,0,0,0
1568,724.56,1.88046612,2,657.44,25.11,6.21,83.92,16.81,95.44,2.41,3.17,7.54,5.77,1,4,41842.93369,1,1,0,0,0,1,0
3965,930.04,3.673093499,3,340.51,6.47,5.4,10.78,23.54,95.29,0.82,5.01,8.1,5.63,1,18,389573.4498,1,1,0,0,0,1,0
6212,1684.91,1.683653064,5,678.12,18.72,10.0,44.6,9.12,99.9,1.09,8.61,8.56,7.27,1,17,504920.214,1,0,0,0,0,0,0
2339,1313.83,2.091742758,4,607.12,44.94,4.74,58.41,15.0,99.17,0.85,5.81,5.17,6.72,1,19,616184.8585,0,0,1,0,0,0,0
2094,1225.68,1.857548259,2,277.91,50.76,7.72,126.53,4.78,94.75,0.92,2.79,3.71,4.63,1,26,104629.9954,0,0,0,0,1,0,0
5019,1383.05,2.302008888,2,554.52,50.06,10.0,11.15,4.94,90.29,0.79,7.16,4.43,3.99,1,-1,590854.846,0,1,0,0,1,0,0
2041,869.37,1.326361307,4,998.29,61.37,7.06,79.2,42.54,95.03,1.28,3.93,7.28,6.83,1,16,77836.40852,0,0,0,1,0,0,0
4373,1479.65,2.569666538,5,469.03,1.51,10.0,39.62,6.92,94.56,1.93,7.03,6.54,4.6,1,13,667469.1262,0,0,0,0,0,0,0
2200,783.15,3.140983478,2,399.04,76.55,3.82,83.04,41.65,94.64,1.46,5.11,4.08,8.07,1,18,156084.1121,0,0,0,1,0,0,0
6935,694.46,1.0,4,776.85,15.9,7.34,21.96,23.31,95.11,1.21,6.49,8.54,7.77,1,11,233218.4887,1,1,1,0,0,0,1
2272,550.0,3.516063992,3,160.54,3.1,7.7,58.61,11.33,94.97,0.72,2.83,4.6,5.06,1,6,219187.1602,0,0,0,0,0,0,1
381,635.14,1.095115158,2,348.47,34.49,8.26,4.91,23.88,96.15,1.37,5.7,1.54,6.18,1,17,101566.3019,0,0,0,0,0,0,0
3864,762.09,4.639227508,3,703.08,35.11,7.52,2.98,23.88,92.96,1.8,7.3,3.55,5.95,1,10,559938.5784,1,0,0,1,0,0,0
2412,829.55,2.013780576,4,467.36,55.87,9.02,67.09,7.71,99.9,2.19,4.85,4.84,5.77,1,14,237371.4732,0,1,1,0,0,0,0
5547,1535.8,2.82176821,3,622.19,16.65,9.36,2.27,24.12,94.93,1.0,7.77,6.07,2.15,1,26,376121.6824,1,0,0,0,0,1,0
3912,1421.05,3.738715043,4,788.01,43.06,10.0,10.07,12.68,88.41,0.72,8.03,5.65,5.16,1,15,506669.1005,1,1,0,0,1,0,0
1390,550.0,1.750199905,3,510.17,42.66,4.71,20.18,23.83,88.36,1.82,5.09,6.63,3.52,1,13,65068.29802,0,0,1,0,0,0,1
5120,723.46,2.234002545,3,593.17,53.44,9.73,2.82,26.92,99.9,0.1,7.21,7.97,3.83,1,16,250062.6634,1,0,1,0,0,0,0
6681,1818.24,2.151700132,4,790.74,44.36,9.09,61.0,12.82,90.81,1.59,6.91,4.49,6.92,1,14,413813.0576,1,1,1,0,0,0,0
3914,550.0,1.908902833,5,600.0,43.0,8.6,18.48,1.25,98.51,0.44,6.14,3.6,6.32,2,37,338878.3488,1,0,0,0,0,1,1
1952,1170.32,2.82962323,3,640.78,25.91,5.75,70.8,2.45,89.29,2.03,3.54,7.11,2.21,1,4,294950.4352,0,0,0,1,0,0,1
4162,598.26,1.30146804,5,303.09,26.02,4.83,67.8,17.57,90.9,2.13,4.0,0.62,2.58,1,19,282584.1265,1,0,0,0,0,1,1
5151,550.0,1.051710353,5,222.26,64.69,7.32,49.18,17.88,92.13,2.02,1.25,8.84,5.62,1,7,230585.9273,1,1,1,0,0,0,0
2915,671.47,1.0,3,185.52,7.93,6.49,42.08,2.76,89.66,1.48,2.46,3.36,5.68,1,3,148007.105,0,1,0,1,0,0,0
5835,1227.38,3.257165825,3,516.62,18.63,8.99,13.71,19.05,91.81,1.19,5.35,7.19,3.18,1,18,459223.766,1,1,0,0,0,0,1
6172,1092.07,2.271618074,2,476.54,28.09,6.69,10.36,16.12,88.95,1.13,3.51,5.59,10.0,1,18,372149.3482,1,0,0,0,0,1,0
2342,550.0,1.0,2,422.75,43.77,4.04,32.67,35.18,95.9,1.85,2.25,7.32,3.08,1,17,71959.48995,0,0,0,1,0,0,1
4209,939.53,3.177402208,3,308.58,64.54,9.5,58.02,11.78,99.82,2.11,6.74,4.18,4.33,1,17,335756.4306,1,0,0,1,0,0,0
245,550.0,3.951180911,2,448.54,46.8,6.62,97.74,18.25,95.62,1.15,5.77,3.86,7.48,1,7,68378.91895,0,0,1,0,0,0,0
1439,550.0,1.0,4,317.27,3.71,9.72,7.01,5.06,95.18,0.99,4.72,9.75,6.34,1,16,152379.8568,0,0,1,0,0,0,1
1022,930.25,1.699286003,4,755.24,51.56,9.85,46.67,2.46,96.43,1.73,9.15,3.97,4.27,1,28,321654.8021,0,1,1,0,0,0,0
3233,1078.68,1.0,3,318.63,46.54,5.5,46.9,14.24,91.13,1.6,3.98,2.51,6.58,1,16,123213.8792,0,0,0,1,0,0,1
5076,1463.68,1.326067674,3,953.69,14.2,7.72,25.46,13.29,88.65,1.67,7.32,7.59,6.89,1,13,313996.1021,0,0,0,0,0,1,0
411,1312.45,1.133917508,2,254.48,74.74,5.62,52.27,33.63,86.17,2.38,4.56,5.98,6.43,1,18,118721.3214,0,0,0,0,0,0,0
2261,956.98,1.565269775,2,120.84,40.09,3.87,10.64,27.17,88.99,1.32,2.5,8.39,5.79,1,23,159941.2371,0,0,0,0,1,0,1
1062,805.18,2.558068308,4,949.4,58.93,3.47,20.4,21.02,89.88,0.92,5.09,8.08,5.96,1,18,270707.5242,0,0,0,1,0,0,0
4212,842.69,3.480505019,4,21.99,32.36,9.5,28.77,8.95,97.6,2.25,7.87,5.31,5.23,1,16,476132.221,0,0,0,0,1,0,0
6868,2046.61,1.834944387,2,499.5,24.77,9.48,35.69,11.67,96.04,2.3,3.89,0.33,2.49,2,32,313706.2967,1,1,0,1,0,0,0
6634,1638.78,1.0,3,893.49,36.03,10.0,66.96,27.04,97.81,1.33,3.66,7.24,8.19,1,17,194147.0398,1,0,0,0,0,1,0
4343,1361.08,3.033505302,3,932.45,46.14,5.68,116.42,20.88,84.7,2.04,7.45,2.72,3.16,1,11,435374.5837,1,1,0,1,0,0,0
3561,1364.59,1.850391839,3,89.46,39.6,6.44,57.09,7.57,97.3,0.95,5.14,5.09,7.31,1,14,537732.1574,0,0,0,0,0,1,1
665,554.58,2.015763002,2,241.76,32.82,7.87,38.4,43.17,94.63,1.79,3.46,3.18,1.01,1,11,72731.99231,0,0,0,0,1,0,1
6909,1530.98,1.876805444,5,766.39,17.3,10.0,63.55,18.47,97.0,2.18,7.23,2.29,5.17,1,24,479975.434,1,1,0,0,0,0,0
6511,1070.0,2.446062181,5,729.15,59.99,10.0,69.59,23.63,88.26,1.64,3.04,8.39,5.18,1,27,327684.3831,1,0,0,1,0,0,0
4188,1811.82,1.955092874,4,423.66,25.14,8.03,31.67,9.98,99.06,2.13,5.26,5.92,8.95,2,25,450738.5086,1,0,0,0,1,0,0
6919,1339.86,1.879798173,6,547.11,48.16,9.41,47.76,13.5,96.24,1.75,7.2,9.83,5.31,1,10,499105.8884,1,1,1,0,0,0,0
114,550.0,2.259703602,4,473.24,43.0,5.64,47.87,13.28,92.19,1.36,5.21,4.23,5.72,1,11,315535.8507,0,1,0,0,0,0,0
3989,1538.64,3.229407787,2,855.67,56.65,5.97,69.81,9.83,80.96,1.25,7.19,8.17,6.02,1,19,358532.1623,0,0,0,1,0,0,0
5472,763.08,4.911454496,4,259.31,53.7,8.4,19.38,6.97,87.76,1.62,4.96,5.22,5.86,1,11,453318.2573,1,1,1,0,0,0,0
2302,907.52,1.015720333,4,288.04,55.84,10.0,12.24,10.18,99.9,1.78,7.22,7.99,6.02,1,7,337728.0077,0,0,0,0,0,0,0
2477,550.0,1.0,4,272.49,13.99,5.14,133.32,43.51,96.64,2.66,1.73,2.05,4.89,1,9,132745.7894,0,0,0,0,0,0,0
3250,550.0,1.259907135,3,698.45,39.15,5.69,11.49,19.14,93.33,1.13,2.68,8.52,7.67,1,17,50795.8391,0,0,0,0,1,0,0
118,1305.82,2.575147827,3,347.3,41.32,4.83,15.75,19.05,98.87,1.93,4.08,7.12,7.9,1,16,290575.371,0,0,0,0,0,0,1
1981,579.63,2.712549139,1,995.91,31.44,4.99,52.48,37.85,85.22,0.83,2.5,4.71,6.89,1,1,71083.97929,0,0,0,0,1,0,0
2180,1376.19,1.50603517,3,25.85,18.62,8.2,32.43,39.54,96.74,1.26,5.26,4.05,7.31,1,21,216068.0615,0,0,0,0,0,0,0
162,652.06,1.369922378,2,468.82,14.55,7.35,76.46,26.9,97.01,0.99,6.45,4.54,4.49,1,14,186561.027,0,1,0,0,0,1,1
263,550.0,1.650099339,2,385.94,36.21,5.55,22.54,21.49,99.33,1.0,3.09,0.39,0.9,1,9,88964.78316,0,0,0,0,1,0,1
5690,1210.5,1.0,3,1246.73,34.55,8.44,69.62,23.63,90.42,0.78,3.47,8.12,3.64,1,17,297766.4618,1,0,0,1,0,0,0
5409,1421.46,3.54475307,3,87.38,14.46,7.26,61.86,33.12,96.1,2.28,5.65,8.2,6.81,1,8,374149.5865,1,0,0,0,0,1,1
4342,993.33,2.550064646,4,16.87,13.15,7.26,18.18,3.19,93.59,1.15,3.9,5.95,3.41,1,13,377298.0136,1,0,1,0,0,0,0
775,869.17,2.938932011,1,46.42,7.62,6.22,63.39,32.38,95.72,2.17,4.05,9.57,7.59,1,13,125982.1817,0,0,0,0,1,0,0
4871,1460.44,2.555357801,4,169.38,35.64,10.0,61.51,2.86,89.93,1.07,8.99,10.0,8.42,1,6,412197.5262,1,1,0,0,0,0,0
4648,1770.71,2.938135255,3,433.66,20.92,8.76,7.51,14.28,92.5,1.92,5.35,6.71,9.11,1,23,664155.5827,1,0,0,0,0,1,0
5209,896.81,2.806979293,4,501.62,50.41,8.49,36.43,25.7,83.91,1.14,3.55,3.82,5.61,1,21,375487.8369,1,0,0,0,0,0,1
6357,886.35,3.228576825,2,383.8,17.62,8.02,26.97,15.34,97.51,2.22,6.19,10.0,10.0,1,19,291091.8731,1,0,0,0,1,0,0
4676,1372.23,2.375244271,3,512.42,33.14,8.03,3.61,28.02,93.35,0.98,9.45,6.49,8.38,1,15,446460.9746,1,0,0,1,0,0,0
4940,2073.56,1.509948173,4,658.55,42.09,5.39,2.51,11.71,93.44,1.29,4.41,8.24,7.07,2,32,468856.5017,1,0,1,0,0,0,1
5556,943.89,3.199286975,3,463.69,23.92,8.58,25.75,11.25,89.09,1.56,6.84,7.99,7.38,1,13,470932.6598,0,0,0,0,0,1,0
4473,2336.4,1.0,3,57.32,32.48,9.94,41.32,8.27,94.81,1.66,8.65,8.53,9.1,1,14,394315.6397,1,1,0,1,0,0,1
651,550.0,1.053595204,3,402.31,21.18,6.84,53.75,16.86,81.49,1.82,3.65,7.1,7.66,2,24,76514.14433,0,0,0,0,0,1,1
3723,550.0,1.0,1,32.17,39.35,2.76,90.33,33.18,92.63,0.93,0.03,0.49,4.2,1,16,336878.1752,1,1,0,0,1,0,1
6324,1212.22,1.0,4,479.64,12.2,6.54,48.11,17.37,89.19,1.81,5.54,10.0,7.69,2,27,348387.6751,1,0,0,1,0,0,0
1170,550.0,2.192577412,3,673.1,32.34,6.61,36.74,40.38,96.19,2.16,2.11,3.04,3.28,1,6,147906.1628,0,0,0,1,0,0,1
6447,1502.44,3.210569154,5,1045.11,42.74,9.04,52.0,16.11,99.9,1.57,7.85,7.72,6.62,1,14,721782.3051,1,0,0,0,0,1,0
3011,1384.97,1.0,2,699.9,51.49,8.9,70.86,21.75,97.7,2.19,7.43,4.04,5.19,2,28,64037.52255,0,0,0,0,1,0,0
6931,1409.85,1.0,4,671.34,48.42,8.1,30.43,30.31,99.9,2.11,5.82,2.13,2.04,1,13,198375.8915,1,1,1,0,0,0,0
3874,671.79,1.273647109,4,325.32,39.49,9.97,9.45,28.55,93.83,1.49,5.57,8.52,4.02,2,42,160536.5197,1,0,0,0,0,1,0
6924,978.99,2.751617156,4,659.92,10.14,9.79,29.76,15.14,99.9,1.56,8.3,4.19,3.55,1,4,421381.2156,1,0,0,1,0,0,1
1368,768.34,2.231898071,3,437.5,15.44,8.57,58.24,24.53,95.89,2.0,6.79,8.78,7.04,1,11,424877.3385,0,0,0,0,0,1,0
897,550.0,1.0,4,672.37,44.25,8.65,32.3,11.91,96.5,1.66,2.22,4.47,5.14,1,16,84620.08278,0,1,0,1,0,0,0
928,550.0,3.243998939,4,255.07,42.94,5.96,20.21,18.46,88.11,1.8,4.22,3.58,3.96,1,14,135218.8964,0,1,0,0,0,0,0
4772,995.87,2.736233087,3,108.22,39.62,7.04,7.32,24.54,94.75,1.69,3.61,9.96,7.48,1,17,206307.3224,1,0,0,0,0,0,0
14,877.78,1.722079433,2,953.4,44.48,7.0,41.11,26.65,99.31,0.69,2.67,6.32,6.32,1,2,200715.5873,0,1,0,0,0,0,0
2548,1230.48,1.246949043,3,16.45,14.51,4.62,19.58,20.06,95.0,1.4,4.58,6.41,4.68,1,10,284874.4342,0,0,0,0,1,0,0
967,550.0,1.164436471,1,57.27,17.7,5.66,36.95,12.82,92.44,1.78,3.07,4.87,2.89,2,20,11210.41743,0,0,1,0,0,0,1
1106,1255.65,1.507230444,2,711.58,50.2,6.46,46.23,19.13,98.97,1.74,5.65,5.24,5.66,1,22,174929.0541,0,0,1,0,0,0,0
6866,1346.33,2.245599549,3,217.76,26.23,5.89,144.91,25.51,80.03,1.3,5.1,7.23,5.31,1,19,328938.8752,1,0,1,0,0,0,1
4336,550.0,3.600211185,5,261.13,38.17,8.19,49.37,7.88,95.09,1.54,5.28,6.43,7.27,1,28,508513.1038,1,0,0,0,0,1,0
3968,1486.85,2.299745853,3,117.67,37.0,6.05,62.93,44.36,91.92,2.65,6.28,5.21,3.94,1,11,271248.5677,1,1,0,1,0,0,0
1254,1063.8,2.645661652,2,72.32,38.73,3.47,104.61,31.66,94.79,0.98,0.52,6.79,6.97,1,19,173011.4145,0,0,0,0,0,0,1
2648,550.0,2.027972213,3,586.28,15.64,3.98,75.75,12.25,90.21,1.32,1.99,8.58,7.41,1,9,93705.0841,0,0,0,0,0,0,0
2923,1243.58,2.36530697,3,389.21,30.16,4.79,49.28,4.27,87.04,0.84,3.11,4.62,6.34,1,13,281592.5064,0,1,0,0,0,1,0
6032,1466.08,2.773602607,4,314.2,13.91,8.95,53.19,16.75,97.0,1.73,5.9,3.18,5.45,1,16,489728.4116,1,0,0,0,1,0,0
4780,1325.42,1.0,3,461.52,33.44,7.57,22.76,22.0,95.63,2.17,3.15,7.22,4.61,2,27,232076.8581,1,1,1,0,0,0,1
4264,1627.28,3.68604265,3,681.23,6.11,8.04,27.34,22.61,99.9,1.43,6.69,6.62,6.7,2,37,507541.1609,1,0,0,1,0,0,1
6934,1270.65,3.777531818,4,91.09,53.06,10.0,67.25,8.98,91.97,1.34,7.43,3.11,3.29,2,44,608876.63,1,0,0,0,0,1,0
1639,663.49,2.213933244,2,455.37,16.97,5.15,66.77,27.23,98.3,0.81,4.37,2.67,7.8,1,14,113184.446,0,1,1,0,0,0,1
1133,550.0,1.508814682,2,843.15,19.1,4.45,1.9,26.79,94.16,1.35,4.34,9.52,6.73,2,11,14373.55733,1,0,0,1,0,0,1
6539,1302.16,3.269085987,3,725.26,23.77,5.46,15.69,15.91,92.59,1.39,4.31,5.33,6.21,1,23,438286.406,1,0,0,0,1,0,0
3519,1114.3,2.049654213,4,821.15,52.77,4.7,16.89,5.29,86.69,2.98,3.24,2.24,3.88,1,15,312651.6828,1,0,1,0,0,0,0
1878,986.07,2.136617852,3,71.57,24.76,7.23,141.09,19.69,89.45,1.9,6.24,8.2,2.16,1,11,320729.6216,0,0,0,0,0,0,1
5811,623.86,3.012418591,3,133.06,17.15,6.41,24.32,12.96,89.79,1.17,7.55,5.73,6.05,1,17,381900.3685,1,0,0,0,0,1,1
271,550.0,2.481263984,4,874.96,43.64,7.26,79.61,28.11,91.07,1.32,4.55,3.6,3.83,1,15,126645.2457,0,0,1,0,0,0,0
1473,550.0,2.927694465,2,239.61,35.65,5.19,4.34,21.98,98.85,1.17,6.03,6.88,6.35,1,17,149673.2093,0,0,1,0,0,0,0
5349,1488.74,2.741183133,3,497.92,13.92,8.4,63.85,25.21,89.66,1.51,5.88,8.02,6.21,1,21,593371.5316,1,0,0,0,0,0,1
1547,594.91,1.306961482,3,645.44,38.01,2.21,14.38,45.92,88.14,0.94,2.2,5.52,2.09,1,27,28701.33948,0,0,0,1,0,0,0
4310,550.0,3.001186336,5,273.64,46.48,4.26,11.47,24.61,86.66,1.92,3.55,4.76,6.14,1,24,948662.6347,1,1,0,1,0,0,0
6519,1745.79,3.632566647,1,308.21,14.07,7.3,67.07,8.44,92.39,1.7,6.4,1.86,4.84,1,25,568331.3565,1,0,0,1,0,0,0
4440,1303.24,2.652564611,2,354.73,44.55,7.82,43.6,23.53,94.46,1.45,4.93,5.19,6.81,2,21,287647.0584,1,0,0,0,0,0,0
838,550.0,3.028107425,2,1158.81,5.27,7.19,64.04,31.94,91.16,1.09,4.33,6.28,6.29,1,15,121212.409,1,0,1,0,0,0,1
5711,992.53,2.595062141,3,505.11,67.92,6.29,56.51,12.5,94.64,2.05,3.53,6.53,5.39,2,56,210464.2228,1,0,1,0,0,0,0
2195,550.0,1.61733507,4,286.94,32.64,5.28,28.7,11.33,92.49,1.3,2.91,0.71,3.07,1,18,155361.0485,0,0,1,0,0,0,1
1835,559.86,3.413926273,3,216.52,26.86,7.67,105.43,26.73,89.37,0.53,3.96,7.7,6.92,2,25,218166.8716,0,1,1,0,0,0,1
4891,1083.43,3.725517824,4,514.85,36.18,5.97,20.74,12.59,91.29,2.25,5.55,1.73,4.89,1,11,433425.1689,1,1,1,0,0,0,1
412,693.18,1.32662884,2,132.85,67.25,7.34,67.33,34.12,99.9,1.92,4.15,5.46,6.29,1,9,136190.8982,1,1,0,0,0,0,0
1712,740.01,1.43327002,3,375.97,41.46,5.54,90.17,27.47,91.81,1.41,3.39,5.15,4.46,2,35,162732.8489,0,0,1,0,0,0,0
4438,1965.06,2.599412995,4,438.83,14.38,6.81,120.75,3.47,93.05,1.69,4.47,5.78,7.38,1,11,524467.4484,1,1,0,0,1,0,1
5043,1581.99,2.288002864,4,971.33,12.2,6.56,73.96,11.8,99.9,1.28,7.6,3.75,3.46,1,5,588706.1492,1,1,1,0,0,0,0
2795,564.44,1.694957134,1,667.33,39.66,6.11,7.11,10.09,87.27,1.76,2.27,4.86,2.06,1,13,8919.858238,0,1,1,0,0,0,0
2221,836.51,1.455245186,3,42.75,72.74,6.17,56.19,36.82,89.97,1.67,2.92,5.59,3.48,1,9,40052.38049,0,0,0,0,1,0,0
5853,550.0,1.617542749,5,575.87,34.45,6.97,8.19,5.6,96.08,1.46,5.69,6.92,7.26,1,12,268460.7971,0,0,0,0,1,0,0
377,570.95,1.072237852,2,430.1,51.1,5.69,36.46,33.36,99.31,1.78,5.06,2.82,3.13,2,28,6299.684761,1,1,0,0,0,0,1
1491,550.0,1.445836044,3,655.46,52.51,3.55,18.21,42.24,96.62,1.87,3.69,5.77,5.34,1,9,209999.7907,0,0,0,0,0,1,0
738,1472.7,1.962368401,2,254.82,69.62,10.0,27.75,35.22,97.5,1.24,6.35,7.46,5.71,1,16,455609.4892,0,0,0,0,0,1,0
3377,1116.34,2.207854845,3,438.81,46.07,7.83,31.53,6.66,93.63,1.73,7.37,10.0,9.18,1,16,316268.0095,0,0,0,0,0,1,0
3615,1467.33,2.343559315,4,153.22,46.37,7.4,37.99,19.18,99.9,1.09,4.69,2.97,1.1,1,14,530541.6981,1,0,0,0,0,1,1
6446,802.63,2.923259964,4,973.78,34.81,5.05,84.2,8.99,87.28,2.76,3.58,10.0,8.64,2,19,431935.4781,1,0,0,0,0,0,0
52,1608.13,1.0,4,751.05,33.09,5.65,37.3,7.78,97.45,1.22,5.52,6.77,5.52,2,42,281459.367,0,0,0,0,0,1,1
4114,851.0,2.293377981,4,807.35,72.9,5.13,50.86,36.47,95.92,0.49,2.48,1.63,5.09,1,11,216815.3538,1,1,1,0,0,0,1
5405,1077.72,3.31303342,3,161.23,2.3,10.0,57.15,13.99,94.38,1.07,9.29,5.3,4.41,1,14,316544.8857,1,0,0,1,0,0,1
2269,1329.87,1.265437832,2,87.85,23.7,5.59,47.96,29.66,99.9,2.36,6.29,5.97,3.37,1,20,61887.77489,0,0,0,0,0,0,0
5094,1524.6,3.289399618,3,692.77,22.52,9.65,7.79,5.09,89.33,1.22,7.69,6.19,4.45,1,12,410803.8628,1,0,0,1,0,0,1
3094,550.0,2.611916545,1,290.28,17.7,5.14,5.79,16.49,89.02,1.02,3.71,10.0,6.44,1,9,81668.28711,1,0,0,0,1,0,0
1389,1017.24,1.406256962,3,640.04,22.42,9.76,105.65,11.28,99.9,0.61,4.1,4.55,7.7,1,13,241836.3837,0,1,0,1,0,0,0
3188,647.66,2.903394687,2,367.76,4.44,8.68,19.34,19.02,98.24,0.74,4.44,5.52,4.14,1,12,118643.5641,0,0,0,0,1,0,0
3478,550.0,1.0,3,371.01,46.49,4.62,116.36,43.17,99.9,1.32,4.37,2.72,3.96,2,18,23740.46639,0,1,0,0,1,0,0
3433,1117.44,1.267513421,3,654.84,31.69,7.04,84.53,28.75,92.97,2.01,2.41,1.75,3.06,2,10,117076.4938,0,0,0,0,0,1,0
4191,1226.31,2.753636198,4,214.73,5.54,8.19,59.93,7.63,96.42,1.21,4.77,9.42,3.61,1,25,596973.396,1,0,1,0,0,0,0
5595,759.25,2.381737453,4,814.23,61.26,5.45,37.33,32.03,99.9,1.66,5.21,10.0,5.02,1,18,263801.7099,0,0,0,0,1,0,0
2309,682.56,1.088556365,3,356.64,56.0,5.98,41.7,15.88,94.81,1.36,3.83,3.64,7.39,2,14,240194.2391,0,1,0,0,1,0,1
3222,550.0,1.0,2,383.09,21.53,3.68,60.41,10.2,96.3,2.18,3.21,7.66,7.67,1,21,41672.59779,0,0,0,0,1,0,0
2590,550.0,1.880481258,3,351.87,30.77,6.73,46.36,14.88,95.79,1.02,3.33,3.2,3.93,1,26,51804.53577,0,1,0,0,1,0,0
1632,1330.19,1.353995462,3,1112.81,28.24,9.0,53.99,8.55,99.9,0.02,4.83,5.84,6.54,1,21,333195.2274,0,1,0,0,0,0,0
4275,1586.43,1.967370862,6,356.56,51.48,4.63,22.57,30.01,99.9,0.87,6.72,4.17,6.35,1,2,1053084.133,1,0,0,0,0,1,1
3174,683.26,1.424292051,2,584.54,37.97,5.04,61.99,8.29,91.95,0.57,2.1,4.03,4.15,1,11,74144.29576,0,0,0,0,1,0,0
5694,1089.88,2.218111901,3,609.84,29.62,7.1,53.27,0.91,97.11,1.81,5.34,5.99,7.09,2,26,358373.0488,1,0,0,0,0,1,0
4812,1417.61,2.053441465,3,91.86,25.98,9.15,97.97,8.72,89.59,1.68,4.13,5.63,6.06,1,17,453321.3222,1,0,0,0,1,0,1
2976,1320.89,1.0,2,572.21,36.49,1.7,55.24,24.39,92.91,1.67,5.06,8.56,3.81,1,14,154364.4105,1,0,0,0,0,1,1
4280,1523.56,2.842304337,3,665.9,39.7,8.34,68.25,12.31,90.79,0.66,5.17,7.77,5.46,1,18,463829.3102,1,0,0,1,0,0,1
467,709.62,1.86213112,4,100.66,27.96,6.08,7.95,7.71,95.36,2.28,2.74,5.8,5.25,1,6,204579.1719,0,0,1,0,0,0,1
6680,1273.03,3.040830336,5,525.41,47.08,10.0,69.36,22.67,95.25,0.89,8.56,8.8,3.39,1,14,602529.484,1,0,0,1,0,0,0
903,1053.33,2.819525954,2,377.9,4.18,7.5,71.5,18.22,89.41,1.64,5.68,6.44,7.1,1,22,187155.9021,1,1,0,0,0,1,0
6648,1681.58,1.656776075,3,476.95,18.3,6.92,27.82,3.68,98.53,2.32,10.0,8.26,6.39,2,17,378594.832,1,1,1,0,0,0,0
71,550.0,1.0,3,68.17,63.39,4.12,46.67,3.82,85.23,1.82,3.23,6.63,7.72,1,16,175721.8305,0,0,0,0,0,1,0
3217,723.76,1.291598875,3,503.45,20.68,7.61,35.17,2.55,85.87,1.27,3.4,5.6,5.46,1,5,110151.335,0,1,1,0,0,0,0
6493,1774.08,2.362104583,2,522.48,58.18,5.52,12.35,15.41,93.06,1.56,4.46,4.4,4.8,1,12,273611.5345,1,0,0,0,0,1,1
1898,1536.79,1.0,1,551.39,41.68,6.01,103.95,63.48,93.4,1.88,3.97,0.77,3.56,2,8,47219.46338,0,0,0,0,0,1,0
5052,1238.53,3.053706147,3,427.79,42.94,6.8,90.67,7.42,99.9,1.49,5.44,9.34,5.24,1,8,301336.8312,1,0,1,0,0,0,0
3995,550.0,1.285762707,4,110.97,53.02,7.05,49.12,16.75,93.34,1.86,7.5,6.17,7.16,1,21,299388.7662,1,0,0,0,0,1,0
6413,1328.21,2.555154494,3,395.87,57.26,6.88,53.8,28.67,87.77,1.68,6.04,1.5,2.59,2,24,315697.6635,1,0,0,0,0,0,0
1207,932.66,1.55399752,2,817.34,16.89,5.49,23.4,8.4,99.9,1.5,4.02,10.0,8.48,1,7,173972.1023,0,0,0,0,0,0,0
2077,828.57,1.0,3,56.21,12.18,9.46,16.03,4.13,94.45,1.25,5.59,3.62,6.49,2,22,290762.1719,0,1,0,0,0,0,0
1590,550.0,1.0,1,173.52,5.12,3.46,84.68,12.89,99.9,2.0,4.88,2.23,5.73,1,13,111433.2985,0,0,1,0,0,0,1
2844,550.0,2.177144845,3,441.69,38.75,10.0,51.23,1.99,93.58,1.2,6.83,8.12,5.06,1,18,104044.4457,0,0,0,0,1,0,1
5159,2170.18,1.033155438,2,223.46,4.33,8.43,50.89,3.51,89.62,0.3,4.58,6.33,4.67,1,18,388460.3769,1,0,0,0,0,0,0
5624,938.79,2.353765041,3,1207.74,21.43,5.71,23.95,20.49,98.0,1.35,2.61,6.79,9.58,1,25,235214.6563,1,0,0,0,0,1,0
2205,682.66,1.0,4,549.44,26.78,6.64,115.33,52.16,95.91,1.78,3.12,0.99,4.94,1,16,49221.70676,0,0,0,0,1,0,0
2980,550.0,1.160766089,4,258.23,21.5,5.99,64.94,21.91,94.33,2.1,5.78,4.44,6.57,1,15,257393.4347,0,0,1,0,0,0,1
658,550.0,1.384526147,2,271.0,5.8,3.18,140.89,16.02,89.82,0.94,1.69,5.19,7.43,1,21,281745.7992,0,0,0,0,0,1,0
63,826.35,1.0,2,667.2,13.62,6.84,52.03,9.4,91.92,0.42,4.99,0.12,5.12,2,18,160419.296,0,0,0,1,0,0,0
1838,550.0,2.699495232,2,766.08,28.19,4.93,103.67,34.18,89.49,1.51,6.65,2.49,3.08,1,8,45230.61004,0,0,1,0,0,0,0
4000,1183.87,1.098274888,5,500.16,38.03,8.85,9.48,8.21,90.17,1.57,6.66,0.19,4.19,1,20,400679.0379,0,0,0,0,1,0,0
5172,1433.84,3.665175518,4,96.84,27.17,8.15,48.04,2.3,86.1,0.79,6.9,10.0,6.76,1,21,513025.8891,1,0,1,0,0,0,0
3036,891.48,1.202354245,1,452.06,14.33,5.54,37.03,11.9,92.89,1.6,6.83,9.48,6.68,2,15,155458.3273,0,0,0,0,0,0,0
454,550.0,3.458587459,5,550.62,58.75,7.73,9.94,26.9,91.61,1.79,1.52,8.54,4.45,1,20,222234.5043,0,0,1,0,0,0,0
5479,1663.43,3.611083662,5,939.55,38.33,10.0,2.29,9.1,95.28,1.65,9.0,8.08,6.68,1,11,770650.5756,1,1,1,0,0,0,0
402,1572.19,1.0,3,278.54,37.99,6.96,90.82,26.71,99.9,2.24,4.71,2.32,4.13,1,11,177524.7118,0,0,0,0,0,1,0
5085,1837.05,2.772308088,4,449.08,24.54,6.73,39.93,14.15,98.66,1.19,7.9,2.61,5.11,2,16,749603.6028,0,1,0,0,0,1,0
5541,1635.34,3.506032498,3,640.43,32.5,10.0,23.25,7.25,99.69,1.93,5.58,7.15,7.42,1,16,340207.749,1,0,0,0,1,0,0
1472,732.98,1.516484049,3,646.2,24.02,2.62,67.49,32.34,91.8,1.16,0.52,6.99,5.6,1,20,255766.0327,0,0,1,0,0,0,1
677,550.0,1.0,3,885.91,30.13,8.82,2.5,3.87,99.9,1.75,6.3,5.44,7.71,2,39,11349.47044,0,0,0,0,1,0,0
3356,550.0,3.565022541,2,46.72,32.06,6.07,39.2,18.45,95.45,1.11,4.69,9.16,4.69,1,12,236417.3276,0,0,0,0,1,0,0
1616,1188.27,1.0,4,520.48,13.98,5.53,68.48,14.23,97.75,0.92,6.98,10.0,6.36,1,10,216122.1748,0,0,0,0,0,1,0
1251,667.55,2.311452731,1,635.72,34.58,6.39,18.54,21.24,97.1,1.85,5.3,3.92,5.91,1,8,50404.94795,0,0,0,1,0,0,0
1983,550.0,1.0,4,585.06,3.85,10.0,30.59,17.19,99.66,1.43,4.85,6.16,3.99,1,16,230520.8829,0,0,1,0,0,0,0
3425,1262.83,1.301229666,2,708.0,46.48,4.57,86.7,21.21,92.59,1.87,4.92,1.3,2.11,1,10,15959.44115,0,1,0,0,1,0,0
4918,1275.86,1.408279007,4,509.48,32.84,8.46,27.2,11.97,99.52,1.78,7.68,7.28,9.37,1,18,315186.6074,1,0,0,0,1,0,0
5059,2054.95,2.152937118,3,734.76,55.79,8.08,64.74,3.06,93.78,1.25,10.0,3.94,5.96,1,25,594943.5152,1,0,0,0,0,0,1
3843,550.89,2.670658129,5,174.12,7.71,9.45,3.5,16.3,92.78,1.58,3.76,4.54,5.87,1,23,332910.2258,1,0,0,1,0,0,0
4931,1682.91,1.951373251,4,362.53,8.53,9.46,99.33,8.77,90.74,1.38,3.61,4.48,2.99,1,24,364045.8181,1,1,0,0,1,0,0
1033,823.7,1.770990966,3,736.53,31.76,5.49,47.53,21.48,84.84,1.53,3.4,8.55,4.64,1,18,155144.7956,0,0,0,0,0,1,0
174,676.56,2.629331952,1,552.24,30.05,5.22,12.6,18.77,91.51,2.24,5.0,8.67,8.92,1,18,88357.67291,0,0,0,1,0,0,0
939,550.0,2.684066324,2,889.16,24.57,6.96,11.62,3.4,99.9,0.46,3.62,6.89,4.2,1,20,105986.9478,0,0,1,0,0,0,0
3102,726.25,2.638326541,2,356.7,23.36,6.42,40.62,15.59,75.67,0.99,5.0,2.16,3.53,1,23,80249.68749,0,0,0,0,0,0,1
4787,1262.21,1.706048005,5,763.11,24.68,7.34,3.44,3.17,90.29,1.48,3.16,5.94,6.97,2,41,477867.2308,1,0,0,1,0,0,1
2587,550.0,1.159199645,4,406.55,29.14,7.53,70.34,25.46,93.58,1.43,4.81,6.64,5.12,1,19,133502.645,0,1,0,0,0,1,0
334,1839.78,2.188693987,2,970.42,13.55,9.7,46.37,40.66,99.9,0.61,3.88,3.01,5.54,1,27,295321.6701,0,0,0,0,0,1,0
873,550.0,3.451758213,1,336.71,65.43,6.06,2.48,11.07,81.06,2.54,3.36,4.41,4.8,1,11,140274.0193,0,0,0,1,0,0,0
2853,1579.89,3.376808826,3,646.67,26.46,7.47,41.33,24.81,99.9,1.58,4.97,8.01,7.26,1,22,298864.8568,0,0,1,0,0,0,0
1486,907.53,1.706457192,3,748.6,3.35,6.16,25.9,14.94,97.19,1.31,2.72,8.73,7.1,1,32,189771.7778,0,0,0,0,1,0,0
6151,550.0,2.091831452,4,560.7,9.69,7.98,62.68,18.1,88.68,1.24,4.59,6.04,7.97,1,17,381546.7732,1,1,1,0,0,0,0
4293,1328.23,2.127279847,4,782.75,20.34,7.75,23.34,11.2,89.14,1.7,5.43,4.31,9.02,1,20,707527.637,1,0,0,0,0,0,0
296,755.85,1.933425922,2,470.39,50.19,2.9,4.15,38.3,94.38,2.98,3.34,4.87,5.6,1,10,94538.71523,0,0,0,0,0,0,0
6799,1317.5,1.0,4,169.35,40.41,9.55,25.79,6.17,98.38,0.86,6.59,6.98,7.47,1,12,339885.6723,1,1,0,0,1,0,1
6703,1065.43,2.701915158,2,849.67,8.17,3.29,78.26,33.08,88.8,1.28,0.74,2.55,6.22,1,23,353381.6915,1,0,0,1,0,0,0
5626,1188.75,1.83607054,4,463.68,29.64,3.86,121.67,30.45,93.7,1.92,3.67,2.11,4.1,1,12,659373.1583,1,0,0,1,0,0,0
3845,1725.96,1.946801203,4,247.68,74.01,4.77,45.07,19.59,98.65,2.03,4.67,0.47,4.34,1,23,314188.3044,1,0,1,0,0,0,1
5841,1655.84,2.255132574,4,308.0,48.71,6.83,18.33,44.35,98.73,2.1,6.99,4.12,7.01,2,40,625739.7385,1,0,0,0,0,0,1
4218,1048.34,1.873363568,4,1239.55,39.38,4.3,40.77,6.13,90.29,1.77,4.79,10.0,8.62,1,8,470563.7363,1,0,0,0,0,1,0
3760,1352.5,1.0,5,379.43,27.5,10.0,44.47,15.01,90.16,0.87,7.72,6.55,7.61,2,21,773911.3778,1,1,0,0,0,1,0
378,798.96,1.992846293,1,618.83,31.33,4.32,30.34,26.49,91.07,2.18,3.97,1.91,4.44,1,17,136645.7735,1,1,0,1,0,0,0
3110,1060.34,1.20567534,2,256.31,52.23,6.18,55.53,11.38,86.27,1.25,4.38,4.89,6.0,1,17,83017.64775,1,1,1,0,0,0,1
2770,1173.95,1.806931061,4,677.96,4.18,8.48,54.4,40.07,92.84,1.25,3.98,0.12,1.89,1,17,361002.8213,0,1,0,1,0,0,1
3918,718.51,1.752650482,3,562.48,2.75,4.88,5.8,25.38,99.9,1.31,7.46,9.68,6.71,2,37,230441.3225,1,1,0,0,0,0,0
4138,1774.97,3.028273003,3,799.75,34.45,4.78,32.31,13.06,93.99,1.39,3.39,3.19,7.4,1,18,442676.7248,1,0,1,0,0,0,1
2210,550.0,1.053248886,4,603.4,56.31,5.28,2.46,7.27,95.36,0.77,2.77,6.26,4.15,1,11,80930.69969,1,0,0,1,0,0,0
2172,550.0,1.663165709,3,325.59,40.36,5.26,16.7,8.99,92.25,1.43,6.23,5.24,4.16,1,5,146897.5092,0,0,0,0,0,0,1
2599,553.43,1.370236727,3,200.64,18.88,6.12,73.15,60.21,99.9,0.96,3.88,3.97,5.04,1,14,45912.08614,0,0,0,0,1,0,0
2052,793.9,2.417047533,3,254.51,83.35,6.9,72.56,24.11,88.65,1.19,7.94,4.51,4.57,1,24,189652.6337,0,0,0,0,1,0,0
915,678.06,2.548304236,2,383.89,38.64,4.38,27.09,3.41,87.95,0.93,4.83,7.17,7.37,1,13,143387.0105,0,0,0,0,0,1,1
5967,1056.76,2.795920545,4,231.74,53.28,6.68,50.78,12.66,97.87,0.81,5.34,4.71,3.61,1,8,314508.3261,1,0,1,0,0,0,0
6943,1632.41,3.428773838,3,919.8,26.81,5.78,53.75,19.39,92.41,0.59,7.55,7.22,5.65,2,28,617016.0903,1,0,0,0,0,1,0
6698,763.68,2.629109497,3,769.51,25.94,7.3,2.8,10.0,90.33,1.57,3.76,2.8,5.6,1,5,359935.2467,1,1,0,0,1,0,0
4707,1300.81,3.175703887,4,1173.01,3.26,9.01,121.61,23.36,90.91,1.75,5.51,10.0,10.0,1,13,773671.1855,1,0,0,0,0,0,1
5867,949.38,1.974875512,4,908.91,13.59,10.0,2.19,27.09,99.9,0.91,2.42,0.93,4.28,1,8,387140.7155,1,0,0,1,0,0,0
2335,596.69,1.0,2,510.99,31.65,5.54,21.49,2.21,99.9,0.82,1.77,9.02,7.14,1,19,75602.11323,0,0,0,0,1,0,0
3820,1377.9,3.615851772,5,758.06,43.93,7.98,12.29,2.26,88.53,0.84,6.9,6.93,9.13,2,26,614291.1487,1,0,0,1,0,0,0
956,550.0,3.110355645,1,420.08,32.44,5.28,45.3,35.21,91.57,2.07,3.66,7.67,7.06,1,10,74483.78523,0,0,0,0,0,0,0
5728,1415.76,2.421315332,4,880.55,7.43,8.79,117.42,15.96,96.15,1.1,5.36,6.17,7.57,1,12,492428.1794,1,0,0,0,1,0,1
1887,1954.21,1.0,2,25.96,54.84,4.59,32.93,1.07,88.23,1.51,6.45,10.0,6.27,2,19,264237.169,0,0,1,0,0,0,0
6991,1430.63,2.618933722,2,567.16,33.96,8.05,56.67,6.8,85.4,0.6,5.41,7.73,5.53,1,2,441982.9801,0,1,0,0,0,0,0
3717,1115.24,5.154720781,2,852.38,20.23,7.93,29.12,16.19,99.25,1.24,9.01,6.06,4.44,1,11,366826.1634,1,0,0,0,0,1,1
4027,1223.21,2.300069676,2,318.94,40.7,3.57,61.26,26.64,85.16,1.76,5.79,8.4,2.19,1,12,358465.3818,1,0,0,0,0,1,1
1182,1115.74,1.978215257,2,363.84,26.52,8.96,52.99,39.91,92.9,1.68,6.27,3.33,7.04,1,14,270928.2453,1,0,0,0,0,0,0
6982,981.54,2.894196277,2,604.13,11.37,6.1,62.37,13.38,95.62,1.15,4.96,4.68,4.95,1,12,294165.5806,1,0,0,0,1,0,0
5004,1375.85,1.458095606,4,586.85,25.38,8.25,60.77,2.98,92.71,1.53,5.43,10.0,8.96,2,16,665018.5383,1,0,0,0,1,0,0
4602,1476.57,3.472248659,3,711.54,48.08,9.32,55.25,4.13,91.8,2.91,7.57,8.32,8.31,1,21,516560.841,1,0,0,0,1,0,0
4452,1064.35,1.0,3,176.48,1.84,5.97,116.26,12.47,96.19,2.04,5.86,10.0,8.67,2,6,252051.5679,1,0,0,1,0,0,1
1423,1501.64,2.3343757,3,357.38,3.03,6.25,26.09,3.62,86.19,2.53,4.61,4.07,5.72,1,9,163324.8926,0,0,0,1,0,0,1
6970,1031.45,2.830530132,5,355.85,25.33,6.85,44.06,11.57,95.96,2.28,3.46,10.0,9.02,1,26,629918.6479,1,0,0,1,0,0,0
2400,1413.38,1.758432466,3,380.84,36.26,7.84,39.59,20.49,95.51,1.44,1.45,5.56,6.18,1,28,230580.4248,0,0,0,0,0,1,0
2892,1273.14,1.330867053,3,1115.4,3.1,8.75,12.27,22.07,93.45,1.85,2.29,8.11,5.52,1,11,309291.6366,0,0,1,0,0,0,0
5250,1224.48,1.77555475,3,675.1,18.18,6.59,34.3,24.85,87.14,1.83,6.36,7.93,7.78,1,8,428746.7501,1,0,0,1,0,0,0
3596,550.0,1.006560214,2,592.31,58.94,6.09,74.28,46.55,90.79,1.8,1.29,5.4,7.47,2,24,290300.5712,1,0,0,0,0,1,0
1722,601.72,1.0,4,651.21,47.53,7.86,133.43,9.04,89.64,1.99,6.75,4.79,5.15,1,19,81994.96269,0,0,0,0,0,1,0
1667,550.0,2.514087024,3,322.77,29.04,6.68,30.58,29.27,97.48,2.61,7.36,4.97,7.22,1,25,165592.7666,0,0,0,0,0,1,0
2884,1106.95,1.0,2,593.5,10.43,7.17,12.23,18.26,86.96,0.72,3.77,4.9,4.93,2,15,73256.756,0,0,1,0,0,0,1
2994,896.07,1.608449681,2,221.12,43.53,4.12,67.63,0.67,86.82,2.4,0.13,0.49,4.14,1,23,100840.0405,1,1,0,1,0,0,1
4763,855.57,2.251610513,4,628.18,20.32,6.84,90.0,15.39,99.9,1.48,5.24,3.31,5.77,1,22,253822.4023,1,1,0,0,1,0,0
886,1030.2,1.48093448,2,820.95,40.06,6.35,39.24,18.71,92.13,1.62,2.55,3.74,3.92,1,23,136861.488,0,0,0,0,1,0,0
4056,995.76,1.666930259,2,132.59,48.1,6.58,33.69,1.58,99.9,1.61,9.01,6.08,6.37,1,13,306216.8371,1,0,0,1,0,0,1
5380,1707.24,2.900260221,2,1155.6,70.95,5.01,33.05,15.48,94.21,2.36,6.25,10.0,3.86,1,16,403851.4877,1,0,0,0,1,0,1
6693,852.81,2.903880319,4,336.31,19.94,7.9,4.34,3.43,91.61,1.19,3.22,8.79,4.67,2,13,547112.6217,0,1,0,0,0,1,1
333,1019.29,2.759608856,1,213.36,46.16,5.72,44.75,44.77,96.64,1.26,5.16,10.0,7.66,2,19,59072.23737,0,0,0,0,1,0,0
153,911.59,1.495811696,2,289.95,15.46,5.42,69.3,2.57,85.69,1.17,3.4,8.86,9.11,2,28,193927.5632,0,0,0,0,1,0,0
5516,1038.3,2.141006919,4,1066.03,75.45,6.93,133.01,6.54,96.24,1.43,3.69,7.56,4.96,1,8,578832.7929,1,0,0,0,0,1,1
5936,897.6,1.729908192,4,567.27,57.64,6.38,30.06,18.81,87.93,1.63,2.96,7.25,8.1,2,49,386701.8022,1,0,0,0,0,0,0
721,1966.16,1.135847742,1,372.11,59.57,4.56,3.39,14.23,90.48,1.85,2.8,9.74,5.56,1,25,325761.3146,0,0,0,0,1,0,1
373,1498.97,2.412689931,3,654.91,33.71,8.2,41.69,38.04,99.9,1.62,4.47,6.77,7.55,1,26,402786.3073,1,0,0,1,0,0,0
312,579.44,1.1366348,2,511.53,43.53,7.57,46.21,8.27,90.16,1.52,3.62,7.11,5.3,1,14,42451.65761,0,0,0,0,1,0,0
1849,800.65,1.220462418,2,924.14,28.2,5.8,75.68,26.9,90.85,2.16,3.23,7.01,5.76,1,12,221897.7729,0,0,1,0,0,0,0
1622,1377.31,3.368342766,3,505.29,3.31,6.94,36.77,3.27,96.75,2.01,6.04,10.0,9.26,1,16,639221.7557,0,0,0,0,0,0,1
42,666.73,2.367301824,2,658.54,30.58,4.24,28.32,21.11,92.79,2.02,4.35,9.26,8.65,1,13,128237.968,0,0,0,0,1,0,1
2693,550.0,1.0,3,76.17,39.31,4.99,94.45,30.63,89.95,1.99,2.47,0.85,2.06,2,46,19588.73288,0,1,0,0,1,0,0
5067,2122.41,3.772172218,3,68.76,27.2,8.84,15.19,20.23,88.68,1.16,7.15,6.91,7.96,1,10,563649.7637,1,0,1,0,0,0,0
6967,1647.02,3.100505575,3,416.46,9.74,8.07,8.19,13.21,97.08,1.09,7.8,10.0,9.54,1,16,447897.5216,1,1,0,1,0,0,0
4618,1408.84,2.462349474,3,451.37,4.96,10.0,15.97,10.1,91.61,1.03,7.77,6.32,8.77,1,11,674243.2779,1,0,0,0,1,0,0
417,1002.88,1.215142348,2,1017.57,22.95,4.06,90.51,9.42,94.26,1.51,4.45,0.09,4.76,1,10,64456.56828,0,1,0,0,0,0,0
4858,1150.13,2.590377394,2,112.35,5.1,4.45,56.49,9.46,99.9,1.3,3.32,0.34,4.98,1,15,285602.9024,1,0,0,0,1,0,1
4753,1418.41,1.892099638,3,883.36,35.01,4.56,35.32,20.71,91.19,1.28,0.38,0.97,5.9,1,17,302318.3693,1,1,0,0,0,0,0
6860,836.16,3.550545734,3,122.89,64.91,7.45,8.51,7.59,99.9,1.3,7.22,2.89,4.52,1,16,264033.6986,1,0,1,0,0,0,0
6523,1231.79,5.464450369,3,450.69,15.71,10.0,4.62,3.15,97.27,1.73,6.53,10.0,7.33,1,20,533195.0276,1,1,0,0,1,0,1
704,550.0,1.0,1,883.35,60.5,5.02,98.99,52.38,87.37,1.43,0.07,4.29,7.76,2,38,520892.677,0,0,0,0,0,1,0
732,550.0,1.0,4,434.72,25.87,10.0,14.09,6.6,95.8,0.87,0.11,1.73,6.32,1,16,156523.696,0,0,0,0,1,0,0
6684,1479.39,1.875358961,5,538.78,3.77,8.39,44.26,2.68,98.47,1.92,7.09,8.19,6.88,1,13,487644.0243,0,0,0,1,0,0,0
944,1013.51,1.771119733,2,689.68,39.51,8.33,64.82,4.92,98.09,1.91,6.97,8.29,6.32,1,21,144328.0069,0,0,0,0,0,1,0
6312,868.5,2.819497158,4,93.81,51.03,7.86,52.24,25.13,91.61,1.94,5.85,7.68,6.85,1,18,543892.3318,1,0,0,0,0,0,1
6766,1257.46,2.374892286,4,947.12,47.68,6.44,17.86,10.54,95.14,1.15,8.4,6.5,6.14,1,7,648597.1414,1,0,0,1,0,0,0
3614,1138.02,1.625274646,3,624.6,28.96,6.12,70.5,12.2,90.6,1.33,4.12,10.0,8.22,1,7,419672.9771,1,1,0,0,1,0,0
6504,1054.97,1.624368767,3,256.4,23.56,6.89,12.75,23.54,92.9,2.14,6.83,4.07,5.76,2,53,314299.657,1,0,0,0,1,0,1
1806,1811.78,1.190795811,4,491.15,3.73,8.05,56.01,6.37,96.72,1.27,5.88,10.0,7.75,1,14,264211.6154,0,0,0,0,0,0,0
1018,550.0,2.14279479,4,948.0,16.52,9.84,59.07,26.55,99.9,0.89,6.06,9.1,7.3,1,27,299958.1156,0,0,1,0,0,0,0
5565,707.34,3.362907716,3,571.86,14.33,7.7,34.98,8.32,97.18,2.05,8.84,9.46,6.94,1,18,253981.398,1,1,0,0,0,0,1
907,713.4,1.975715824,3,560.47,12.85,4.96,51.37,0.31,99.9,1.17,5.23,5.53,4.33,1,12,176048.9069,0,0,0,1,0,0,0
1693,673.11,2.882272998,2,812.29,67.46,5.66,41.15,34.15,97.71,1.92,4.3,5.89,4.94,1,18,124167.1582,0,0,0,1,0,0,1
2791,550.0,1.025898476,3,187.18,31.03,2.89,5.15,20.36,99.9,1.3,4.57,5.56,5.98,2,31,139408.7295,0,1,1,0,0,0,0
4368,1170.65,1.3965499,4,284.49,20.75,7.24,51.77,13.14,90.62,0.88,5.89,5.97,6.25,1,17,345478.1975,1,0,0,1,0,0,1
5589,1015.91,2.523218788,2,158.02,53.96,5.57,47.25,13.39,94.24,2.04,5.02,1.3,4.12,1,27,200088.7321,1,1,0,0,0,0,0
519,937.88,2.907845566,3,491.91,17.61,7.54,10.5,1.57,94.62,0.18,6.64,10.0,7.37,2,34,681644.3535,0,1,1,0,0,0,0
814,550.0,1.138436229,3,687.41,30.2,4.66,29.25,29.36,90.49,1.79,2.08,7.48,6.71,1,15,86752.74501,0,0,0,0,1,0,0
818,650.59,2.539241979,1,889.26,44.25,5.99,5.2,0.86,93.89,0.65,3.01,5.3,5.76,1,12,4531.988606,0,1,0,0,0,0,1
3449,550.0,1.710174055,2,423.64,61.21,5.29,10.81,1.85,90.66,2.0,4.62,5.98,6.9,1,16,92819.1076,0,1,0,0,0,0,1
4830,1750.73,2.462969996,3,682.49,26.27,8.9,48.23,4.87,93.35,0.93,5.69,9.57,8.54,1,11,507162.5153,1,0,0,0,0,0,1
1522,1672.39,1.0,2,92.0,20.61,5.58,15.96,3.83,89.6,1.25,5.15,10.0,8.15,1,13,241890.0597,0,0,0,0,0,0,0
1638,961.1,1.0,2,296.34,31.93,6.66,72.6,34.04,96.4,1.64,4.09,7.76,5.49,1,20,45286.14571,0,0,0,0,0,0,0
6891,1954.7,1.660421411,3,456.4,14.96,10.0,111.8,29.96,96.8,1.42,5.84,7.39,6.05,1,22,561957.3974,1,0,1,0,0,0,0
3557,1458.01,2.12322477,3,360.62,42.61,10.0,94.43,3.71,99.9,1.83,6.59,10.0,8.55,1,9,379079.4811,1,0,0,0,0,1,0
6587,1201.45,1.195238268,3,859.44,39.48,6.16,89.86,24.27,92.87,1.23,7.64,5.67,6.22,1,15,283349.4182,1,0,0,0,1,0,1
1700,591.05,1.903719894,1,609.33,24.52,5.58,58.93,34.44,98.53,1.26,4.86,5.07,7.08,1,20,73689.14401,0,1,0,0,0,1,1
3526,1044.97,3.086329592,5,672.27,15.47,8.11,52.31,15.42,99.9,1.41,6.45,6.25,6.33,1,9,755423.1728,1,0,0,1,0,0,0
5217,808.5,1.911503205,3,130.41,30.98,7.27,63.87,19.49,92.23,2.28,8.12,5.17,6.05,2,38,270284.0126,1,1,0,0,1,0,0
3734,1920.34,1.151180693,3,972.2,35.77,10.0,21.24,15.79,98.4,1.77,6.96,5.57,6.99,1,20,381845.5453,1,0,0,0,1,0,1
6272,1528.82,3.373255555,3,624.83,1.12,7.37,26.67,0.14,89.93,1.85,6.71,10.0,8.96,1,-2,350382.3354,1,1,1,0,0,0,1
6010,1046.87,1.36184282,3,296.7,16.2,5.49,40.57,25.08,83.23,1.29,4.24,9.23,8.22,2,16,162463.8362,1,0,0,0,0,0,1
3046,550.0,1.0,3,15.38,70.51,4.67,110.45,28.26,85.81,1.39,2.45,8.79,2.36,1,16,88151.93254,0,1,0,0,1,0,0
1883,748.2,1.0,2,662.73,50.88,6.04,44.64,34.45,90.49,1.86,4.53,9.63,6.43,1,15,60679.20686,0,1,0,0,0,0,0
2592,876.96,2.078238801,2,340.06,31.79,3.98,44.25,12.47,86.3,2.1,4.44,8.07,6.28,1,4,79547.80752,1,0,0,0,0,0,0
379,857.34,1.0,2,346.52,32.1,5.15,46.16,8.91,86.46,1.12,5.08,6.56,5.02,1,17,41154.61448,0,1,0,0,0,1,0
3775,1937.42,1.458648745,2,569.13,28.92,7.22,40.53,10.55,89.85,1.45,7.26,4.76,6.44,2,29,261793.2825,1,0,1,0,0,0,0
4003,1399.45,1.357921117,3,951.7,33.02,7.15,50.91,7.19,89.61,1.84,3.92,5.43,6.61,1,14,357411.7218,1,0,0,0,0,0,0
2251,724.62,2.944334063,3,864.6,57.98,6.32,34.53,14.92,94.17,1.26,7.25,8.2,8.87,2,18,330812.6765,0,1,0,0,1,0,0
4439,1086.8,1.418783393,4,22.8,37.82,9.72,21.41,9.79,88.0,1.94,7.09,2.86,6.58,1,18,296534.3624,1,1,0,1,0,0,1
2148,1815.46,1.0,2,771.53,19.91,5.11,27.17,29.64,89.83,1.54,4.14,6.37,7.72,1,16,147110.1748,0,0,1,0,0,0,0
3726,864.89,1.482028653,4,161.5,52.18,8.15,70.94,30.05,97.78,2.28,2.75,5.38,5.76,2,15,175069.4507,1,0,0,0,0,1,0
2144,550.0,2.081040197,3,496.33,48.02,1.45,23.96,17.13,91.69,1.19,1.38,0.84,2.69,1,13,31862.95084,0,0,0,0,0,0,1
2566,643.21,2.01084026,1,274.11,41.99,5.83,34.4,27.8,79.37,2.07,4.58,6.07,7.58,1,11,27220.49901,1,1,0,0,0,0,0
6038,1269.2,2.816446995,5,109.88,30.19,5.95,2.35,8.85,96.06,0.4,7.13,10.0,7.0,1,10,567338.7703,1,0,0,0,0,0,1
1803,911.36,1.62837391,3,916.49,41.82,5.93,40.53,26.32,96.68,1.41,6.2,2.04,4.12,1,13,122854.3205,0,1,0,0,1,0,0
6789,786.27,2.973649224,3,669.72,17.43,7.39,30.71,26.77,90.74,1.56,3.12,7.79,6.56,1,7,362019.1259,1,0,0,0,0,0,0
5357,1324.19,2.356585355,4,912.02,16.72,8.52,77.4,2.66,97.41,2.72,5.55,3.91,5.31,1,15,325920.1186,0,1,1,0,0,0,0
3621,1016.49,1.715963464,3,499.0,17.68,8.6,68.21,16.87,95.96,1.13,6.99,10.0,10.0,1,15,379226.5125,1,0,0,0,0,0,0
6108,2022.66,1.674689401,5,187.89,41.81,8.8,25.16,10.47,92.21,1.7,8.39,5.92,6.36,1,1,671183.5428,1,1,1,0,0,0,1
5520,1586.68,3.034837206,4,85.87,0.37,8.4,65.97,4.49,92.07,1.11,6.61,8.04,5.52,1,12,413312.3505,1,0,1,0,0,0,1
3967,931.87,2.700222152,3,451.27,32.4,5.35,92.11,39.11,94.47,1.87,3.96,0.91,1.77,1,20,193063.6048,1,0,0,0,0,1,0
1594,781.03,2.104892945,2,311.18,31.48,8.14,124.24,6.38,88.7,2.46,6.39,9.28,6.05,1,9,128072.156,0,0,0,0,1,0,1
4328,1042.11,1.182183299,4,378.48,53.36,6.44,36.26,15.08,94.14,1.73,7.17,6.55,6.42,1,15,265844.5453,1,0,0,1,0,0,1
4890,1025.38,2.402277253,5,624.94,19.95,6.68,26.39,3.32,99.52,1.17,8.46,4.28,4.19,1,23,672945.6715,1,0,1,0,0,0,0
1706,984.42,1.0,4,418.85,37.17,7.93,32.14,26.94,84.25,2.33,3.87,4.69,7.42,1,18,86042.28003,0,0,1,0,0,0,1
6884,1393.96,3.552416502,4,380.47,2.57,8.94,96.03,10.93,87.79,0.9,2.72,4.54,4.31,1,23,489161.6802,1,1,0,0,0,0,0
3790,635.71,1.087785706,5,212.83,44.46,8.52,109.18,36.72,90.99,1.42,7.42,6.96,4.81,1,19,352090.5992,1,0,0,1,0,0,0
1820,717.52,1.0,3,706.84,3.49,0.26,30.85,6.98,84.54,2.15,1.9,5.78,3.85,1,16,169868.8019,0,0,0,0,0,0,0
2562,700.48,2.016688421,3,293.74,50.52,6.91,62.41,36.51,82.4,1.65,4.29,6.17,7.36,1,14,213212.6029,0,0,0,0,1,0,0
6501,812.78,1.901236088,4,367.24,89.38,8.53,69.96,15.68,95.08,1.6,5.86,1.89,7.56,1,8,292882.8997,1,1,1,0,0,0,0
2559,1287.85,1.158955673,1,587.45,18.23,5.98,3.49,18.77,87.73,2.33,2.51,1.95,2.87,1,7,137189.5439,0,0,0,1,0,0,1
4208,1226.96,2.969787014,4,531.09,14.93,7.7,62.42,36.45,91.28,2.07,7.96,9.67,10.0,1,13,591243.0487,1,0,0,0,0,0,1
5095,550.0,3.266299064,4,400.1,6.52,9.56,27.84,2.72,97.01,1.29,3.69,9.99,7.91,2,41,291063.2108,1,0,0,0,0,0,0
6361,1501.99,2.437269814,3,386.3,38.35,8.15,22.83,29.55,89.41,1.76,7.37,7.29,3.07,1,12,394075.0448,1,1,0,0,1,0,1
1582,942.63,1.286907664,3,166.58,32.47,9.31,28.16,7.47,90.82,1.38,5.08,10.0,9.19,1,14,156247.5541,0,1,0,0,1,0,0
2547,1151.06,1.267256694,3,702.13,44.28,10.0,56.91,2.66,87.92,1.48,5.49,4.25,5.7,1,6,212238.0074,0,1,0,0,0,0,0
319,550.0,1.455695646,5,734.97,42.68,7.21,39.9,11.18,91.14,2.0,4.53,5.76,6.04,1,16,182313.1519,0,1,0,0,1,0,0
4321,1476.34,1.886961381,4,229.58,8.67,9.93,85.14,19.47,97.3,1.78,7.68,5.73,7.93,1,13,510224.7979,1,1,0,0,1,0,0
5138,1147.62,1.0,4,657.62,3.02,8.86,60.9,16.88,97.23,1.55,5.85,6.35,7.73,1,11,256673.1538,1,0,0,0,0,1,0
5288,1136.32,1.375598264,4,379.05,46.79,10.0,26.16,9.91,99.5,1.44,4.46,6.75,9.17,1,12,392510.6525,1,0,0,0,0,1,0
3364,550.0,1.797965159,2,1036.21,13.65,5.89,44.44,18.11,89.43,0.69,4.01,1.65,4.02,1,9,34992.28608,0,1,0,0,0,0,0
5545,1152.37,2.315436854,4,1063.58,65.44,10.0,55.33,14.56,92.53,0.7,5.04,1.59,5.04,1,10,386572.5133,1,1,0,0,0,1,0
6541,781.01,1.0,4,888.84,32.52,6.16,7.17,41.59,83.83,0.82,4.69,9.66,7.61,1,11,341545.9195,1,0,0,0,1,0,1
1763,550.0,1.982703247,5,626.78,13.12,6.38,29.23,3.56,99.9,2.08,5.32,6.43,7.31,1,12,166754.3776,0,0,0,0,0,0,1
5762,1289.15,1.0,3,381.0,13.69,7.64,50.84,37.08,89.59,1.37,3.25,6.48,4.41,1,13,251688.49,1,0,0,0,1,0,0
6472,1318.75,1.0,5,429.97,27.45,9.69,21.49,9.87,93.81,1.32,3.06,6.29,6.18,1,13,381018.5214,1,0,0,0,0,0,0
2843,1289.64,2.711050529,1,119.59,14.19,5.88,19.5,28.15,92.26,0.84,2.52,0.8,1.69,1,21,266816.8582,0,1,1,0,0,0,0
4944,985.05,2.476443205,3,724.3,59.09,5.53,40.17,16.39,95.04,1.52,5.93,6.43,8.43,1,17,345055.5344,1,0,0,1,0,0,1
4717,842.83,1.752909078,5,470.72,3.32,8.0,20.9,17.48,96.68,0.8,5.4,6.56,6.19,1,16,472427.3284,1,0,0,0,1,0,0
6616,1438.94,1.708344045,4,298.56,37.04,9.5,56.77,11.2,94.71,1.14,5.88,6.48,6.43,1,23,239453.7986,1,0,0,1,0,0,0
2141,550.0,1.168319708,3,180.83,4.97,6.72,120.07,39.4,99.9,2.26,3.63,3.03,4.02,1,14,125611.6899,0,0,0,0,0,0,0
213,638.03,1.0,3,795.57,33.65,8.44,43.74,31.42,94.1,1.91,3.28,4.85,6.63,1,7,121966.0905,0,0,0,0,1,0,1
4866,1653.32,1.949173314,3,294.97,52.73,7.55,61.87,22.17,90.55,1.47,5.2,6.84,5.05,1,11,329628.8688,1,0,0,1,0,0,0
4433,2063.7,2.505643193,3,686.76,81.49,3.7,83.97,46.16,89.97,2.18,5.46,3.83,6.5,1,14,529380.1624,1,0,0,0,1,0,1
3497,550.0,1.0,2,241.35,49.3,5.02,15.19,19.95,94.4,2.4,1.96,7.79,2.75,1,19,143237.4199,0,0,0,0,1,0,0
803,661.47,1.576468113,2,583.96,2.68,8.04,13.6,13.29,90.67,1.07,3.37,1.89,3.68,1,0,8206.973084,0,0,0,0,0,1,0
6356,550.0,2.029228483,4,15.53,7.47,10.0,4.25,2.44,98.4,1.55,4.07,1.81,5.14,1,16,350613.9826,1,0,0,1,0,0,0
5278,1732.87,2.089676032,3,397.48,58.97,8.36,5.7,18.48,89.32,1.43,5.06,7.36,8.57,1,21,403433.893,1,0,0,0,0,0,0
5264,1597.54,2.996134084,3,690.35,37.72,10.0,19.33,12.2,88.55,1.87,7.41,6.26,7.55,1,18,508475.4492,1,1,0,0,0,0,0
4132,1187.73,2.251833592,3,162.59,20.07,7.09,44.67,11.56,95.22,1.89,4.15,8.77,3.64,2,26,481830.6955,1,1,0,0,0,0,1
105,550.0,1.977486138,3,111.94,12.29,3.95,120.76,2.74,91.45,1.88,6.2,6.56,5.93,1,9,110438.1777,0,0,0,0,0,1,1
4458,1026.67,2.537077068,4,273.07,53.39,5.62,2.55,26.14,95.46,1.51,5.9,3.64,5.56,1,31,344233.8279,1,0,0,0,0,0,0
4946,645.31,3.831097406,4,554.56,39.0,8.88,26.36,5.85,90.34,1.34,6.64,9.56,7.84,1,6,429435.9439,1,0,0,0,1,0,0
5836,1965.15,3.961874875,3,860.28,33.12,7.39,5.7,8.05,98.68,1.42,4.33,5.65,7.29,1,12,684518.1409,1,0,1,0,0,0,0
3805,1199.68,1.332144296,3,409.66,22.86,6.07,19.19,29.88,94.42,1.42,6.24,2.9,6.86,1,7,332201.6037,1,0,0,0,0,0,1
2806,561.99,1.0,3,599.31,16.54,5.46,14.64,35.88,92.88,2.51,3.57,4.01,7.1,1,16,27083.35982,0,0,0,0,1,0,1
6509,550.0,3.832878952,3,788.48,29.26,7.55,15.13,10.3,93.66,1.28,5.73,10.0,9.06,1,16,208118.5017,1,0,0,0,0,0,0
4952,1765.4,1.93449809,3,253.74,40.56,7.43,49.43,17.42,99.9,2.33,7.0,3.62,5.78,1,5,380183.9376,1,1,0,1,0,0,1
1465,647.33,1.899080978,1,540.53,41.62,6.93,109.19,11.28,99.9,1.27,3.73,6.93,7.81,1,23,35560.89313,0,1,0,0,0,0,1
2953,751.34,2.64550449,2,855.09,26.32,7.6,55.86,49.43,98.3,1.94,3.84,4.86,6.02,1,22,47578.24247,0,0,0,0,1,0,0
565,550.0,2.050539576,1,77.07,49.79,5.65,11.38,35.77,91.78,1.84,2.29,1.05,0.32,1,14,168531.2204,0,0,0,0,0,1,1
6979,1055.58,2.438118551,3,276.43,49.74,7.96,53.76,32.61,90.52,1.64,7.69,5.88,4.6,1,21,420323.0578,1,0,1,0,0,0,1
4345,1406.82,1.100280242,2,409.31,22.98,7.64,53.6,28.52,94.09,1.15,8.24,10.0,8.99,1,14,214125.9751,1,0,1,0,0,0,0
2524,550.0,1.286366276,3,583.93,21.92,7.02,13.82,38.31,93.73,1.96,3.67,4.54,6.47,1,15,17921.09764,0,0,1,0,0,0,0
1474,777.03,1.0,2,434.55,19.61,6.98,48.98,29.88,95.83,2.21,5.04,9.15,4.17,1,15,105251.4034,0,0,1,0,0,0,0
3236,1244.67,1.0,3,439.03,47.68,4.96,159.26,3.92,96.5,2.25,3.56,4.97,6.82,2,18,202977.2281,0,0,1,0,0,0,1
2829,550.0,2.35447971,3,329.86,66.59,4.53,70.71,24.27,91.93,1.43,2.7,10.0,5.94,2,6,53893.46257,0,0,1,0,0,0,0
2502,555.88,1.647742737,3,655.24,19.56,8.67,53.66,2.37,91.44,1.39,5.99,7.29,3.65,1,18,125344.274,1,1,0,0,0,0,0
317,962.42,1.0,3,318.97,22.09,6.91,18.1,11.18,99.25,1.79,6.92,0.93,3.54,1,13,121704.3417,0,1,0,0,0,0,0
1200,550.0,3.309925037,2,155.03,49.64,5.75,40.49,0.43,99.12,0.88,3.0,7.14,3.4,1,11,40190.02368,0,0,0,0,0,1,0
5203,758.96,1.0,3,241.79,11.55,7.46,71.17,15.55,90.36,1.26,5.6,5.4,5.16,1,24,291749.467,1,0,0,0,1,0,1
2278,550.0,2.195009864,2,827.99,37.23,7.79,53.68,14.52,92.54,0.85,5.55,3.79,8.26,1,12,16312.46198,0,1,0,1,0,0,1
652,550.0,2.304389506,3,421.49,25.07,6.46,67.29,20.29,92.0,1.14,5.77,5.33,7.24,1,10,61972.57472,0,0,0,1,0,0,0
70,1487.28,1.0,3,160.18,15.28,7.12,64.99,9.46,95.94,1.49,6.06,8.25,5.63,2,28,221990.5057,1,0,0,0,0,1,0
5763,1465.01,1.142443098,4,779.62,37.95,6.86,82.81,41.14,90.37,0.94,5.26,8.19,3.55,1,17,503354.5742,1,0,0,1,0,0,0
2658,993.75,1.188211794,3,608.05,46.55,8.66,43.96,12.34,99.9,1.93,6.88,5.32,7.64,1,13,78268.39881,0,0,1,0,0,0,0
1174,550.0,1.949993021,2,69.63,46.8,5.78,20.23,12.4,90.6,1.71,3.63,4.5,2.59,1,15,99675.14231,0,0,0,1,0,0,1
1088,757.98,1.0,3,76.09,17.33,4.49,41.07,0.54,98.61,1.24,4.13,7.93,7.65,1,12,44343.08038,0,0,0,0,1,0,0
6950,2129.83,2.629745897,5,700.12,36.77,10.0,0.83,20.87,99.9,1.43,8.97,8.32,10.0,1,12,1013852.979,1,0,0,0,0,0,0
410,674.64,1.246114285,3,730.15,13.36,4.96,6.17,12.54,94.65,1.42,3.95,7.81,5.28,1,21,164525.719,0,0,0,0,1,0,0
4064,1545.95,2.142643009,5,573.53,35.09,10.0,66.75,10.25,94.91,1.9,8.18,6.51,3.92,1,11,478298.7798,1,1,0,0,0,0,0
6859,1496.88,2.740759061,5,697.14,28.01,10.0,37.08,0.01,97.24,0.92,7.48,5.88,4.38,1,15,990446.1533,1,0,0,1,0,0,1
2386,1488.04,2.590808927,1,707.73,22.05,6.58,111.86,15.9,97.59,1.71,3.96,4.06,5.97,1,21,119951.8576,0,0,0,0,0,1,0
5121,897.54,4.078440573,5,1032.54,7.54,9.49,38.12,12.48,92.93,1.34,6.82,5.01,5.8,1,9,818819.4606,1,0,1,0,0,0,1
2091,1205.53,1.087794174,3,351.27,66.61,8.62,31.8,8.05,97.61,0.93,5.12,2.23,4.34,1,9,149191.2471,0,1,0,1,0,0,0
4635,666.52,1.0,5,773.56,47.59,5.41,52.71,9.19,99.76,0.68,4.33,10.0,5.28,1,15,250643.4901,1,0,0,0,1,0,1
601,628.88,1.986326517,1,179.77,41.63,4.08,45.89,28.63,92.71,2.01,2.12,0.65,5.26,2,26,24371.03455,1,1,0,1,0,0,1
5428,1541.98,1.741463873,5,737.18,35.23,10.0,7.84,1.9,89.41,1.18,8.53,4.67,7.13,1,19,552795.8702,1,1,1,0,0,0,0
3013,1045.42,1.449274842,2,756.05,4.95,2.61,1.18,23.68,99.4,1.56,2.78,10.0,5.56,1,16,121425.0194,0,0,0,0,0,1,0
4792,1285.87,2.684899855,4,510.23,38.81,8.32,4.55,23.0,95.45,1.69,3.9,10.0,10.0,1,7,448693.3186,1,1,1,0,0,0,0
5530,1148.28,2.399158299,3,504.35,90.37,5.64,107.73,38.62,85.57,1.03,1.67,0.85,2.64,1,25,320678.1147,1,1,0,0,0,0,1
2219,550.0,1.701678949,3,91.61,4.3,9.14,34.32,20.35,99.9,1.75,4.51,9.82,8.56,2,28,41700.97327,0,0,0,0,0,0,0
2465,770.2,2.046171482,4,443.68,45.32,4.79,42.78,18.51,91.86,1.04,5.14,9.82,8.83,1,18,455458.5493,0,0,0,0,1,0,0
5858,1746.58,2.404733393,2,857.46,26.04,5.1,21.2,10.77,87.46,1.94,8.01,10.0,7.47,1,16,414444.9818,1,0,0,0,1,0,0
837,895.14,1.590665111,3,227.24,38.7,5.24,57.28,16.53,95.76,2.1,4.91,7.14,6.2,1,0,151718.0918,0,0,1,0,0,0,1
3325,922.14,2.201287453,2,498.24,36.83,4.23,50.06,18.08,88.56,1.36,5.89,3.86,7.61,1,25,177938.6605,0,0,1,0,0,0,0
624,1005.43,1.0,3,85.53,53.07,7.32,22.52,11.77,89.35,1.28,1.86,4.93,5.31,1,16,223764.4338,0,1,0,1,0,0,1
1627,954.69,1.838261156,1,686.22,43.88,2.77,38.87,15.23,80.39,1.96,0.15,1.22,3.29,1,7,238567.3987,0,0,0,0,0,1,0
806,550.0,1.96218746,1,557.55,46.88,6.18,19.87,2.11,94.17,1.19,2.74,3.11,6.41,1,15,67341.7875,0,0,0,0,0,0,1
4978,588.25,3.185778228,5,654.63,47.94,7.95,48.41,9.02,88.71,1.44,5.2,7.68,7.74,2,24,468549.4808,1,0,0,0,0,1,0
5580,1644.94,3.358326898,4,1206.59,42.01,4.78,41.64,24.32,91.61,1.76,7.47,1.69,2.51,1,3,369149.6639,1,1,0,0,0,1,0
3115,967.51,1.841319858,3,204.59,22.47,9.66,0.53,20.39,98.13,2.35,6.57,8.55,8.8,1,7,119207.6603,0,0,0,0,0,1,0
637,798.61,1.569698146,2,335.16,36.1,7.89,53.3,31.12,89.92,2.01,3.92,8.99,8.81,1,10,28083.1033,0,0,0,0,1,0,0
423,550.0,2.63613339,4,55.88,43.24,8.03,9.11,21.18,99.9,1.8,5.85,8.63,8.59,1,15,299080.0829,0,0,0,0,0,0,0
4823,958.49,4.833488876,5,484.08,31.51,10.0,45.18,19.78,98.96,1.01,7.85,9.09,7.33,1,13,577575.4605,1,1,0,0,0,0,0
1996,808.03,1.127582381,2,401.62,31.34,7.27,47.0,19.64,98.47,1.05,3.85,6.18,4.36,1,10,20057.45809,0,0,0,1,0,0,0
4472,1173.3,1.969105859,4,251.69,7.44,10.0,36.68,8.96,99.9,1.04,7.64,7.44,6.55,2,28,360866.5817,1,0,1,0,0,0,0
4620,1240.92,2.308406942,3,154.29,60.77,10.0,92.89,34.28,95.58,1.24,6.39,1.47,2.75,1,19,194230.5541,1,0,0,0,1,0,0
2486,1334.77,2.749004843,3,438.21,57.07,6.7,5.48,6.6,95.84,2.11,7.5,10.0,8.45,2,17,298354.2426,0,0,0,0,1,0,0
6619,853.49,2.157362195,2,278.3,13.94,7.71,50.69,13.32,94.13,1.12,5.61,9.69,8.68,1,3,206464.6837,1,0,0,0,0,1,0
150,806.32,2.393869424,3,213.07,15.42,7.84,23.42,29.33,99.9,1.82,4.08,4.56,6.92,2,29,195682.1267,1,1,0,1,0,0,1
3109,550.0,2.213929011,3,89.67,44.39,4.13,43.52,6.08,93.45,2.04,0.17,2.95,3.81,1,9,112890.4314,0,0,0,0,0,0,0
1580,1021.28,1.588290693,1,31.4,14.06,6.03,97.46,16.94,99.9,1.81,4.4,2.56,6.7,1,13,37249.18079,0,0,0,1,0,0,0
6045,1743.94,3.646045235,3,383.02,40.36,6.4,96.3,11.18,93.29,2.05,6.1,8.49,5.4,1,26,514434.3133,0,0,1,0,0,0,0
5870,1371.0,2.005352188,3,397.63,13.65,7.06,26.75,16.49,92.33,1.75,5.65,9.13,8.83,1,16,447884.1954,1,0,0,1,0,0,0
626,993.36,3.085294041,2,276.53,37.0,7.25,12.7,11.92,93.03,1.01,5.56,5.86,6.23,1,25,232577.4135,0,0,0,0,0,0,0
3002,847.13,1.0,4,1113.81,40.58,5.94,13.62,7.01,96.41,1.22,2.56,6.09,7.62,2,28,205987.446,0,1,1,0,0,0,0
4601,1338.96,3.277371785,1,356.98,43.5,4.36,81.9,49.81,96.64,1.61,2.75,5.46,7.78,1,10,241464.7263,1,0,0,0,0,0,0
3796,934.62,2.7828403,3,383.98,23.99,10.0,41.69,32.8,91.7,1.25,5.74,4.06,2.06,1,14,186817.9744,1,1,1,0,0,0,1
5941,1578.04,1.648289366,4,162.12,22.54,7.9,53.82,3.23,96.75,0.88,6.26,3.89,0.83,1,16,444908.2379,1,1,0,0,0,1,1
3481,657.69,1.0,4,9.84,18.7,7.65,67.67,6.7,97.21,1.39,0.62,7.01,3.69,1,19,83477.14912,0,1,0,0,0,0,0
143,589.27,2.242666173,4,261.54,13.26,8.42,4.68,12.52,99.13,1.95,7.04,7.79,7.03,1,0,387208.5521,0,0,1,0,0,0,0
4813,1441.86,1.129783364,3,864.27,40.12,7.75,63.92,15.05,97.8,1.6,6.47,7.08,4.74,1,20,237334.4133,1,1,0,0,0,0,0
2574,944.74,1.70991746,1,322.81,18.89,8.52,108.85,9.33,96.12,2.09,2.93,7.81,5.15,1,16,37852.98083,0,0,0,1,0,0,0
4662,804.0,3.209931812,2,85.31,2.7,6.19,4.94,3.68,96.17,1.5,6.2,9.67,5.61,1,14,361865.046,1,0,0,0,0,1,1
4014,1091.16,2.048895801,4,989.68,30.23,10.0,25.58,1.73,99.9,1.13,7.65,4.34,6.33,1,13,393003.2219,1,0,0,0,1,0,0
1880,550.0,1.0,3,140.74,37.74,4.68,136.57,29.99,95.42,2.61,2.45,3.44,4.1,1,23,100058.5555,0,0,0,1,0,0,1
6584,1644.34,3.604722135,2,726.65,25.55,5.92,6.92,2.78,99.9,0.98,5.24,6.41,8.78,1,14,594793.2011,1,1,0,0,0,0,0
5251,1245.36,1.0,4,727.46,48.94,8.16,33.55,19.67,99.9,1.86,3.69,6.36,3.65,1,18,358004.9016,1,0,0,0,0,1,0
3452,574.93,1.340327819,2,487.75,37.67,5.85,113.69,12.02,88.18,2.32,2.16,8.86,5.83,1,19,124097.018,0,0,0,0,0,0,1
6318,1187.94,1.100998953,5,648.2,2.47,8.64,23.57,4.17,97.08,1.27,4.45,6.81,2.77,1,17,360786.3084,1,0,0,0,0,1,0
3605,988.48,1.478648763,4,597.16,1.22,4.51,57.42,20.55,87.73,1.28,4.09,8.59,7.62,1,20,195707.0025,1,1,1,0,0,0,0
3342,1187.21,2.373100763,3,566.0,20.93,4.91,65.64,1.53,90.14,1.61,4.74,7.73,6.88,1,23,277111.1081,0,1,1,0,0,0,0
5527,818.83,1.0,4,845.29,44.12,4.35,8.02,40.61,99.9,1.13,2.79,4.6,6.95,1,16,250706.267,1,0,0,0,0,0,1
6718,1282.25,3.294097827,4,1107.92,27.25,8.6,73.6,27.75,95.75,0.48,4.35,5.64,5.08,1,8,510402.6408,1,0,0,0,1,0,0
2171,561.66,1.0,2,569.17,16.98,3.64,53.49,24.15,86.58,1.82,2.48,10.0,5.94,1,18,60430.85397,1,0,0,0,0,1,1
6282,550.0,2.394913408,3,901.68,45.68,7.66,20.04,25.71,98.81,1.78,4.29,7.75,7.08,2,30,258776.4313,1,0,0,0,1,0,0
4975,846.32,1.0,3,411.26,50.98,5.03,16.75,0.44,93.25,1.26,4.16,8.23,5.62,1,9,221033.9943,1,1,1,0,0,0,0
5171,1555.16,3.00057019,3,294.43,44.82,4.56,44.85,29.79,85.46,0.79,4.43,7.78,5.88,1,8,370346.1879,1,0,1,0,0,0,0
2780,632.84,1.0,4,676.1,35.64,7.85,19.53,20.04,92.7,1.01,4.24,6.49,7.73,1,17,140640.6131,0,0,0,0,0,1,1
4720,774.9,1.0,4,609.13,26.26,7.42,45.2,47.08,95.92,1.44,7.21,2.93,4.33,2,32,186578.5257,0,0,0,0,0,1,1
6923,550.0,1.003707677,1,185.55,12.87,5.23,28.39,26.59,90.59,1.35,3.68,4.67,3.26,1,6,526060.4651,1,0,1,0,0,0,0
2832,604.7,1.398602621,3,358.48,23.05,4.65,92.22,11.37,95.25,1.38,4.1,9.77,10.0,1,23,127113.1109,1,0,1,0,0,0,0
6972,1660.73,2.462371258,2,304.76,12.55,9.18,26.25,30.23,96.54,1.49,4.24,8.1,6.23,1,4,329318.8029,1,0,0,0,1,0,0
5462,1030.27,1.306311993,3,723.0,62.82,5.96,15.76,8.84,88.26,0.8,3.43,1.41,0.96,1,10,191660.7394,1,0,0,0,0,0,0
2230,907.67,1.491771879,3,188.41,19.17,8.54,35.33,22.88,96.6,1.59,6.64,9.01,4.82,1,8,332738.0215,0,0,0,0,0,1,1
617,550.0,1.0,3,201.96,40.06,4.59,44.27,14.3,95.1,1.85,2.95,2.91,4.27,1,13,92216.48251,1,0,0,0,0,0,1
1324,550.0,1.103740204,3,727.66,31.2,3.84,5.52,18.41,89.01,1.54,2.79,6.24,7.3,2,25,18600.98567,1,0,0,0,0,1,0
6078,1930.03,1.582417956,4,800.71,19.86,6.08,29.03,7.48,95.55,1.81,4.96,10.0,9.57,2,6,528048.0859,1,0,1,0,0,0,0
690,550.0,2.954282862,2,752.61,25.2,2.56,45.4,8.39,91.15,1.63,2.34,0.64,3.06,1,22,83149.72661,0,0,0,0,1,0,0
6773,987.0,3.556596677,4,538.63,27.97,10.0,5.77,8.94,94.58,0.71,8.09,10.0,7.27,1,14,448147.8504,1,0,0,1,0,0,0
2288,920.23,1.322823373,2,628.62,56.68,5.81,13.11,27.16,92.05,1.52,6.01,7.23,7.72,1,19,33920.57588,0,1,0,1,0,0,1
3302,962.64,1.434845642,2,204.86,52.53,7.81,25.58,23.94,99.9,2.08,1.49,6.26,3.8,1,9,69976.88817,0,1,0,0,0,1,0
5785,984.08,5.152481687,2,731.79,37.81,6.44,70.55,3.22,88.74,0.82,6.05,5.52,5.6,2,25,387826.079,0,1,0,1,0,0,1
1350,754.31,1.0,4,778.7,43.88,4.17,24.07,34.64,91.21,1.43,5.03,6.18,6.05,1,13,140473.8686,0,0,0,0,0,1,1
5837,1394.47,3.616210489,3,143.41,45.53,6.78,15.34,1.5,96.11,1.26,5.45,8.41,8.97,1,13,319132.6757,1,0,0,0,0,0,0
6602,1406.33,2.691176163,4,58.68,13.03,8.5,62.5,2.4,91.77,1.22,7.52,4.65,5.93,1,18,435447.0149,1,0,0,0,0,1,0
2729,550.0,1.0,1,560.02,38.62,5.63,108.95,1.18,99.78,1.53,3.37,3.15,3.74,1,22,35490.85796,0,0,0,0,0,1,1
5926,1297.6,3.036959917,4,634.47,29.19,10.0,29.92,19.28,95.51,0.48,6.6,8.14,8.45,1,14,453044.0803,1,0,0,1,0,0,0
5782,1095.87,2.496769408,4,86.61,63.3,6.32,140.86,5.08,94.71,2.3,3.59,10.0,7.63,1,16,271020.5549,1,0,0,1,0,0,1
5788,1027.66,3.398431562,4,523.99,11.9,8.94,37.96,52.37,92.7,1.45,8.02,9.15,7.66,1,14,435646.4028,1,1,0,1,0,0,0
4561,550.0,3.557038767,3,103.65,27.32,10.0,63.48,15.96,95.59,1.28,6.87,6.69,7.09,1,15,362688.7104,1,1,0,1,0,0,1
1187,1789.94,1.0,2,407.92,44.43,4.87,93.96,25.18,83.84,1.88,1.99,3.36,3.9,1,16,205.4453475,0,0,1,0,0,0,0
1191,550.0,2.032352142,3,557.19,24.73,6.45,73.11,10.43,94.89,1.14,2.79,8.63,8.98,2,61,106672.0083,0,1,1,0,0,0,0
145,1244.05,1.0,3,474.75,23.75,6.48,50.35,10.24,90.92,1.67,3.81,7.93,8.12,1,20,58549.71219,0,1,0,1,0,0,1
6350,1494.81,4.616437934,4,584.94,14.74,10.0,43.58,9.72,95.69,0.58,6.13,3.76,6.33,1,4,563832.0282,1,0,0,1,0,0,0
3572,1929.23,3.255581475,5,564.42,51.54,10.0,11.34,2.89,96.37,1.56,8.9,5.26,5.02,2,22,741284.5407,1,0,0,1,0,0,1
4420,1967.05,2.23160793,3,1080.25,23.29,9.27,97.49,17.71,83.9,2.25,7.34,5.22,4.15,1,14,271684.6067,1,0,0,0,0,1,0
3742,550.0,1.527471749,4,696.52,62.44,6.36,22.06,22.58,83.63,1.68,2.64,4.98,8.44,1,16,170616.1755,1,0,0,0,1,0,0
1762,680.92,2.978323616,1,551.7,9.63,6.72,16.79,2.8,85.17,1.52,3.51,5.45,5.63,1,22,34562.74504,0,1,0,1,0,0,0
3800,863.99,2.350976374,3,578.21,44.02,7.37,58.04,1.91,99.78,1.77,6.23,10.0,9.89,2,47,290199.094,1,0,0,1,0,0,0
4802,998.35,1.218721708,2,633.07,6.78,6.32,57.18,32.4,89.86,0.88,5.52,5.76,7.42,1,3,235314.3907,1,0,0,0,1,0,0
4810,1291.47,1.708679822,4,66.02,20.22,6.07,57.63,25.53,88.07,1.48,3.39,5.43,5.05,2,27,367865.6689,1,0,0,1,0,0,1
1834,559.06,1.0,1,494.75,35.66,6.08,35.22,17.84,98.23,0.89,2.68,3.56,4.02,1,25,105762.5848,1,0,0,0,0,1,1
6861,834.77,1.815115957,4,655.14,10.11,9.2,6.51,21.97,97.0,1.83,6.13,7.42,8.04,1,13,354325.7885,1,1,0,1,0,0,1
1111,1373.52,1.478582137,2,243.99,40.27,6.6,37.42,16.62,90.89,1.71,4.67,6.25,6.79,1,3,235284.6693,0,0,0,0,0,1,0
2127,644.33,1.767759052,3,155.4,9.84,7.97,61.88,8.5,94.97,1.53,3.54,3.46,3.83,2,30,114872.9599,0,0,0,0,1,0,0
4997,720.33,1.936680919,4,550.78,25.88,7.88,26.14,0.83,95.38,1.53,3.67,10.0,5.69,2,11,277091.1304,1,0,0,1,0,0,1
4783,1082.47,3.742363,5,428.3,3.82,9.57,4.91,0.14,97.6,1.08,8.78,9.24,7.12,1,9,657714.0226,1,0,0,0,0,0,0
6310,722.72,1.0,5,727.14,67.67,7.7,47.27,15.28,88.47,1.78,2.61,6.57,8.41,2,10,257980.1353,1,0,0,0,0,0,1
5726,1287.6,2.404376522,4,730.59,37.77,6.72,23.06,17.31,89.98,1.99,6.18,5.74,7.36,2,31,395724.6431,1,1,0,0,0,1,0
2277,550.0,2.897126928,3,530.03,41.38,6.57,37.99,22.32,93.74,1.25,2.12,1.83,4.17,1,10,59111.99664,0,1,0,0,1,0,0
3795,801.77,1.571140719,5,135.67,36.55,7.19,55.26,20.33,91.46,0.98,4.21,5.02,6.75,2,32,428494.8875,1,1,0,1,0,0,0
2499,613.71,1.320775716,5,609.64,44.17,10.0,8.46,27.96,94.58,1.46,4.85,9.4,7.83,2,24,203371.6852,0,0,0,0,1,0,0
6035,1343.93,1.082210054,4,235.42,41.03,5.21,84.48,32.86,96.14,2.28,3.22,9.57,7.46,1,20,304777.2819,1,0,0,0,0,0,1
1824,1047.19,1.154523323,2,127.56,21.2,0.89,64.43,25.27,86.94,1.85,1.35,9.27,5.63,1,9,70365.55638,0,0,0,0,0,0,0
2788,730.3,3.465489528,4,1162.25,24.96,6.34,8.95,5.83,92.75,1.68,5.92,8.4,6.42,1,6,454680.4699,0,0,0,0,0,0,1
4196,1133.71,1.013462153,5,565.32,36.18,6.39,55.63,31.74,95.88,1.65,7.2,9.27,7.86,1,16,381966.0307,1,0,1,0,0,0,0
4386,804.42,1.731522354,3,66.63,48.71,8.31,32.33,14.28,97.59,1.15,6.19,8.29,5.06,1,9,283569.1904,1,0,1,0,0,0,0
3827,901.82,2.308496355,4,592.31,28.72,8.19,105.35,4.34,92.18,1.74,7.51,6.46,7.8,1,17,534823.9978,1,1,0,1,0,0,0
2492,1605.01,1.0,2,389.2,11.83,6.59,70.95,12.36,95.43,1.7,5.99,4.48,6.53,1,14,254523.2808,0,0,0,0,0,0,0
878,953.78,1.623211954,2,360.56,26.11,5.14,8.04,28.72,91.76,2.2,3.49,10.0,7.03,1,6,135806.6345,1,0,0,0,0,1,0
1455,760.77,3.255048964,3,179.59,8.09,4.99,32.81,4.34,86.84,1.82,5.17,3.61,6.7,1,29,256783.6554,0,1,0,0,0,1,0
391,1108.17,1.0,3,599.08,34.18,3.75,41.57,27.91,99.9,2.0,4.72,6.17,5.4,1,6,326871.9349,0,0,0,0,0,0,0
4182,982.87,2.100869448,3,495.4,17.54,7.62,56.15,34.62,98.12,1.69,5.51,3.37,8.52,2,38,307436.6769,1,0,0,0,1,0,1
2283,758.47,1.0,3,233.15,45.77,4.69,1.05,29.78,89.96,1.17,3.01,2.89,3.18,1,13,237253.1826,1,0,1,0,0,0,0
2714,1013.78,1.0,2,258.82,24.69,5.74,83.44,8.55,94.59,1.53,5.49,3.72,3.9,1,18,3032.312499,0,0,0,0,0,0,0
5371,1448.76,2.803462253,2,420.23,27.39,6.96,30.51,12.67,88.88,1.29,8.07,4.5,3.81,2,25,405357.3565,1,0,0,0,0,0,0
5619,1601.24,1.0,3,763.98,45.98,6.7,36.58,13.81,99.9,1.59,4.86,7.02,4.04,1,14,442226.1074,1,0,0,0,0,1,1
2958,1025.08,2.518201312,3,898.79,19.88,8.99,5.95,14.62,97.33,0.41,6.17,5.08,7.02,1,19,216956.1219,0,0,0,0,1,0,1
475,698.31,2.075840252,2,98.81,44.86,5.82,73.66,26.45,99.65,2.01,2.7,4.72,5.84,1,8,124951.696,0,0,0,1,0,0,0
1694,820.47,1.783050325,2,678.76,36.6,8.95,24.39,32.53,95.92,0.57,7.84,9.59,8.96,1,15,129981.4305,0,0,0,0,0,0,0
1295,720.92,3.057766052,2,713.3,47.08,6.35,110.21,17.24,88.9,1.41,5.09,9.56,7.61,1,-2,165097.9751,0,1,0,0,0,1,1
2092,837.37,1.0,4,235.1,51.05,6.96,53.22,36.03,99.9,1.63,2.77,10.0,6.68,1,12,104559.7288,0,0,0,0,0,0,0
3050,550.0,1.620942638,2,623.76,29.13,3.35,29.17,7.75,85.2,1.7,4.02,9.07,4.62,1,11,47072.52054,0,1,0,1,0,0,0
1137,1589.48,1.649524983,4,257.65,23.97,8.89,54.52,21.3,86.59,1.47,3.09,1.4,2.47,1,8,364946.8022,0,0,1,0,0,0,0
2072,550.0,2.599736227,2,711.91,10.63,2.98,85.45,34.72,91.49,2.27,3.62,0.06,4.05,1,20,81347.8803,0,0,0,0,0,0,0
5331,1423.57,3.7360299,6,249.96,21.33,8.87,54.89,11.77,94.53,1.39,9.68,4.03,5.7,1,15,959159.7878,1,1,0,1,0,0,0
832,1941.73,1.394729926,2,243.56,23.16,6.01,22.93,26.37,98.23,1.92,4.18,5.18,3.96,1,13,143235.7585,0,0,0,1,0,0,0
591,646.13,2.232483995,3,573.88,9.66,7.11,71.64,23.97,95.35,1.47,3.06,1.54,3.96,1,16,159602.6435,0,1,0,0,1,0,0
4658,1627.88,3.360291165,2,715.12,42.88,9.02,62.93,11.74,99.05,0.65,6.75,5.41,5.02,1,22,559303.9752,1,0,0,0,1,0,1
5716,1696.32,1.163624985,5,528.83,35.16,10.0,21.82,21.29,97.16,1.35,8.8,10.0,8.0,2,35,677069.6931,1,0,0,1,0,0,0
3592,1176.46,2.072439302,4,660.02,26.29,8.32,40.96,29.55,93.88,1.68,5.79,5.44,5.82,2,26,410271.0218,1,0,0,0,0,1,1
5731,690.82,1.723999447,5,983.03,50.05,9.52,25.08,1.17,96.46,2.26,6.3,3.7,6.93,1,11,322018.9183,0,0,1,0,0,0,0
109,550.0,1.459498305,2,956.66,28.22,4.92,18.07,1.2,99.9,1.99,1.41,6.3,7.12,1,20,146499.1281,0,0,0,1,0,0,0
5256,839.76,1.026853842,4,138.49,47.83,8.98,6.82,8.14,91.74,1.64,6.95,10.0,5.18,1,22,210391.3352,1,0,0,0,1,0,0
4318,1258.98,2.013493145,3,408.25,11.81,6.87,134.89,22.47,95.75,1.18,5.01,8.53,6.44,1,2,382632.6063,1,0,0,1,0,0,1
1052,1494.94,1.235246366,2,47.64,41.5,5.47,92.86,1.89,94.35,1.67,2.76,9.54,6.28,2,36,119171.3861,0,0,0,0,1,0,0
1311,1138.83,1.748237357,1,790.1,27.72,5.5,35.17,8.28,93.1,1.99,3.11,9.37,6.67,2,31,67840.76281,0,0,1,0,0,0,1
6199,1356.81,3.258387579,4,472.25,1.61,7.17,46.49,11.41,96.46,1.27,5.96,6.62,6.91,1,3,532605.1107,1,0,0,0,0,1,0
668,834.23,3.28414431,3,551.58,19.97,6.52,64.65,19.2,82.62,2.04,3.25,8.81,6.97,2,29,305484.4248,0,0,0,0,0,1,0
253,823.43,1.045248324,3,723.64,13.51,8.06,5.04,30.86,96.3,1.3,5.39,8.13,5.61,1,12,93361.72987,0,0,0,0,0,0,0
5168,1487.6,2.934959211,2,660.53,17.89,6.97,39.4,14.97,99.9,1.03,7.9,10.0,6.86,1,18,298730.5564,1,0,0,0,0,1,0
5715,1117.95,2.118546351,3,605.64,11.89,9.35,12.49,4.12,99.9,2.39,6.45,6.38,2.52,1,16,360823.0107,1,0,0,0,0,0,0
5588,900.27,3.608167067,5,199.73,20.22,7.61,48.95,4.32,92.82,2.22,8.65,10.0,9.17,1,16,478849.8809,1,1,0,0,0,0,1
2690,854.43,1.769117831,2,751.82,13.6,5.24,84.0,34.48,97.45,1.45,8.55,8.72,7.48,1,19,88104.54771,0,0,0,0,0,1,0
4641,1255.38,3.070620869,4,482.12,54.16,8.53,19.94,3.53,93.38,1.08,6.82,9.91,9.58,1,17,429919.0157,1,1,0,0,0,1,0
6621,1567.15,1.917796498,2,359.45,31.82,7.98,140.07,20.34,96.16,0.97,6.21,5.59,6.02,2,46,172077.3012,1,0,0,1,0,0,0
5045,1706.41,2.132458556,4,695.72,33.02,8.45,33.9,20.86,97.16,0.61,6.99,6.52,8.77,1,9,461722.6922,0,1,0,0,0,0,0
5667,1681.2,2.360848428,3,265.16,30.33,9.04,29.81,30.38,89.04,1.38,5.12,9.44,5.27,1,17,310854.2427,1,0,0,0,1,0,1
843,1153.38,1.032121778,1,843.0,6.17,3.17,2.35,40.3,84.45,2.14,0.07,3.82,4.95,1,15,67929.8374,0,0,0,0,0,0,0
4159,1572.46,1.122733271,3,792.09,30.2,4.22,9.53,22.68,95.51,1.57,9.42,5.54,9.19,1,16,293968.2249,1,0,0,0,1,0,0
4509,1291.47,1.0,3,259.1,19.63,7.94,64.39,4.13,97.63,1.87,8.61,9.08,9.69,1,18,366209.5049,1,0,0,0,1,0,0
6528,1481.34,1.0,5,794.84,22.49,9.69,82.49,1.91,90.31,2.15,5.85,4.1,7.51,1,14,367907.4653,1,0,1,0,0,0,1
3374,806.87,1.542992759,3,429.91,42.53,7.62,45.94,28.58,92.6,2.51,4.4,5.97,5.49,1,12,101172.2102,0,1,1,0,0,0,1
3394,634.94,1.0,2,68.44,68.17,4.29,78.63,5.01,98.52,2.08,3.43,0.19,3.01,1,18,110874.2388,0,0,0,0,0,1,0
884,1159.89,1.270642072,2,868.14,23.36,8.43,54.88,3.98,94.85,1.45,2.76,3.85,0.35,1,9,93757.27093,0,0,0,0,0,0,1
4547,1260.53,1.403670698,4,594.33,28.69,6.93,20.67,0.98,89.45,1.22,5.31,5.63,7.32,1,5,393042.4874,0,0,1,0,0,0,0
5354,1928.68,2.366514313,3,301.85,22.35,8.03,57.05,19.88,99.9,0.93,6.93,10.0,7.86,2,17,439322.9316,1,0,0,0,0,1,0
3996,550.0,3.633748742,3,285.58,33.56,5.16,0.2,28.01,99.79,0.99,3.05,8.1,8.41,1,14,271324.9181,1,0,0,0,0,1,0
4752,1040.56,1.0,3,81.47,8.89,10.0,32.37,12.19,99.9,0.79,8.66,10.0,6.51,1,29,463928.0959,1,1,0,0,1,0,0
1879,857.2,2.327397291,3,556.04,1.5,8.75,48.03,32.98,85.92,0.97,4.03,4.25,5.91,1,19,309914.7043,0,1,0,0,0,0,0
5677,1647.88,1.0,3,605.78,39.02,6.18,81.17,0.09,96.84,0.93,4.37,2.0,3.75,1,7,235491.2989,1,1,0,0,1,0,0
5582,1521.66,1.0,4,364.8,31.69,3.93,42.24,30.23,90.42,0.48,1.76,1.09,5.72,1,17,292060.6198,0,0,0,0,0,0,1
1485,550.0,1.364844596,5,236.62,20.36,8.9,62.2,13.45,92.61,2.19,5.61,3.98,3.62,2,27,159752.1044,0,0,0,1,0,0,1
5423,797.3,2.861444856,3,797.95,42.4,8.09,15.14,13.61,92.87,1.48,6.14,10.0,5.42,1,16,390607.6226,1,1,0,1,0,0,1
2417,692.78,2.087698039,3,547.68,49.8,10.0,25.17,15.01,99.47,0.97,7.45,10.0,9.43,1,9,152182.7922,0,0,0,0,1,0,0
2737,977.85,2.425019889,1,1071.73,39.1,4.25,101.54,8.43,94.81,1.28,3.8,1.08,3.23,1,8,90016.09141,0,1,0,0,0,0,1
2267,710.7,1.0,4,786.11,8.59,8.88,91.95,10.39,92.71,1.83,5.61,4.39,3.92,2,24,173729.0987,0,0,0,0,1,0,1
4173,1459.79,3.546818063,2,804.58,7.1,4.51,49.96,13.46,99.9,1.24,4.07,8.42,8.52,1,10,341522.1161,1,1,1,0,0,0,1
3368,1073.17,2.784915284,2,798.23,40.22,7.11,7.87,54.19,96.55,2.25,4.82,6.82,7.43,1,27,215957.4641,0,0,0,0,0,0,0
6165,1640.35,1.0,3,16.32,46.36,6.41,44.42,21.28,82.33,1.29,4.9,5.0,5.21,2,32,261062.2035,1,0,0,0,0,0,1
2808,1028.83,1.894839593,4,739.36,10.24,7.93,65.38,23.16,99.9,1.63,5.05,5.28,5.87,1,11,350794.0185,0,0,1,0,0,0,1
869,968.4,1.83299545,2,474.64,44.0,4.81,76.54,20.49,84.46,0.95,1.59,8.91,9.8,2,17,108773.3221,0,1,1,0,0,0,0
2468,715.82,1.414232015,3,320.74,1.88,6.54,90.69,7.36,99.34,0.82,4.07,3.41,8.22,1,7,10303.33814,0,0,0,0,0,1,0
3893,2177.7,3.355930759,2,746.98,24.26,10.0,7.59,25.62,99.9,1.33,7.15,7.96,6.71,1,16,433722.5381,1,0,0,0,0,1,0
6343,1216.64,1.0,5,706.24,0.11,10.0,51.22,49.81,91.66,1.15,6.64,5.58,5.98,1,18,334382.1046,0,0,0,1,0,0,0
450,1286.07,2.715201171,2,187.63,54.68,6.27,7.62,32.31,99.9,1.2,6.26,4.86,4.42,1,9,174273.9657,0,1,0,0,0,1,1
5115,773.75,1.590550172,5,890.83,12.94,9.16,0.01,3.21,95.37,0.94,4.57,7.22,8.69,1,8,347110.7173,1,0,1,0,0,0,1
5656,1482.32,2.723281068,2,596.92,34.22,5.07,87.19,33.43,95.66,1.4,6.67,5.28,6.13,1,14,215992.0587,1,0,0,0,0,0,1
1979,1067.3,3.391638755,2,665.83,11.73,6.06,20.03,29.33,94.46,1.09,8.04,0.07,1.76,1,5,204894.7445,0,0,0,0,0,0,0
696,841.26,1.0,3,3.23,26.9,9.74,99.51,24.79,86.71,1.86,4.34,9.94,5.11,1,17,80527.98828,0,0,0,0,1,0,0
1741,550.0,2.722173555,4,160.09,31.51,5.7,96.01,7.36,94.52,1.02,2.85,8.67,4.62,1,20,254077.9284,0,0,0,0,1,0,0
3718,1625.2,1.21043069,2,30.27,13.9,6.62,36.28,5.04,89.2,0.6,5.7,3.87,8.21,2,29,361811.0767,1,0,0,0,0,0,0
811,550.0,1.217359117,3,418.08,31.09,8.01,18.03,19.54,94.79,1.21,4.58,10.0,5.6,1,25,225315.6964,0,0,0,0,1,0,0
3284,550.0,1.425486945,1,528.78,11.76,6.01,24.05,33.89,95.02,1.98,2.05,6.49,10.0,1,9,88166.13526,0,0,0,0,0,0,1
2189,574.35,1.166722066,4,792.79,6.61,3.67,9.45,16.48,95.41,0.97,6.56,6.81,6.26,2,31,246772.9168,0,0,0,1,0,0,0
5006,1302.08,3.287337664,3,520.44,32.03,8.26,19.48,18.01,89.41,1.79,7.86,10.0,7.66,1,17,318276.4491,1,0,1,0,0,0,0
5617,1679.53,2.175178307,3,203.13,14.86,9.21,13.2,12.43,97.33,0.63,8.08,7.38,2.93,1,11,529342.9674,0,1,0,0,1,0,0
5145,759.22,2.185390846,2,507.23,0.14,6.66,33.25,26.94,99.9,2.1,4.96,9.05,9.2,1,26,316481.2214,1,0,0,1,0,0,0
505,876.67,1.0,4,117.86,12.17,5.49,4.85,11.85,95.28,0.85,6.32,9.22,6.87,1,18,268412.068,0,1,0,0,0,1,0
3303,908.8,2.885796898,3,917.38,34.59,7.03,41.25,17.36,95.62,1.22,8.09,5.32,4.77,1,24,387685.7869,0,0,0,0,0,0,0
405,705.09,1.174726728,2,50.75,43.91,6.93,9.54,19.27,93.73,1.72,6.24,4.65,4.38,1,4,217782.099,0,0,0,1,0,0,0
3640,550.0,1.766462384,4,130.93,21.83,5.81,7.03,5.71,95.18,1.25,1.52,10.0,6.81,1,15,252071.4323,1,0,0,0,0,1,0
6461,1128.51,3.701784289,1,684.79,16.78,8.95,69.74,34.95,97.2,0.87,2.93,2.78,5.78,1,19,157437.5473,1,1,1,0,0,0,0
183,550.0,2.567243569,2,447.96,29.21,4.81,48.11,15.24,98.08,1.34,2.4,9.2,3.89,1,15,89371.89663,0,0,0,0,0,1,0
6867,1920.59,3.715051657,4,981.64,25.72,8.04,47.96,9.54,89.19,1.53,7.29,5.85,6.64,1,13,499175.0112,1,0,0,0,0,1,0
1876,550.0,2.206816636,3,561.33,38.25,4.58,21.65,25.98,92.83,1.08,2.28,0.58,1.77,2,31,116316.5412,0,0,0,0,1,0,0
5813,820.01,2.566845148,4,317.93,52.33,7.82,46.57,35.11,87.26,1.55,3.44,2.83,6.84,1,18,218881.1612,1,0,0,0,0,0,0
609,640.47,2.575469432,2,828.6,8.79,5.56,37.9,9.5,91.77,2.34,7.64,6.89,3.6,1,22,233487.9935,0,0,0,1,0,0,0
2674,949.31,1.0,2,221.81,27.26,5.3,16.8,22.9,92.95,1.4,3.84,1.89,5.62,2,22,172412.6046,0,0,0,0,0,0,0
2033,550.0,1.41055593,1,30.12,43.77,7.31,88.28,46.39,88.73,1.03,3.19,9.33,5.95,1,12,21085.8632,0,0,0,0,1,0,1
3981,2068.36,3.02415473,4,314.26,54.28,9.44,66.77,8.89,93.95,2.1,8.03,7.86,10.0,2,20,490241.307,1,0,0,0,0,1,1
6629,1915.74,1.981098936,5,221.86,28.1,10.0,82.92,14.15,93.86,1.34,6.2,6.01,6.08,1,13,440550.9339,1,1,0,0,0,0,0
6422,1115.1,1.249584133,3,675.68,52.5,5.56,20.29,16.67,91.68,2.26,5.68,6.7,6.51,1,20,218718.7234,1,0,0,1,0,0,0
1968,553.63,1.615838061,2,417.33,12.56,4.58,58.29,18.55,94.26,1.24,0.24,8.72,3.26,1,14,135366.5505,0,0,0,0,0,1,1
6774,1174.4,4.073828058,4,1033.01,30.65,10.0,2.22,8.94,99.9,0.7,6.26,9.65,6.73,2,52,468757.1622,1,0,0,0,0,1,0
20,616.33,1.0,3,705.33,11.24,4.76,24.69,29.21,95.34,1.16,4.84,6.17,5.29,1,16,100909.5214,0,0,1,0,0,0,0
2218,550.0,1.931124937,2,902.1,39.23,1.79,60.25,44.37,92.14,3.19,2.42,3.63,5.33,1,20,40163.16733,0,0,0,1,0,0,1
5521,1492.21,3.40795935,3,943.07,11.54,3.54,37.8,48.02,91.39,1.96,3.17,6.19,7.82,1,15,306364.9457,1,0,0,0,0,0,0
5686,1795.97,1.472159513,4,678.31,38.08,9.17,81.08,37.74,99.9,2.13,6.7,7.08,5.05,1,17,319074.0124,1,0,0,0,0,1,1
2224,1033.74,1.0,2,815.76,7.63,4.43,137.0,27.3,95.02,1.93,3.96,9.54,6.94,1,14,22891.25316,1,0,1,0,0,0,0
327,557.42,2.316480357,2,471.9,12.1,6.37,33.49,22.78,93.52,1.58,4.79,10.0,7.33,1,31,138152.7933,0,0,0,0,0,0,0
3270,1431.8,1.0,4,487.22,56.36,7.24,38.63,12.03,94.78,0.32,5.21,7.34,5.21,1,14,391749.8072,0,0,0,0,1,0,0
2518,905.99,2.394201893,2,584.18,1.93,7.17,30.62,1.79,88.22,0.47,3.09,5.22,7.95,1,26,250365.723,0,1,0,0,0,1,0
1874,856.29,1.277602031,3,1013.59,36.53,8.28,53.66,31.67,97.43,1.2,4.48,2.83,9.73,1,10,43330.53023,0,1,0,1,0,0,1
6633,1035.05,3.361478132,3,682.49,37.69,8.58,32.02,0.14,81.43,1.48,6.8,9.32,4.19,2,39,383902.1631,1,0,1,0,0,0,1
5984,1569.85,3.171468099,2,559.7,34.59,10.0,39.4,12.65,94.43,0.89,4.83,3.72,2.74,1,18,329603.6887,0,0,1,0,0,0,0
4362,1690.71,1.41937503,4,398.24,30.13,8.88,23.99,9.86,97.98,2.05,6.04,6.39,4.41,1,20,626475.2233,1,0,0,0,0,1,0
5986,1375.64,3.448992125,3,700.64,64.46,6.91,72.34,28.17,95.76,2.18,7.37,8.07,7.76,1,19,394412.6593,1,0,0,1,0,0,0
6759,1016.18,3.75034995,2,784.06,37.43,3.45,41.03,2.22,97.25,1.53,2.92,5.7,9.21,1,11,215725.6655,1,0,0,0,1,0,0
1756,1419.79,1.217234149,2,630.85,52.85,5.68,97.86,45.97,91.88,1.2,3.8,5.25,7.39,1,7,216925.2751,0,1,0,0,0,1,0
2178,678.79,1.545631325,2,371.5,12.69,6.36,87.35,27.32,89.42,1.25,0.54,4.19,4.5,1,22,5200.578812,0,0,0,0,0,1,0
4961,1197.9,2.909309193,3,617.49,41.0,3.13,93.99,31.18,92.84,1.85,6.58,1.73,4.61,1,8,208651.7175,1,0,0,0,0,0,0
6936,1478.67,3.079979329,4,155.35,62.68,8.26,20.5,1.38,91.03,1.25,7.07,10.0,8.61,1,9,580509.0972,1,0,1,0,0,0,0
3410,732.92,1.666020061,2,53.89,39.45,5.21,63.45,17.92,99.22,0.92,4.19,0.15,3.73,2,29,47104.88667,0,0,1,0,0,0,0
6863,666.65,2.356744894,4,110.8,4.65,7.96,12.1,4.85,94.21,1.41,3.02,10.0,8.35,1,4,225333.842,1,1,0,0,1,0,1
489,955.54,1.0,3,499.79,30.07,4.5,10.83,12.74,88.35,1.5,4.33,2.7,7.0,1,14,126517.4866,0,1,0,0,0,1,0
606,1034.81,1.671628537,3,1047.28,27.22,5.3,14.56,2.88,92.12,0.99,4.51,9.03,6.35,1,23,315713.4703,0,1,0,0,1,0,0
3212,550.0,2.259059918,2,710.52,43.63,5.04,67.01,27.19,85.83,1.05,0.84,0.17,5.53,2,6,122271.0407,0,0,0,0,1,0,0
2464,615.7,3.185997473,2,522.94,12.51,8.5,18.66,22.49,99.9,1.43,3.68,4.68,8.55,1,18,100739.6402,0,0,0,1,0,0,0
1738,550.0,1.889657826,2,265.49,30.26,4.36,34.15,54.02,93.0,2.48,2.64,9.79,3.94,1,10,18207.1855,0,1,0,0,0,1,0
152,1343.88,3.166101289,3,1154.36,5.55,9.5,41.82,17.39,99.9,1.61,7.63,3.54,6.52,1,15,361421.1863,0,0,0,0,1,0,0
889,1093.75,1.197647935,2,558.96,20.56,7.57,44.17,29.92,99.9,0.6,5.24,4.75,4.0,1,16,284987.3859,0,0,0,0,0,0,0
6927,1313.78,1.453597778,3,915.09,34.65,3.37,40.18,22.53,93.14,1.77,5.26,5.61,1.69,1,15,421078.3084,1,0,0,0,0,1,0
6423,1428.66,2.181556955,2,238.82,37.31,4.59,4.91,28.78,99.9,1.47,6.63,8.22,8.65,2,17,237223.4459,1,0,0,0,1,0,0
3082,1085.16,1.07242002,3,483.46,69.14,3.71,14.44,46.72,99.9,1.41,7.24,5.65,6.09,2,19,137424.6493,0,1,0,1,0,0,1
269,576.58,1.044603612,3,844.2,30.3,3.48,92.49,16.91,93.64,0.86,4.62,8.48,7.99,1,20,127580.1433,1,0,0,0,0,1,1
96,1133.6,2.093666497,3,396.68,46.01,5.12,63.23,25.22,93.79,1.05,3.41,2.46,5.63,1,8,262243.3169,0,0,0,1,0,0,1
6354,849.29,3.056622072,4,426.47,16.08,9.51,28.14,6.26,96.18,0.91,8.66,10.0,7.25,1,18,649197.0891,1,1,0,1,0,0,0
3824,1076.83,1.0,3,353.65,24.86,6.08,12.32,6.14,96.55,1.39,4.27,8.52,6.03,1,21,167238.5035,1,0,0,0,0,0,0
6713,1002.74,1.49593774,3,667.04,49.78,7.86,19.67,16.97,99.9,1.48,6.4,7.63,4.85,2,32,269030.1046,1,1,0,0,1,0,1
5060,1333.09,2.864549841,2,646.26,36.05,6.17,43.47,5.81,92.72,1.12,7.56,6.39,5.63,1,8,297765.8886,1,0,1,0,0,0,0
3885,746.19,2.681863253,3,175.3,42.92,5.96,36.92,5.17,97.64,1.85,4.51,10.0,8.23,1,10,243204.3952,1,0,1,0,0,0,0
1799,576.38,1.484417754,4,935.22,30.12,8.06,110.8,22.07,99.9,1.96,5.28,3.41,6.11,1,20,139512.7568,0,0,0,0,0,0,0
4967,1195.22,2.379637518,4,914.73,43.56,5.8,12.18,24.26,93.12,2.19,5.34,7.52,5.14,1,22,332149.9444,1,0,0,0,0,1,0
1572,550.0,1.0,1,188.62,43.12,5.43,58.95,50.42,96.05,2.0,3.35,2.59,5.35,2,12,229482.455,0,1,1,0,0,0,0
4628,1289.57,2.624068605,3,750.31,18.16,10.0,54.58,15.02,96.1,1.39,6.52,7.23,8.76,1,16,431224.6999,1,1,1,0,0,0,0
1067,550.0,1.228893479,5,286.36,53.45,3.41,75.62,34.53,84.64,1.67,0.74,4.64,5.91,1,12,65149.99911,0,1,1,0,0,0,0
5195,774.1,2.465262497,4,280.19,35.74,7.35,36.78,13.44,91.09,1.86,7.27,8.52,4.63,1,6,255662.1158,1,0,0,0,1,0,0
2760,1855.66,1.677383727,2,627.71,57.65,8.06,61.98,21.63,98.65,1.17,4.07,3.6,2.32,1,33,232763.4339,0,0,0,0,0,1,0
6221,1774.02,1.260431272,3,559.58,44.85,8.23,64.57,1.07,92.95,1.18,4.06,2.06,4.7,1,14,361855.2389,0,0,0,0,1,0,0
6407,1063.04,2.105705566,3,611.67,38.75,8.12,23.34,8.28,95.22,2.36,6.64,10.0,6.26,1,8,340035.3588,1,0,0,0,0,0,0
715,1111.09,1.562535946,4,302.8,10.52,7.4,11.45,3.94,96.46,1.63,4.25,5.73,4.36,1,12,267082.5203,0,0,0,0,1,0,1
6293,1153.8,3.53381462,4,708.58,28.6,8.82,14.71,17.16,92.55,1.04,5.13,2.87,0.44,1,10,538511.8709,1,0,0,1,0,0,1
4059,550.0,3.296390354,4,225.35,53.2,7.2,49.85,43.13,89.21,1.57,4.11,3.53,6.19,1,19,412661.186,1,1,0,0,1,0,0
5708,845.58,2.358655206,4,741.27,36.34,8.9,68.76,19.64,94.1,1.5,4.53,7.96,7.92,1,20,315686.2587,1,1,0,0,1,0,0
5634,988.67,3.658177167,4,790.26,29.59,8.51,96.99,19.07,94.5,1.15,5.81,7.97,3.47,1,11,538310.0304,1,0,1,0,0,0,1
6947,1758.77,4.904512126,4,808.22,51.13,7.05,39.84,5.43,99.9,0.57,6.78,6.66,6.57,1,3,742394.4069,1,0,0,0,1,0,0
4565,550.0,1.0,3,20.54,44.59,6.27,27.32,38.01,92.54,2.24,3.98,0.22,1.17,1,19,204302.0707,1,1,1,0,0,0,1
4660,1903.45,2.625487117,2,312.82,28.74,6.48,33.87,15.65,93.21,1.93,5.74,4.81,4.53,1,4,381435.706,1,0,0,0,1,0,0
1798,550.0,1.224968394,2,227.27,42.87,5.83,65.87,26.98,81.66,1.15,4.33,3.47,3.49,1,24,53230.86602,1,0,0,0,1,0,0
461,905.66,1.0,2,1061.04,29.67,6.9,70.01,16.1,99.9,1.35,5.04,8.22,6.47,1,17,108379.2727,0,1,0,1,0,0,0
5373,1140.1,2.052462704,3,520.12,38.79,10.0,74.82,17.84,85.8,0.71,8.16,7.39,8.4,1,19,253933.5267,1,0,0,0,1,0,1
2944,1063.29,1.185947441,2,571.23,30.13,4.92,61.52,11.37,97.04,1.24,3.21,4.24,5.03,1,-1,29821.25359,0,0,0,0,0,0,0
1795,784.56,2.075916165,4,1061.5,3.64,9.38,2.66,5.48,97.77,1.19,7.62,9.81,7.1,1,12,294394.8671,0,1,0,1,0,0,1
1869,550.0,3.679332884,4,173.63,28.86,4.83,46.4,18.66,82.06,2.13,4.5,8.44,6.65,2,12,276141.5568,0,0,0,1,0,0,1
5489,2219.73,1.0,4,916.15,15.2,9.25,59.67,9.7,97.59,1.12,6.28,10.0,9.08,1,6,522868.3969,1,0,0,0,0,1,0
1345,843.66,2.597150959,3,421.13,26.26,8.5,77.15,37.4,93.71,1.81,3.88,9.64,5.23,1,16,246118.698,0,1,0,0,1,0,0
4791,927.68,3.237374127,5,542.23,38.64,7.7,60.05,15.72,95.36,0.42,5.03,7.5,4.71,1,10,544815.2332,1,0,0,0,1,0,1
5271,1138.59,2.868346219,3,699.57,32.34,5.35,39.02,19.99,98.06,1.51,4.89,4.03,5.48,1,18,360542.4726,1,0,0,1,0,0,1
5848,1406.63,3.242852636,4,719.49,37.15,7.21,75.46,7.79,99.9,1.44,7.62,9.65,7.72,2,22,771461.4466,1,0,0,0,0,0,0
5024,1008.63,1.0,3,371.12,20.61,1.37,5.77,25.71,93.61,1.52,2.93,7.93,6.62,1,13,228548.0198,1,0,0,0,0,1,1
1214,1159.83,1.0,2,160.48,9.54,7.89,31.51,26.36,88.55,1.54,6.29,7.24,5.04,1,9,104320.8981,0,0,0,0,0,1,0
6730,746.67,1.502518068,4,834.86,10.4,7.0,56.9,12.47,99.9,0.99,5.17,5.9,8.49,1,23,322504.6686,1,0,0,0,1,0,1
1372,550.0,1.647712895,3,174.9,43.05,4.86,11.91,27.68,98.91,1.55,8.09,3.54,3.22,1,10,130518.9479,0,1,0,0,1,0,0
243,583.35,1.0,2,537.69,52.92,6.21,28.93,29.88,97.11,1.56,5.79,7.91,5.42,1,16,28056.36613,0,1,0,1,0,0,0
4039,710.01,2.690295665,4,47.38,3.23,5.37,45.29,22.83,95.14,1.52,6.18,7.03,8.05,1,7,451360.3698,1,0,0,0,1,0,1
2799,550.0,1.0,2,434.71,24.33,4.64,1.06,6.74,93.67,1.21,1.51,1.57,5.23,1,23,-606.9053053,0,0,0,1,0,0,1
1679,550.0,1.688837923,2,544.76,14.29,2.58,71.68,3.25,87.11,1.74,3.14,6.53,7.07,1,16,75699.56691,0,0,0,1,0,0,1
3850,840.12,2.472431705,3,1251.42,30.8,6.4,27.71,21.97,99.84,1.53,7.39,3.74,6.62,1,5,273431.8807,1,0,0,0,0,1,1
1312,792.46,1.35834166,3,181.11,33.25,4.53,58.12,16.11,97.32,2.13,4.6,6.49,5.63,1,16,122547.7827,1,0,1,0,0,0,1
648,1196.5,2.370407262,2,458.34,76.47,4.3,33.85,1.9,87.57,1.27,5.61,0.89,4.77,1,11,234010.2033,0,0,0,0,1,0,1
3238,1001.99,1.428723662,2,330.1,46.19,9.0,51.02,35.5,92.81,1.7,4.6,2.93,3.75,1,13,145924.0677,1,0,0,1,0,0,0
2643,836.49,1.469687891,3,576.88,20.09,6.64,20.58,8.37,82.63,2.61,3.32,1.01,6.73,2,12,200800.0944,0,0,0,0,1,0,1
4409,1321.69,3.067127303,4,453.1,3.26,8.75,25.95,6.75,99.9,1.04,6.73,5.61,3.83,1,10,460344.4671,1,1,0,0,1,0,1
155,550.0,1.0,2,713.41,41.03,8.82,12.94,11.16,95.58,1.71,2.33,10.0,5.53,1,17,43526.97574,0,0,0,0,0,1,0
3428,792.58,1.0,4,809.23,39.59,4.94,14.98,2.07,99.9,1.11,3.55,2.91,1.27,1,12,313559.377,0,1,1,0,0,0,1
3453,1381.63,2.11025333,3,341.09,15.09,6.94,56.91,7.33,93.93,1.67,6.82,10.0,7.33,1,25,362307.5043,0,0,0,0,0,0,0
1303,985.39,1.177176098,2,633.55,0.16,5.94,41.71,13.21,99.71,1.56,4.1,6.65,5.29,1,8,34492.05553,0,0,0,1,0,0,0
1150,550.0,1.0,3,40.79,48.14,4.31,145.37,9.87,99.9,1.8,1.28,4.96,5.31,1,12,31871.40776,0,0,0,1,0,0,0
3047,550.0,2.151149248,2,47.03,52.37,4.56,109.4,21.06,92.72,2.35,5.31,2.31,3.1,2,37,41047.99523,0,1,0,0,0,1,0
5897,813.53,1.509748325,5,870.53,40.22,7.02,75.91,4.37,97.58,1.18,5.7,9.16,6.04,1,11,276453.8599,1,0,0,1,0,0,0
1046,1415.41,1.343274542,2,366.14,30.38,4.91,66.11,1.09,90.79,1.99,0.69,6.53,5.37,1,16,155818.7128,1,0,0,0,0,1,0
1640,571.26,1.0,2,800.59,27.25,5.58,41.18,10.58,98.17,1.79,1.23,5.56,5.03,1,20,146489.6918,0,0,0,0,1,0,0
1306,810.68,1.390094984,2,620.52,7.27,4.2,11.71,20.82,86.66,1.11,1.31,6.47,6.73,1,23,137306.9868,0,1,0,0,1,0,1
1927,1252.06,2.050969567,2,210.96,9.86,10.0,32.82,33.25,96.38,0.86,7.3,9.76,9.47,1,19,214123.0567,0,0,0,0,0,0,0
5591,1633.22,2.519661544,3,737.41,50.28,7.76,4.36,1.82,94.02,1.33,8.25,10.0,8.76,2,38,477797.4576,1,0,0,0,0,0,1
3439,1349.78,2.186944744,1,326.74,51.0,6.36,49.6,43.34,89.95,1.63,3.47,7.05,5.22,2,35,121767.752,0,0,0,0,0,0,0
4121,578.1,1.017717283,4,570.93,54.6,5.33,67.76,26.5,99.9,1.1,3.71,4.63,5.6,2,20,212328.4525,1,0,0,0,1,0,0
2244,550.0,1.0,3,402.81,1.55,5.06,56.19,25.44,98.3,1.58,3.92,7.3,4.64,1,25,30476.04412,0,0,0,1,0,0,0
3136,550.0,1.0,4,322.67,22.88,7.85,50.0,21.17,92.84,2.62,5.23,4.09,7.15,1,14,117863.8929,0,0,0,1,0,0,1
15,550.0,2.893456568,2,857.44,4.75,7.78,21.55,23.4,99.9,1.52,4.89,6.68,7.14,1,10,37017.79751,0,0,0,0,0,1,0
3538,1864.95,2.595375532,3,855.28,16.03,10.0,53.04,19.61,99.37,1.39,8.98,7.38,7.36,1,12,668604.752,1,1,1,0,0,0,0
5417,1343.92,3.083788169,2,395.96,70.11,6.56,78.95,24.21,87.94,1.2,5.36,6.56,5.64,2,12,327092.9137,1,0,0,0,0,0,1
4979,1063.0,3.121124516,4,224.74,57.09,4.52,68.02,6.99,88.11,1.7,5.74,0.8,6.06,1,4,400619.3137,1,1,0,1,0,0,0
2669,550.0,1.0,4,496.29,21.44,5.31,71.57,30.91,99.9,1.41,1.28,0.86,3.62,2,33,164582.939,1,1,0,0,0,0,0
1360,965.44,2.950068167,2,602.92,43.53,3.99,70.65,43.15,90.07,1.49,1.89,3.35,8.13,1,12,200237.5284,0,1,0,0,0,0,0
1844,1074.68,1.434169824,2,100.3,38.25,4.82,19.45,14.82,85.62,2.06,4.98,6.03,6.22,1,12,84131.6221,0,0,0,0,0,0,0
3098,550.0,1.610757844,4,215.85,3.22,8.24,97.64,13.24,99.9,2.1,5.31,2.26,4.66,1,11,196078.8296,0,0,0,0,1,0,0
1612,585.01,2.237696216,2,536.05,23.38,8.87,65.9,20.22,98.71,1.02,5.3,7.81,7.26,2,29,140944.4679,0,0,0,0,0,1,1
497,550.0,1.082420434,2,342.05,37.68,3.79,11.35,47.23,91.46,2.42,4.98,6.17,4.92,2,35,-4390.753336,0,0,0,0,0,1,1
2840,550.0,1.0,3,465.91,20.34,7.18,11.63,31.04,99.9,1.16,3.03,3.19,3.67,1,20,29507.59377,0,1,1,0,0,0,0
4611,1482.85,3.356286856,4,297.09,19.69,10.0,45.34,10.93,97.07,1.35,9.12,5.21,8.18,1,24,847344.1683,0,1,1,0,0,0,1
6962,801.36,1.776415,5,488.46,51.06,7.83,61.95,29.15,95.17,1.17,7.5,6.76,5.86,1,0,525694.9395,1,0,0,0,0,1,1
3633,1508.69,4.461158759,2,581.1,9.35,6.24,46.99,23.86,90.06,1.38,7.58,7.01,6.03,1,23,409827.5124,1,0,1,0,0,0,0
1478,550.0,1.0,2,365.11,52.25,4.44,101.6,31.63,90.11,0.86,3.73,3.99,7.35,1,7,27633.98649,0,0,0,1,0,0,0
5507,1622.71,1.900986044,3,251.59,44.47,7.22,48.27,7.95,91.04,1.43,4.64,4.9,8.0,1,17,549016.7138,0,0,0,0,1,0,0
1095,588.25,2.222143526,3,253.35,4.08,6.59,56.31,9.54,90.48,1.42,4.22,3.59,6.53,1,9,223730.4531,0,1,0,0,0,1,1
542,1191.08,2.352083642,1,988.35,65.89,5.37,38.99,26.4,91.77,1.49,3.99,0.48,5.47,1,10,137393.083,0,0,0,0,0,1,0
6600,564.0,1.591763299,4,195.69,21.15,7.45,18.27,2.27,95.96,0.89,6.04,10.0,7.8,2,34,448262.0995,0,0,1,0,0,0,0
4729,1021.58,3.790983724,3,568.03,39.76,9.08,41.01,25.35,90.09,2.15,5.41,7.96,4.97,1,13,261989.6402,1,0,0,1,0,0,0
4074,795.11,5.383081438,4,892.19,24.73,9.21,55.03,17.04,98.02,0.87,6.36,4.92,5.61,1,8,504373.6156,1,1,0,0,0,0,0
431,811.29,1.189211952,1,787.23,32.92,3.83,86.66,55.26,89.84,1.87,2.34,8.09,4.97,1,3,91716.1933,0,0,0,0,0,1,0
6771,1169.3,1.654690252,5,376.64,53.9,5.73,21.16,10.44,99.9,1.96,3.63,5.84,4.31,1,19,604883.8945,1,0,0,1,0,0,0
728,550.0,1.0,5,493.72,27.39,6.53,50.55,26.47,96.11,1.86,6.7,9.68,6.82,1,10,144219.0861,0,0,0,0,1,0,0
5384,601.52,3.03960103,4,17.2,39.14,7.3,4.83,27.6,91.02,1.5,5.83,6.23,7.96,1,15,435975.1176,1,0,1,0,0,0,0
6353,1144.52,2.627760467,4,244.18,12.4,6.1,22.45,22.79,95.05,1.25,4.67,4.45,4.3,1,1,398344.3922,1,0,0,0,0,1,0
4412,708.08,3.530110112,4,137.97,43.05,6.8,18.24,4.28,86.32,1.38,7.62,7.56,6.41,1,10,447525.0981,1,0,0,0,0,1,1
6016,855.78,3.660301833,3,259.1,27.56,10.0,37.31,0.36,95.34,2.03,7.98,5.42,8.9,1,8,365041.9367,1,0,0,1,0,0,1
2561,1469.13,2.572129328,3,477.54,34.46,4.39,20.67,19.9,96.07,1.26,6.84,3.09,1.42,1,21,246327.5648,0,0,0,0,1,0,0
1337,843.63,1.278253556,3,573.22,9.81,6.61,58.0,2.81,92.53,1.49,4.78,6.1,5.99,1,3,258802.0617,0,0,0,0,0,1,0
3606,1900.51,1.0,3,815.84,32.11,9.95,49.15,8.39,99.9,0.73,5.98,6.92,5.34,2,25,344288.9252,1,0,0,0,1,0,1
2877,560.6,2.205286111,4,821.94,42.25,9.63,19.79,29.68,91.57,1.38,6.69,7.62,4.77,1,10,370939.2702,0,1,0,1,0,0,0
4415,1113.69,1.641683486,3,4.58,30.4,8.15,33.55,24.88,99.9,1.33,5.29,7.73,5.27,1,19,329354.5238,1,0,0,0,1,0,0
1031,550.0,2.150065783,2,862.38,46.86,4.8,48.73,3.29,78.04,1.25,4.5,4.26,4.21,1,14,21200.55512,0,0,0,0,1,0,0
6121,1771.64,1.173815112,2,355.7,44.15,9.15,3.15,4.71,99.18,1.9,7.57,8.05,7.5,1,10,267253.9678,1,0,1,0,0,0,1
6285,2068.82,2.315746015,5,617.05,37.98,8.67,62.99,4.29,99.68,0.81,9.35,7.92,5.27,1,9,731885.4929,1,0,0,1,0,0,1
1110,1112.62,1.0,2,120.33,12.4,2.42,71.29,19.13,94.86,1.1,3.68,6.25,4.48,1,11,202639.1183,0,1,0,1,0,0,0
1888,697.88,1.540870924,2,121.1,49.41,4.2,20.57,13.88,89.76,1.49,2.8,7.33,1.83,1,20,88724.64574,0,0,0,0,0,1,0
3550,1138.0,2.473662377,4,300.71,10.83,10.0,12.93,13.93,99.43,1.73,6.62,7.53,7.01,1,22,495549.3666,1,0,0,0,0,0,0
1527,1291.88,1.0,2,898.43,25.63,2.98,4.18,22.9,89.63,1.62,3.49,3.49,4.46,2,30,132729.8008,0,0,0,1,0,0,0
753,1140.53,1.10697899,4,314.26,47.3,6.44,77.73,12.32,85.28,1.27,3.74,7.74,8.6,1,8,175458.1917,0,0,0,1,0,0,1
3049,690.57,1.910417359,3,714.01,35.1,7.31,22.49,19.19,95.07,1.17,3.48,7.71,5.09,1,16,314649.6003,0,0,0,0,0,0,0
2628,550.0,2.572008423,3,116.6,52.8,4.66,103.32,34.33,96.61,2.1,3.71,3.55,2.9,1,16,58209.19421,1,1,0,0,0,0,0
562,1763.24,1.456209643,3,784.76,52.44,8.11,47.46,8.37,96.14,1.05,7.48,10.0,6.34,1,6,657570.3,0,0,0,0,0,0,0
6542,1173.31,3.362560327,2,449.36,40.64,6.07,76.55,15.83,99.9,0.89,3.6,4.89,6.79,1,15,314345.26,1,0,0,0,0,0,0
4764,550.0,1.772144003,5,620.77,3.96,6.17,71.96,7.71,99.9,2.05,4.85,9.03,8.66,1,10,259650.6572,1,0,0,0,1,0,0
3562,1393.42,2.503858343,3,708.88,0.91,5.25,11.7,0.8,99.9,1.76,5.33,2.11,4.89,1,14,243243.8481,1,0,0,1,0,0,0
252,748.56,1.0,4,861.18,46.92,8.99,52.77,35.37,93.94,1.14,4.81,10.0,7.06,2,28,160492.2693,0,1,0,0,1,0,0
2516,1065.93,2.144084909,2,585.78,43.39,7.76,34.34,5.34,99.81,0.81,4.96,7.51,8.91,1,23,192417.3539,0,0,1,0,0,0,0
2962,550.0,2.120929902,4,782.01,28.96,5.95,61.33,13.88,99.9,1.1,5.34,3.82,9.11,1,17,220466.3325,0,1,0,0,0,1,1
4453,605.16,2.710572925,2,105.74,28.95,4.91,29.46,21.95,85.67,1.13,3.82,2.03,4.9,1,18,232039.8008,1,0,1,0,0,0,1
5374,962.85,2.094497609,3,232.1,18.0,8.29,10.35,6.07,79.45,0.65,4.66,8.63,6.12,1,14,211408.3297,1,0,0,1,0,0,0
5396,1419.67,1.591528455,3,1358.46,11.88,3.61,33.99,42.9,90.29,2.02,4.66,4.38,5.24,1,4,225417.7012,1,1,0,0,1,0,0
1202,550.0,1.425762341,3,548.94,22.88,5.55,3.21,4.92,92.44,1.52,5.56,3.13,8.4,1,13,42201.73649,0,0,1,0,0,0,0
3462,550.0,1.570594787,4,673.05,67.54,5.19,41.63,27.28,95.11,2.46,3.32,4.78,7.79,1,30,128460.8517,0,0,1,0,0,0,1
6652,1488.72,2.236537749,2,410.18,33.2,6.67,13.65,10.1,99.9,1.16,6.32,4.07,3.48,2,21,343274.3532,1,0,0,0,1,0,0
2797,599.91,1.907610397,1,554.94,67.95,6.74,46.38,15.9,98.01,1.96,6.25,4.63,5.17,1,4,41006.29722,0,0,0,0,0,1,0
4225,1255.64,3.690927979,2,625.39,6.03,4.5,46.96,2.72,91.14,1.48,2.86,10.0,6.44,2,23,662887.2926,1,1,0,0,1,0,0
144,550.0,1.0,3,274.41,4.6,6.99,25.09,26.43,95.17,1.55,5.61,6.2,8.1,1,9,112568.3776,0,0,0,0,1,0,0
5056,1967.39,3.296248552,2,297.81,23.46,6.33,23.54,4.72,99.9,1.31,7.57,5.53,7.05,2,15,584296.5703,1,0,0,0,0,1,0
2895,550.0,2.213534564,3,719.3,5.62,6.6,62.82,46.22,89.0,1.56,4.0,8.76,5.22,1,12,124327.0714,0,0,0,0,0,0,1
2763,550.0,1.0,2,71.09,31.67,3.91,136.09,27.2,95.22,1.68,1.12,3.19,5.34,1,18,75510.56458,0,0,1,0,0,0,0
905,1164.7,1.687716263,1,444.84,35.25,4.79,41.21,39.52,99.37,1.84,4.73,3.7,0.17,1,18,130220.5122,0,0,0,0,0,1,0
5192,1115.12,1.676391325,4,356.96,22.86,6.2,34.46,46.51,89.86,1.97,3.78,5.8,6.79,1,21,322155.7785,1,1,0,1,0,0,0
3980,1678.43,3.590328643,4,707.16,48.43,5.79,25.51,10.74,95.7,1.33,5.32,10.0,6.04,1,12,782560.0609,1,0,0,1,0,0,1
235,1571.91,1.0,2,151.85,17.47,5.02,80.12,8.04,93.43,1.36,4.54,0.68,3.85,2,20,186120.6791,0,1,0,1,0,0,0
5157,1396.01,2.963864091,5,554.38,67.25,7.96,57.78,8.35,95.91,1.45,7.2,2.38,4.33,2,23,494610.9598,1,0,0,1,0,0,0
