,PC1,PC2,PC3,PC4
4815,2.1087677874055744,-0.6684866099391703,1.860544165197536,1.0546452570073752
3059,-2.3243920092050097,-0.5327875429786323,-0.1308921866358473,-0.3246772695411543
985,-1.3834547558481485,1.694394293893427,1.6221613952779372,0.8770332081172978
6022,2.2723986611411258,-0.2191160474734501,1.0418636025129975,0.040249981382225145
6630,1.7684972652326485,0.8292751795576032,0.2208081498170447,-1.107525788963446
705,-0.5205967988875926,0.9198416371500856,1.1717800509078369,0.020223307546363888
2610,0.8921528058750118,-0.002774107618034727,-2.0406329492843613,-0.41668241950093615
6914,0.2204131621864025,0.2169361174322776,0.07609854954909724,1.762042640002922
5844,-0.0679010506232412,-0.38983835996744637,0.336369150838049,1.2003570721382355
6245,0.32275976513478144,0.5929448281247676,-1.6943354618030382,0.15309339866041768
2043,-1.763962202472974,2.95426764026907,0.013396054348811979,0.4668781686988155
6162,-0.12192993223889836,-1.4159050804799505,-0.9169015905135565,0.1980373919884062
2991,-1.3685555365352797,-0.7108723431798954,-1.9338306179656788,0.033627896121247274
217,-2.595399860927207,0.06749862369758483,0.6196173746626948,1.351972173448366
5227,0.7778728517654531,-0.9960039416370123,0.46082251046677936,0.1433342641387073
727,-0.8497162020168418,-0.033221561792223346,1.1545899074032544,-1.1940899589607392
1374,-1.480073605388795,1.5342881102245738,0.43449968593939087,-0.6928709864693011
4760,2.094524414879792,0.593310014255735,-1.3378301318025465,-0.1816153359830044
3492,1.0028073681772725,0.8947495821822687,-2.805556285676911,-1.12965750110991
4998,2.693358001087531,-1.1325425281884436,-0.08695419853978242,-0.8487417080859043
287,-0.9428278788842194,-1.4078068387898808,0.5737552401157678,0.5075707506910371
1825,1.0024820296579402,1.239169601415049,-1.4050409369292343,-0.6532975435798639
5240,1.1338627851770768,1.5248616117369593,0.7149956937094509,1.6444495230140206
3099,0.9201158986928923,1.7344712822175747,0.4280307993962149,0.6237585077526117
686,2.009235418626903,-0.3697718335941102,-2.3933368954417817,0.02262194299821174
5005,0.5902797107306615,-1.0326673513207325,0.4484828174141972,1.2124731592065225
5769,2.141373909377372,1.3624345525050963,-0.06403709984379659,2.6189315939490236
4460,-0.8204504449082651,-1.1686886209288752,-0.9937012467858147,1.1459784253901786
3042,-2.572108658984339,0.4973811487815059,-1.1997705071341702,-0.37722001540339545
6470,-0.6634166946393882,0.7282227764787629,-0.8930688355257798,0.17930433798075654
973,-0.8004506661258382,0.66253127515033,-1.2037154501794203,1.3164744374492203
1766,-0.55675372731216,-0.337616794936258,-0.22115377281795723,-0.33421198649331857
3012,-1.292627778143616,2.0039983519833116,0.2739497041092051,-0.9378003352862815
3406,-0.6525256789884556,0.4544882499166417,-1.0908077431217114,0.4394144206947896
3417,-0.08102641555292084,-0.5002661655837823,-0.8267269605546497,-1.0988569551795162
1147,-0.8136798886998182,-0.3655836690382374,-0.33188271756327986,-0.049265042889652055
4021,3.0664512508765776,0.7976573777644002,0.12004140617811918,-0.20718977046363043
492,-1.6209095492625893,0.9929341579975174,-0.40250424358654324,1.258031184172884
1519,-0.9558627984265343,-0.967094205631674,0.7015004212389739,-1.6027407204776007
5912,2.6110530992334215,-0.9652808879931162,2.1645576888077898,0.11164300022289098
1114,-1.6083263672921433,-0.037763468562035794,-1.0624073142729227,-1.3021721141768177
636,-1.8278206295675903,0.9550731880118564,-1.398825858433058,-0.6741420954233502
6826,1.6091603742383354,-2.735775512470343,-1.4772753215847438,-0.007433918450454521
81,-2.5282916393000763,-0.17159197085952818,0.0006619097439418433,0.4945699747182496
6308,0.760230035899012,-0.6735586609495483,-2.0540383234158113,-0.7600894439323819
2899,-1.3282326518086178,-0.360087035643206,-0.7688369712658839,0.4962030850345171
3239,-0.4156318135140865,0.6764310753725271,-0.9277050363104762,-0.30257322672598747
5919,0.9138151922635847,0.14128661235662235,0.23263157332304277,-1.3398716287172021
3290,-2.068619522252378,1.12013032605749,-1.0379966022565976,1.5637806022354708
6248,-0.8967391835051775,0.3255240334408796,-0.7496293963342316,0.6743312526163812
72,-1.4531125426069003,1.5058434702916348,0.610721779834247,1.1317430151733008
5852,4.300726401655815,-0.5466448942737016,-0.29307496608571587,0.7922308909406575
2934,-0.6354868330014439,1.639180402352417,-0.9360807486274993,-0.6368080234596339
3134,-3.477199492650382,-1.8653790898682934,0.23407425208286556,0.3492486659977541
1247,-4.473780486591858,-1.2053264523108351,1.1758980163329324,3.1085075594878533
6169,1.7691025455099525,-1.246706999902171,0.20495013226869532,0.3126257652472706
6546,2.602541112424494,-0.5993928433253726,0.76066771660672,1.0232243701156085
6277,-0.5335129655761915,-2.8837358879500132,-0.021078583075662512,0.8058582630824528
5851,0.9294624188226958,-1.3362050726471757,0.1825997087200797,0.14949254422633557
3194,-2.494804736878725,2.0751507111210987,0.22925329079708442,-0.7999290800405255
6000,1.1363453009664448,-1.1396480764024792,0.8633368640211352,-0.08646323667303937
1078,0.08897593338262659,2.092384723135806,-0.6571225880698413,0.8033095648367009
4839,4.225782506871507,-0.48897289997156695,1.5440086674615783,-0.8380458806529483
1384,-0.4125760031918612,-0.4425878082990734,-1.1387954658618982,-0.4988555585352306
6959,1.8995034922450174,1.171484872082086,0.9358399617946396,0.8386875656320933
4531,0.16035495485435672,-0.3838936028567339,0.5196948259392886,0.9648573426308252
756,-2.255666364714738,-0.5035613694887351,2.7124963481949083,-0.9314768138148841
1936,-0.9140739917774146,-0.3554121605482197,0.2535480141747031,0.888397107852018
2968,0.03777385511493578,-0.6704207099060603,0.40624214212173754,-1.0477123733807021
1851,0.9328516312919749,0.7016999007808091,-1.0880658838540835,-0.9267300273527931
3977,0.32406742651019216,-1.1785872212951618,0.656470488040557,0.3960585735146996
1604,-1.7663793347251369,0.88399573879739,-0.891453633872158,0.6945110721948733
4365,4.106170554036035,0.7510732069363779,-0.19659358848118566,0.4188498561798626
2215,-0.9289157770093038,-0.17844068284257045,-0.8299478791236736,-0.5137978727558628
1023,0.09319034396524963,0.6316714118923336,0.6051467551446299,1.4266748083172
5390,0.41756157844132225,-0.5324682515435298,0.6094974617422053,-0.45389332247701597
3316,-2.588654072158172,-0.7026113943943691,-0.07198637685320967,1.1731903615200865
1987,0.34276205893934947,-0.033800903701820394,-0.7694723539920787,-0.21202098056261806
5444,-0.06260372909158876,-1.0211970623805766,-0.20257159976553438,0.2768495587744354
6899,-0.359470590582912,0.10207303274992634,-1.6248765804570002,1.3701324149957652
4652,2.7312979548885257,-1.2766782344657142,1.7104109116786435,-0.58683129366393
3698,1.4643202219182783,-0.32491388893681966,0.5780927441624776,0.39942837156298483
6676,2.126641808736885,-0.05480793630395581,-0.6088589669601673,0.4601278223972082
2529,-1.7983918219947492,0.07619695820670369,-0.4700865648328499,0.894718519511964
3908,1.0342564138746873,0.46931418588268287,0.19093701976955632,0.2554287684835626
684,-1.8546766814352866,0.3439217019775512,-0.21093645199437436,0.016562633609541837
5614,-0.3244522579277617,2.1241878053818364,1.2795931390604207,-1.0839455564668956
389,-1.3358088526568537,0.4707039397315618,-0.1633235878007124,-1.1609366917510677
1576,-0.05899369340417346,2.183847877557609,1.5397098717936863,1.387550110219125
3822,5.472843207938167,-2.0929095828049826,0.8430261640170241,0.3295023808398101
2188,-2.4053887445301627,-0.08074504917710439,0.633599076847744,0.8233152394237666
6156,0.36283352857913787,-1.9360051187474672,-0.38551129300134496,-0.3125343324008181
3722,3.6013913804740523,1.235849576919924,-0.17633120031796493,0.256521477740977
4738,2.0885408626080726,0.25003656654514217,1.0568087770759993,0.07095688638875339
1759,-1.9856883631568527,0.4184292456421242,-1.5454926275701557,-1.1241275845400334
1005,-1.4913299608519976,-1.1483005319620951,0.16276636130246885,0.9219643518779673
1483,-2.4259705350027514,-0.14263347026618542,0.33494143419100697,-0.2986420344623294
1961,0.4597375657622288,-0.6014054131268384,-0.4398212142211275,0.9658544922618663
3544,-0.29076127710210575,-0.4269203704653657,-0.15276633955487365,-2.1579702586761997
22,-2.2060754204420623,0.5735664441134194,-0.5112839263707868,-0.9236344877814371
4640,1.243962104334949,-0.04253150857607587,-0.8118324181259218,-0.2646611361325014
6265,1.1134214987893922,0.5687248180911946,0.5084493451912205,-1.1800092428309672
5990,0.6715894150773721,-3.225382094973314,0.3181066749834213,0.5617613997576016
2331,-2.446928191318253,-0.6486058660592855,-1.1424638880573188,2.3874895348224165
3619,-0.3275271510950548,0.8185378406737204,-1.2767698341473355,0.9880437527944402
4421,0.19671532731561095,-0.9003993851340129,-0.37894704179781874,-1.4786285441227396
4015,1.903080843349207,0.5622114926653717,1.3435365577251202,-0.13883292209338208
5918,-0.036247977868045574,0.10830084326676193,-0.609993747851451,-1.00674147614769
2506,-2.007381488774351,0.4137578945104305,2.940367714893962,3.016535468406355
3810,2.486227859133614,-0.6509316612365703,-0.5542744293429278,0.8328394338139512
2885,-0.6678767093186138,0.4392594611976506,1.4387185995487008,0.37502751070998225
1503,0.40607624649420665,0.5416548961825861,-0.5295282696678765,0.22509610388180407
3831,2.4836574455085336,-0.22394820012247427,-0.5681479590053232,-0.4588774554046802
689,-0.7164147035354765,0.6449988549595808,0.4520339226858079,-0.6673821493754198
5099,0.45750774743483724,-1.2981608551197263,0.43379517197395984,-0.9826635493108061
3296,-0.846889589935784,-0.5885121057175279,-1.0223059294516188,0.7682663324662861
445,-0.9045692792493418,0.3913306738015349,-0.35370848009533945,-0.45422146019798054
1447,-2.513601836991741,-0.6642260853570537,-1.18433389851219,-0.7876881907616998
4999,-0.43563978915485074,-0.4744260020951314,-0.8252009116389526,-1.1068090009841445
2900,-1.6260623304130615,-1.5337094987600997,-1.422167396466033,0.4888342922421343
1399,-0.7864367138463942,-0.42171903766111946,-1.094335148676006,-0.11145045783288512
5439,1.246365493141768,2.0965011102596467,-1.7140416977003408,0.006796680603209659
4614,-1.4412858413245404,1.7124936007810556,0.8114021106283082,2.0938198395065664
273,-0.6462432556043187,0.27141840129617895,-0.15879724012517868,-0.07586272767881946
6744,2.657243127225784,-2.136795885465787,1.0837380471806972,1.7210513679049262
6402,1.7486497645752748,-1.6864579967583646,-0.7506517312093482,-0.43116662053577054
5952,0.5826668429738445,1.0446941378128107,1.044085044935992,-0.7896095135536859
3339,-1.020915396677196,-1.1582826472877266,0.5737364321389338,-1.75761818386986
4141,0.4589981329233088,0.7210373859700245,2.3037653421818223,-1.3760753532608896
605,-2.910848796623385,1.5572419519303824,1.8691493543204774,0.011570369134993328
4195,-0.11738593558196553,-0.3087263678683839,2.2912231863609764,-2.120172552327418
4816,1.915184685937611,1.5116047761721838,0.07315491474524934,-1.1097152121355771
1532,-2.034423346311255,-0.9587676870072079,0.9442395079003302,-0.6216083318380424
1873,-2.6223849686135576,-0.021805949932933354,0.9905549257708679,-1.2591727601992149
6326,2.780429641907295,0.8405205991239321,0.11567177156452703,-0.21797009349170862
1536,-2.129142136170009,1.9638628299071497,1.5224207598134312,1.3635940068643326
4627,2.762931605822801,-3.822950485971702,1.422786630309589,-0.5411470255947252
359,-1.0461837249938906,1.080160621719758,-0.07717059527131968,0.5540034024708851
6878,3.3438848258941465,-0.18512180296332098,0.2540224529350869,-0.8818114619933527
2093,-1.8744455182696909,0.13301318060421494,-0.3926456275456961,0.27950856837857724
6728,1.451885031838646,-0.18335502060160508,-0.10496746422092292,0.16350997090800404
486,0.08049129790522846,1.2914963984830234,0.7943339133527128,0.26518269135532935
6299,1.366727766353497,0.38515736771377973,-0.08013731880721854,0.06599799795739829
4045,-0.05109241002176908,-0.23731645280967453,-0.6892843846831131,1.0433427408911236
5377,1.1932544651291792,1.2748832407393875,-1.8234619979565876,0.3744613507766582
574,-1.3856075529982923,0.9178796750816234,0.8938503928092582,-0.5579335291547645
3005,-1.2795785136553792,-0.4479260895238031,-0.8901923991869086,-0.9123255013727988
5631,1.1010636196184052,-1.7505450764803014,2.5974752318807837,-1.506674907881053
6095,3.447514433116019,-0.29786113492852456,-0.45043088820509486,0.8855750388103406
501,-2.696501116214386,1.2709853085631335,-0.08430587862769345,-0.7835903923914089
3223,-2.3621351655709066,0.17424095795088237,0.9983672622587154,0.1415182199045089
5414,1.2653713523519816,0.05755504341506178,-0.10407557668524868,-0.3591561279524855
6154,-0.36866062153082724,0.1521855243920242,1.6069560402674086,0.21981968911011765
1990,-1.6275440326903234,1.7245723183338562,-0.30384266013695643,1.2119807703578742
1771,-0.9870185732017559,0.8542988866928842,-1.6529680786717216,-1.8206122647276866
4447,2.140818817271614,-1.6084334741364215,0.7252158741499054,1.8673169254858126
6624,3.314311642461081,-0.3471976418592588,-0.059468284321940235,-1.7474160799009475
3554,-2.7046597601161646,0.9679229140107101,1.2731260817047376,0.5364524083047801
3883,2.557015629943206,-0.8861642843196701,0.22700768157398626,0.17192533910790178
5416,1.2383075816604696,0.49362497152013907,-0.41943097034296134,-1.574822112863897
82,-1.7874221351691395,-0.04648933534738005,0.7710616608644727,0.30656833060781113
2296,-3.044693405551784,-0.43415043904916883,0.7696057850945817,0.7581045041811459
2040,1.4291252410733386,1.1034245152122897,-1.0366639658768662,0.6993462388449448
6174,1.3119076347159688,0.38938647984254376,-1.3263869481382928,0.07563072686471371
1502,-2.6892250745064543,2.164656055962388,0.7329940584664735,-0.30765494030396334
196,-2.1324873964869333,-0.17999038197884876,0.4495107197789448,0.18638392939189502
4246,0.18749386067539595,0.5501631365577556,0.9266108390044228,-0.3781921293741215
3169,-2.8731585481659163,-0.3842036547160072,-1.0547622318254686,-1.359238688772294
3867,0.8059221615952571,0.4344830225801919,-1.44425375661257,0.05605634883089875
4136,0.488695115400927,0.2830448392470573,0.050550097208310864,-1.210543445281952
5666,1.7209094591512824,0.3862788448180262,-0.30844423136808097,-1.07629769067245
6173,2.8469358938778755,0.7083203414758791,-0.8115696465196636,0.6289999725298195
1304,-3.451299150844511,-1.4494436836383469,-0.41355525451948866,1.1209791283411021
5947,0.37098265307110234,-0.38698962403231857,-0.058110630944008076,-0.17318662585505507
4593,-0.811746876194102,0.17425806461795693,-1.3503060317663547,0.09231090320935659
6671,1.9607503895779916,-0.7560822041755025,-0.8724605466905959,0.055818285642318756
3001,-1.0094653958998967,0.9863087788086483,-0.8841109707353991,0.5667568671172608
5590,1.0652425452346248,0.8124703532024588,0.5610176228146866,-0.23324703385570758
5596,-0.14212527917346163,0.32495311165719154,0.7830441338352345,-1.9900500928417686
4532,0.8339679065047627,-1.8090289104352695,0.7090966823736402,1.3536263230302052
4234,1.638901784755087,-0.501934625422943,0.781923464570777,-0.44824139577637534
428,1.1928293966315797,1.2350677761885416,1.5524695928437984,-0.041096266031477605
239,0.13224167719061422,-0.31924584632903436,-0.8818767328142174,-1.9733777942087378
4224,-1.3778273290323741,-0.9789640508868295,-1.1250319658393881,1.9976702318254609
943,-1.0637837822561889,1.1139867812858923,-0.40914132904187206,-1.8019301959643677
940,-0.21317203833575635,0.4205221899789492,-0.37121924803072637,-0.8947348990306024
6104,0.48007225493607897,-0.4792078255777303,0.6373591955984009,0.8419560042592908
1793,0.13034483264439234,-0.15402619172357093,-0.7362856422225219,-1.1765821426186611
3853,-0.9585568839484103,-2.236321856753058,-0.5132876796155714,-1.6644251465370103
1060,1.0280047504462884,-1.445813561056255,1.242337618208991,-0.5090976100194596
870,-1.9554865415313383,0.25138159715748726,-2.3344136703073883,-0.38736518521734276
6533,-0.5439884715918283,2.27519929285496,1.4020994212957563,-0.41160848011699663
582,-2.157900782384642,0.8848333524845386,0.7885435817012354,-0.08785083939938587
2458,-1.678033772353507,-0.9694073400514561,0.7672020368284137,0.3324082949960654
6372,3.447606325218609,-0.43977438009465586,-0.9017798453905218,-0.23463136309401456
3806,-0.5418087283852054,0.2242387396326564,-0.0020887121087675717,-1.2127401484454878
5493,3.0382497544330525,0.01325238827957987,-0.023105423872359785,-0.5235537535180103
221,-1.5028899167213858,-0.6297074096960731,-1.0233039630689402,0.6370907710320635
4710,0.5905764284231161,-0.26330592685488424,-1.4870664613625428,1.0695508025733556
3321,-2.661122305268424,-1.8896545383289038,-1.0399057510689207,-0.806223045019367
6525,5.383234923727718,-1.0488599845257505,0.9950687941746572,-1.236645130795321
342,-0.4561216222213198,-1.348984981112939,-0.27511596260953736,0.2134711394872274
5989,0.5509371283238782,-0.2913987083956188,0.2886113810149887,-0.2490632949536729
3427,-0.7957701132608361,-2.0226826811715326,-1.238212842050848,-0.14750579985109394
1298,2.308922968483067,1.551702577140972,-0.6390025503604927,-0.617324546641879
3153,-1.58296288791745,0.9731061756767551,-1.3083445466289243,0.5420897192861045
5424,2.2687049157025414,0.7995083493789218,0.8129037893744564,0.7048751713341284
2975,1.0823380551554487,0.5979584188989411,-0.30112184175795453,0.41639765151036945
2606,-0.34730626471327347,0.2765767098924774,-1.0276931469661117,-0.3075640204432511
4582,2.7465599242047216,-0.8023129677367152,-0.015439718379883734,-0.6197218149190828
2992,-1.407421635576499,0.586052318180914,0.3461491354815973,-0.18911546312745037
3423,-0.4288656099274332,1.434634074019727,0.22683829473555886,-1.7934030729965766
1573,-0.24923002300057748,2.8231204647938397,-0.5390276090041282,3.4095177378005075
792,-1.0967882164203266,-1.9873221436048014,-0.8130123346924811,0.5710142400882818
2641,-0.4294365780453073,0.7112147765096011,1.3574609485787552,-0.1584850538807378
5483,0.2163381530817034,-1.2889799902260963,1.9348934993468168,1.6989163641555416
2217,-3.0167229149851345,1.3361740869124312,0.31348750764949507,-0.054131325468843604
4215,1.4696873112743787,0.9569699747625293,-0.021171804656767015,1.6579185243031014
6243,2.558821680051856,-0.49065864777712653,0.8768959586080821,1.1648717265301083
2723,0.6852356501795479,-0.2426738291529618,-1.1891776323165768,0.5766503474297694
4538,4.238273665167867,0.3369626665001888,1.2868745643296973,-0.42831928998194774
6477,-0.8359620606902569,-2.019426982610948,-0.8467034336089876,-0.1392722571967131
1681,-0.9408914829884232,1.5364494306428087,-1.676885512359164,-0.57130614017508
3954,2.148887289750308,-1.3095400004555142,0.3973688027607525,-1.7713992368650489
4090,2.298258954235689,-0.2819988029531209,-0.45045749414710834,-1.1078380517109843
2827,0.42210654539760706,1.3773349383251485,0.7819607020961206,0.04425989911167009
5455,0.6820711379929173,-1.0966661725149858,-1.4832956217756845,2.2204624368831007
3579,-0.26900511142891514,-0.9244325309371407,0.06581617108284742,-0.13150111898851233
2998,0.07265520600048937,-1.5735861446337527,-1.0671085861693785,-0.6099763204034359
5080,1.5300217214038876,-3.6663581672715755,0.45948867026316736,1.1057333368286006
5900,-0.0019619971052501355,-1.131846138710674,-0.4857173801998129,0.9791769889288778
1556,1.2374927859317262,0.05246635351127281,-1.2920566676244416,1.799793488406676
4981,1.9920988791801906,1.8192774888425045,0.07590613219275313,0.15201460253182833
453,-1.3164607281223308,-0.4945473476160729,-0.48650750640913615,1.057763372407261
4451,1.4509245758648208,-0.6429379004974803,1.4053028489383943,1.5430441338734888
694,0.5095039034220848,1.1593188260548495,-0.13578334564170888,1.29472157038654
4244,-1.0609221909381543,-2.810514692612875,-0.9223930292744239,0.7076153784959718
6362,1.0897153939718878,1.090840377303273,-0.3416627485631088,-0.34614051042372873
1657,-1.4955020828983794,-0.4059616000431452,0.5751974389350187,-1.2276986255655433
5202,-0.13090165357672934,-0.4807466291424353,0.5261435493057929,0.14464585048448736
587,-1.4874115105271406,-0.9860756106425366,-1.681016720117672,1.5315821213283956
5771,1.7594179205418328,-0.7801146168561665,1.5927216426468604,-1.9590641839496168
3696,3.1600143462090187,-1.0806533508178375,0.4933274008722774,1.196955102620166
559,1.7091472849271674,0.7539509644063752,-1.3053982710571626,-0.8825234428459058
6042,4.530524960821866,0.3283355452034804,1.3330891185343334,0.5985406947806899
2300,-1.1538456636312795,0.17947419782618193,-0.5504278178309242,-1.0698346128645149
5038,3.2575793751448816,-0.608850198966794,0.7445076674299995,0.7292369039495904
1628,-1.802014837937132,1.5410773210779163,-0.9933605671244663,0.4559345613557203
6388,-1.5814493598983927,-0.11863534271244153,1.3104498531939222,-1.2138901850611494
1266,-1.869471080919051,1.3526591238779746,1.354017800476927,2.0426503695022387
6551,1.0778235590581602,-0.7786550229762298,0.6814131038266826,0.5716916183901997
946,0.053422866785259426,0.2774049054003219,-1.1740919789194413,-0.09697243543857945
4955,0.8676050310415528,0.08320107238577663,-0.22631444752194702,0.28040868589173434
3488,-1.4334043062108914,1.240119593023114,-1.4576897845590653,0.24710854375345137
2487,-0.292980276001199,0.42160562162099796,0.6879674967841312,-0.7856428249559398
4493,0.33294203144909895,-0.3229976080798929,-0.24066133679120988,1.1096072508147568
5922,1.0799936201891516,0.1126493522986047,2.012155216806442,-2.0379356894941862
3317,-0.620483639694987,-0.23503138653640687,-1.2373400055425159,0.4663041422843874
4896,2.0402203744959237,0.06798208445932394,-0.6733110068577511,0.08658138009621551
6081,3.3277721411030994,-0.14693793459643026,0.14236492070939036,0.37703580581420765
4934,-0.36420388853948554,0.006609914908613271,0.1006027046524753,-1.1880355957106419
2570,-0.42679335142902924,1.9618740632637266,0.4512175284448733,0.2055063107497662
3160,-2.5985039978277005,-0.7096359720769582,0.0989967715797091,1.7115378290211412
4654,0.13292553548372021,-1.7465057170732918,0.9737526386728164,1.325950845643857
4606,2.607940785395044,0.26119983814115244,-1.5238947444650779,-0.4588555739030139
881,-1.7090671476124988,1.7280976507052677,1.2369320042916612,-0.038740579045722444
2362,-1.7231570453148466,1.2733949138418956,-0.5924419123457749,0.8857369932018729
2392,-0.6642364115666533,2.041830424527364,0.6476938769914588,0.7878325954812132
6953,1.9659558002196844,-1.5189211560099949,-1.4748114814916378,-0.84338020686178
988,-2.04735478196476,1.277600960766176,0.6282740329396242,0.1351178950719804
2157,-0.4323296526740731,-0.05058529250410106,0.5056996090889779,-1.5479265259202146
5206,-0.3035880185422913,0.6875615153393865,0.190569989574413,0.5747108875287852
548,-2.744521445984313,-1.7406063888816148,3.0324196046040885,-0.8341376016649529
5831,2.1923466449791698,1.5176633687751464,0.7609342886698502,-1.6447010712586267
3359,0.29284130810117875,-1.1038606468893761,-1.5771719294820807,-0.0950668439511307
6946,0.7939053422657504,-0.9047571570972172,0.7320832715623296,0.5119537130700113
4272,1.7906553490176869,-0.31765917895684836,2.435007268614778,0.07570451974939682
5635,0.07827320375377983,-1.2983363915722024,1.5168034599357416,-0.33733730739938345
3470,-1.7070197623367342,0.8723440626359953,1.1429298019657559,-0.26145769427888077
795,0.9284599247245515,-0.630570763304769,2.011337552344343,-1.1187344933267864
6227,0.6421031251252488,-0.14553617886988995,-1.8540511978373209,0.439441249961406
5907,-2.0082236587023674,0.8507337192815217,1.2134634658310435,-0.6896218777241292
5399,1.006756826321841,-0.15560410246411285,-1.6171198486889176,-0.4506252179144253
6522,-0.3457404977578613,-1.0764767246612512,-1.3595840166913042,1.4868098588617997
3862,1.0519068206597433,-0.29719224235461783,0.24259426962931005,0.06005065794917709
5179,0.2638439570375054,0.12541957487819985,-0.6407829444402259,0.193997569153685
3972,2.200937102583048,0.03171104256666183,-0.24719577323381262,-1.6415383976158102
5827,2.077481922377098,0.27236559810821637,0.04306235028719124,-1.4591217089159052
1288,-3.2160255403522524,-1.9332295919092475,0.1841390900851929,2.3668197997384466
3458,0.45393512773048866,-0.5853064538219945,-1.9816499303169248,1.2418887901774591
763,-0.6845134758686551,1.9663390163800514,0.08199603172889881,0.7380806444644149
1662,-0.5737488108741459,-0.3175378361791359,-0.28233975144606066,0.9431567806591449
6752,2.813235165663314,0.9675188963097828,-1.6678044382614228,-0.3961238087278969
3493,-3.0909041523802903,-1.8890314869249496,0.3535884695617408,1.3902914975361649
2896,0.10226866167433064,-1.5719909305378954,-1.8817551512010577,-0.16700594656672638
3969,-0.08118734985817187,-2.156403193089715,0.22992405577773792,-2.7089316853516885
1017,-0.6412802605949239,1.7198779487207525,-1.6406934641111568,0.9697067290730076
5504,0.5424468792405956,-0.0650473347499369,1.295162898298099,-0.252317278556025
337,-0.5927881903175602,-0.17291467815285494,-1.3569477397710081,1.2147278529338459
592,-0.09802195026668348,-0.5030144531802663,-0.521120991352939,-0.6080990630477103
3204,-3.240841126589576,-0.31530541433214915,-0.3238615643028213,-0.2271674525512409
4144,-2.0662090872492587,0.24793096118247324,0.7183355646279235,0.05952576304276969
3984,0.9907363242309059,-0.29389037367025744,0.37364988872306415,-0.4885023072309881
2347,-3.676982929042609,-1.1696940397002542,-0.34464815290083023,-1.5425630065757472
4750,1.9431982559726275,-0.9352678788808871,-0.3524144989522783,0.7392991172123914
206,-1.0864032469839133,0.3602283999213501,-1.1125216535170317,0.18915894669148015
1424,-0.24582670416821403,-0.39516948552193165,0.6602227552409309,1.7627789807547598
3829,1.566042475975864,-0.5018815660854153,0.18619005313108847,0.31439104112673544
3500,0.5081189838702954,-1.448746886340071,2.056173926564319,-0.7643416841463603
4172,1.4489490706845625,1.2167829434835031,-0.8845890094255345,1.9668406201276936
4360,1.3302128808035605,0.26262885592853497,0.4141004442399402,0.10640451073851286
3496,-1.0544575833186,0.18172330792460198,-0.17797606679170005,1.2544124337435292
3334,2.190155900696906,-0.35901358010139695,-1.1645317538660487,0.634651695243275
2839,-0.5219154186134445,-0.09414027749574437,1.979771474019405,2.0119637812663154
6111,2.6691209828494897,-0.6098724530791808,-0.33354197036539057,0.21226212264628203
6614,3.64483316475541,-0.4684790737287367,-0.6341690377776255,0.6043359344804865
3041,-2.027679423641397,1.2725815799101177,1.4545065316611179,-0.01190733286318246
6976,2.8429799294050966,1.3084168617619487,-0.07913272900200413,0.7015774274411825
5146,1.5060004920373065,1.850079380944419,0.04241393295372417,1.216648914574095
102,-2.9962203268062435,-0.39246277460700063,-0.7893336133136958,1.027029028971824
5888,4.31845862769807,0.2367867291484283,1.4631482699922385,-0.6955463765269994
2076,-1.4473308938870548,2.472439555430573,0.07562778435486564,0.24000974104018855
1357,-0.2977433331798696,1.3053732419459783,1.6525815061747635,0.5591535014476173
4899,2.028232916890136,-2.0528787081027655,-1.4770441334543745,0.7207962332356304
589,-0.3227540155604076,-0.2621021119849209,-1.2981928561762401,-1.1828652127846564
4017,-0.34926451675498105,-0.3117632184191927,0.7388701873286012,0.12271778699136218
3305,-1.489159957444977,0.2783800403371707,-0.5663471064640915,-1.134341914103354
6058,2.129407823469029,0.24050529081391042,-0.14895066906782814,-0.5738165299089252
2688,-3.2305819494238706,0.023824558541390223,0.5859468979914476,-1.8570009482650787
1228,0.14016722224519193,0.3181916149662683,-2.115959740959547,-0.3849072697608443
6421,-0.2752813026418509,-2.5829535540028865,-1.8611530250656774,0.8600016160673924
289,-1.649641425853891,-0.3281411665410313,1.5682072851808038,0.624230847464158
6060,0.04127426948290329,1.5862650560613827,-0.21102308518983867,0.009430084777805076
6086,1.3458325436544052,-0.41315149573626886,-0.779189604194576,0.6795844535557201
1758,-1.7180642879387433,-0.6931805824220806,-1.4334952298581316,-1.839799721315873
3318,-1.9556464012185824,0.40887099839220875,0.679863763077444,0.5201832037891667
2408,-4.678189592817371,-0.661319643226647,0.9681395549351532,1.9577277045030812
5879,1.7784604280033107,0.870212849168725,1.2273768408947916,-0.868862476800497
3821,2.499747938311443,0.6777403329483598,-0.014328206562374305,-0.2677226026895238
5165,2.6381150345879973,0.8286513106740577,0.06890854243811594,-0.7456592725466659
2176,0.4508309210788567,0.5627455941361587,-2.382801071197324,-1.0029249117791224
5041,0.42476487907853394,1.3733293700054154,2.9204031127773993,0.7146821419522396
2012,-0.9890549213260639,-0.4883411209749594,0.5072503250241863,0.6509555302794231
3729,4.421920721285609,-1.1902010161764032,0.6858634078999544,0.30586622317545364
2159,-1.4150785007071254,2.0130042513506474,-0.46747586998543833,0.1431208296102901
3600,-0.5805828384138226,-0.8328853105355565,-1.1564303711361328,0.7682457190805231
5333,1.169166719790352,-0.5433760998198022,-0.38671814070805155,-1.1395346179189734
4221,-0.6138218682790406,1.4077268079204495,0.7412382678508629,1.0449796163235074
6414,5.2390695742258,1.1571732281606464,-1.0089725342384201,-0.4985877766177438
5285,1.4908762240464877,1.628813319155872,-1.0477887160719315,0.33043191961542395
1915,-2.1615231472575913,-0.13595128675673093,-0.30054719584647943,2.2703222668967813
958,-2.1096492081328866,1.6021723262234315,0.11249889106120413,1.5950560519750634
2263,-1.812751099825595,-0.059725703156913904,-0.07269365103575719,0.3839150934346322
1394,0.272159900616412,1.1205575520749445,-0.9929431676461801,-0.3447233560032138
2966,1.595986185717275,2.315924375968149,0.03467535984949954,-1.0078570246046894
2764,-0.05160791411365474,-2.1417302366094595,-1.9812327766080347,0.6706129060206569
6745,0.9624846273459076,0.8295313677460144,0.13958597665673414,0.23239579515078992
4267,3.063400206752504,1.7200635857990891,-0.2798813712309796,-0.2718589931966558
4106,-1.2377450379132027,-0.8832812845238163,-0.3839311959102941,0.775150795382106
5467,2.0485540400508646,0.8150107710412849,0.2008699140651105,-0.2951783488486038
1091,-0.03962493512529966,2.585977739050339,-1.241029088640562,-0.8920085679661915
1899,-0.7865181546899648,-0.7859934278778472,-0.20617803824818948,0.8886415180426658
2645,-0.09091275307629695,0.005430896225708825,0.590347706861115,1.354232017588004
5496,3.6879714681368805,1.0584518048989102,1.630068956563706,0.6028858720834747
192,-1.1652714254154832,0.15025233606335303,0.7984264260808165,-0.848872596931425
3847,1.1794862349456368,1.0164608770725576,1.394849646657419,-0.6047813023280804
3191,-2.7304328666989153,-1.262833050414828,-0.6585425436307751,-0.0974316827228196
5327,1.0835123408831058,-1.141114230848466,-0.5443935935714778,1.0861272152020434
2229,-1.5272825540507091,0.7419187599654419,0.5365451735494909,-0.32577734137887515
6508,-0.1649801648383,0.4334660039196661,-0.004872014472345426,-1.0464765238584688
3128,-1.4048776265554916,0.014356809125387917,0.46104129168679003,0.16247384552663607
1881,-2.4204107239674126,0.2188621192529875,-1.1586522807335249,0.7834142634635787
4960,1.2351084170636237,1.358620435140419,0.4045783849936136,-0.08499636143937932
1310,-1.7251226009670981,1.1787923212042277,0.7495232233803049,0.8939650561775043
6812,1.465281623611342,-0.7146435014869666,0.6455620141649607,-0.8585873418068489
3489,-1.4225714381913186,1.5366721550736655,-1.5258037013295171,0.5686557882942516
3382,-3.303165733895119,0.10350443430991457,1.4426675056334453,-1.4380101178148783
5978,1.6389454938332189,0.3061129557844092,1.05045378920464,-1.283927126313673
1719,-2.6675228622826612,-0.1525248068920273,0.531999535209754,0.3827375956498627
5337,-1.2442164001483942,-0.6523190394691561,0.7923959145348943,1.3207805197313147
238,-0.3551675812089543,1.855777778553775,-1.6474011355954303,0.25656719446082155
304,-0.1841996096463931,0.904165301619075,-1.3251703110890671,-1.4964783909420383
5996,-0.44160894211916196,0.9555452420684382,-0.4301044856415065,-0.7582389394705855
6640,1.7119276766218865,-0.4901545796467877,-1.1203711104515117,0.5471610753061054
1676,-0.8587599387286599,-2.3636847815938795,-0.7785068247280542,0.9365123777751885
3218,-1.2281551871611611,-0.5813612404227956,0.6969878418353698,0.029516820746503095
3469,-1.9896748577327197,-0.7471500287300469,-0.9283440580723671,-0.37260374441275484
4688,0.029147981788934747,-0.23102718767357672,-0.42429880716081847,0.7571772670508193
5685,2.7689544068468748,0.3121066468772555,0.9416931805524084,2.6174668478870653
2304,-0.7888346875269497,1.0171732513191412,2.4801405875543887,0.7738177374112345
3939,-0.5566010371771369,-0.6046103597853094,0.7154244330170101,-2.01582698129352
4297,2.0041627319894992,1.4208777892411932,-0.4844918678380586,0.4665384668168602
3983,-0.7436613855220915,0.07052541612969168,-0.618810771342555,-0.7774483157215191
6211,-0.7713485537582457,-0.7026461797455467,-0.1150993430610338,0.835670575974176
2639,-0.17451534352635903,1.9591077213088148,0.9860237078518352,-0.2676154849445511
4103,3.3677430185182047,0.4235241543841263,2.1279208484926837,0.6044229005137621
4581,0.6904049149787521,-1.364134283800775,0.030279520869867474,0.8374809639226408
5000,0.15775257454184044,0.8381410495489388,-0.782734171509796,-0.4768089019322472
2945,1.50737566284811,0.5232645436200368,0.11597994488937685,-0.2695219599782324
5799,0.9685736415796268,-0.2114507395987439,-1.2500800571577502,1.8212154756961794
4847,2.5763728334722056,-0.6230228328552417,-0.9484524737713327,0.4594746407368161
783,-2.379597872857061,0.32062641576569567,1.7828935070710334,0.7411969896740928
6184,-0.10750628336656674,-0.08680366094125297,-0.31579116014122355,1.2698207292839798
392,-3.1848135356516956,0.0866339428201732,2.6449499612239724,-1.4686025504450881
2407,-2.335544200748623,-0.06188155675232545,-0.11641054424876031,-0.08205017484152079
4941,1.4844913911629551,0.08466972752984468,1.5955810816444203,-0.7138768299472015
2836,-1.064149956358501,-0.7193567274840452,-1.6467085531738777,0.894727778242095
1929,-0.8941497167878825,-0.3068476771544473,0.2977371444489823,-0.08588038673908939
4119,1.5258813098715585,0.8292387028939878,1.1022336081364117,0.02060611511063777
6427,-0.44786448442590476,-0.6032944298217573,-0.27020247797498953,-1.2638572722076633
5818,0.4591022451171329,-2.0470722713006264,-0.6135075510380997,1.5220660611024013
3693,0.9532457990806935,0.9616406873734183,-1.6931811345094343,0.10772787369526471
280,-2.0424484837576014,0.2667473163834616,-1.131919950697786,0.41741797349810594
1026,-0.8409211118569875,0.08521840882326152,-1.0001646645775524,0.605720373044061
557,-0.9398289933613478,1.1553413158503787,1.2354818115789252,1.6433342807166387
1463,-0.8718123308749437,0.33822676770067084,-0.014261406818563603,1.774956096265303
1669,-2.072941289385299,-1.8922716765641645,-0.7668377169469607,0.6825486439943531
3657,-0.21491743953806763,-1.4045267170558333,0.04138897275979066,0.42812599651672156
1255,-0.19887526542013112,-0.09498391701116066,-1.418314713242986,-0.334881217091634
2804,0.11261014831556496,1.882616552172015,-0.42784811449023685,-0.9378050757240961
3137,-0.9625888358857835,0.023536777184900732,-0.5280937870926538,-0.04173177512664144
5895,-0.48344586741868834,2.082825259002629,-0.8847731085872856,0.6826076407959724
1016,0.3790986997155601,1.9352712134128855,-1.6538463163634247,0.33814010332068833
4315,3.2037783702487515,0.7534379425302322,-0.741063845350199,0.12721018347237362
6722,2.290048324692312,-0.3035983245564734,2.3339664866930985,-0.4617992504909937
5543,1.229114622183826,-1.908812319907811,-1.260679037849937,-0.7652873921310743
5669,0.12870088935640228,-1.426266906593136,1.3583123168286142,0.052675356994216736
3828,1.4797472735497863,1.0875248185975774,0.07440403134105142,-0.6751241958000177
5111,-0.1581153895258735,-0.5314123439687273,-0.6256844096894508,-0.4777077451894531
2983,-1.0200027287004962,0.920710226233467,-1.7448548834591668,0.4513321538487299
4621,1.4447306335919519,0.6402452250237646,1.3773562035900937,-0.8062427406492485
6754,-0.6715703262830893,-1.257680406197934,0.5546862601909811,0.3762127199172473
2694,1.1604598750921356,-0.3456884953987326,-1.8302054729869286,-0.8047206441495626
1768,-0.7933427344613795,1.627960396771936,-1.8552777803058462,0.5416917577409873
1403,-1.3058839811697232,-0.007351415094803847,-0.7682661567173805,0.22475371662384194
6314,0.007091164230799528,0.2720180592959886,0.609943502809532,1.422896409371792
4781,1.2871317908315938,2.2441680671629705,-0.09631254933779745,0.4153887514279333
6906,-0.19062806258349035,-1.5882805135823974,1.1028417729326592,-0.0715299914263916
846,-1.5979111191980357,-0.16568802206153574,-0.8160774894969773,-0.1981591883486871
5156,-1.771484750222006,-1.0351436650107564,-0.46185691852001515,0.581404388342858
779,-0.9124794175005901,-0.3856869985521006,0.639634129304809,-0.5541390598292247
5921,2.731374652725394,-0.2518200095284418,0.4829863541655661,-0.3227375822862466
5843,0.4589940989149112,1.351797790179045,-1.2595266662748295,-0.5344816282532306
4498,0.5455955785761321,0.950882949533244,-0.7713170281331416,-0.2630152188690622
1396,-1.9507932165693591,1.0716743402780298,-0.2866075753972752,0.8973185302714721
4344,-0.19879162715905943,-0.45898342576627554,0.33928183401085127,1.0985804953353546
931,-2.986470729086123,0.09314237734807454,1.7388558122747046,-0.8013564773537114
4608,0.8987604230261751,-0.49159878852879624,0.6430566504895051,-1.1049189201773042
5692,2.9988099065546083,0.06412388558672882,-1.1536886199546623,0.07415535613871954
1238,-1.8288381717475113,-0.5979226510386098,-1.1841140962268992,0.4189732260924837
5328,1.6552612172667522,-3.4027462534498287,-0.7164912796433557,1.4993346446480789
1011,1.3790149008439687,-0.14393995571764145,-1.5259239586368938,-0.6028360671401338
6403,0.7383005961741573,-2.607621080787425,0.34288172167826186,1.5975428231655582
3577,1.9031421160985051,0.2420064577848012,0.5203545140533291,-0.9698183041524289
1642,-2.7123290357386707,-1.9235815801506673,2.579860575375208,-0.7184132034435586
6753,-0.34307136797960536,-2.7273529955351963,-0.014723107599553947,0.13426958327233957
5270,1.5623232203139719,0.8230099673386829,1.0334263597839846,1.5127580851171847
1386,-1.8101238631998013,2.1315147911590744,0.8305695836733412,-0.33683712461647963
3015,-3.1725530763432404,0.3145413909870113,1.3616595192151935,1.233543656970543
2857,-3.3759713494426697,-0.40140477406487113,0.564277302779117,2.0748564973258734
4167,2.0183679866568482,-0.5322776772455802,1.0710520732646691,0.30263710980020486
2807,0.06461725780114956,1.6359778075986033,0.8602604590118444,-2.1298851657277567
4206,1.4481426471558105,-1.3617047046074193,1.6468167605885289,-0.8342128703336684
4108,-0.11150824081682745,-1.238681412646667,0.6079388600608859,0.03982465824692366
6315,0.8669711819689564,-0.3582808575808576,0.05186576220034203,-0.7948498764157865
2623,0.25597786041211,0.5488366244648054,0.34649642063357333,0.37582482075372203
6155,1.8402153607682001,-1.5204408503693174,-0.35104112413673855,0.06150262698928382
2488,-2.083776622479536,1.4410613644656303,-0.20267189249487852,0.7040754776326827
5732,2.0885511674968846,-0.6494378769290817,1.3662137861447783,-0.09848139814084877
4580,-0.6040526396956477,-0.4698588564988476,0.27918600243357894,0.5805055804398392
854,0.14289206748765268,2.1353381182342117,0.05383013711362954,-0.4434215045361186
5263,2.743164125033801,-0.5777924250425566,0.8119148268789236,-0.6840699717046507
2366,0.8493767305923792,0.4857137175887519,-1.499037571279219,0.017398854533150425
1453,0.4296744409539545,-1.177125591038236,0.891139797438963,0.6381988256544889
537,-0.3502495815080626,0.954483461931042,0.9686330145145027,1.4030867491515038
1710,-3.132540265242223,1.2505322763027493,0.9212113773774984,-0.5551121806538796
1697,-2.6650283484971506,0.8919137599714234,0.14906731973464757,-0.04258684063204171
2406,-0.04707709952338615,-1.2262412597284607,0.127494679154139,0.17289340826157037
3762,1.2242747884159584,0.7489377354788354,-0.35500059867033174,-0.30128782009067967
5257,2.80206889602999,-2.385592484582242,-0.5260201380488417,-0.9487780511900992
3411,-2.519932265406559,1.5407779418365977,0.7978279100490775,-0.028871080185435622
4071,0.7781072404846225,0.9377335966429224,-1.8539065338169003,-0.5416404838123559
5511,0.5747023206186895,-1.207034357191172,-0.9412668372389735,-0.5475714006393132
6854,2.5117909636235014,0.1397149308536575,0.1697150836327292,-0.5188312257835218
3678,0.14882634337163583,-0.45910661709113565,-1.2462343115772911,0.7735640294169936
6767,2.739743973534453,-0.7211477665021007,-0.399351965291517,-0.07960367921753458
4260,2.0472886465771474,-1.475510841877795,-0.26081385922833245,0.3813673577260569
6874,-0.8899587953643358,1.439247136622311,-0.29841632082010877,-2.3588431052075425
3571,-0.8564105821490857,1.5346851163625632,0.03415443134583856,-1.4242350343817138
6279,2.149565549890256,-0.248998929961504,-1.1637595314719087,-0.19011367023514283
3738,3.1742955056573554,-2.1475672763026736,1.1379472213606712,2.2065018495116924
4977,-0.12893568213931894,0.5399007434369298,0.19628156906930697,0.8132952478469498
2675,-2.6653484040252478,1.9508799929078555,0.056943088329714314,1.1348852686694222
4604,2.642384167719774,0.08730627904585818,-0.2816772618417451,0.8893394490061157
367,0.2201827301792015,0.9304856484332369,-1.579586851960104,0.6630556603058749
804,-0.7578065520827724,0.03231211969709609,-1.7199105853806167,0.07936553384728746
4482,0.39113174173665277,-1.6168476567653196,-0.20518638496640418,-0.31674740475050994
4190,1.4605833922008777,0.025562257121995727,-0.5650058168403364,0.4068398827458988
3953,1.0097567657331321,-0.7582136039596284,1.2439429996977218,1.7793428618998788
4991,-0.21091041784190526,1.5900436194706329,-0.6861698430478912,1.3322091702470928
566,-1.3263265235252393,-0.917637785682813,-2.0901391604323623,-1.4861676176864187
3607,0.5398444038132235,0.18100559458060161,1.0920740835263119,0.5094506022605148
2685,-1.747138006382027,0.16260440152155428,-1.3306511052410273,0.04015437378415144
6366,-0.8037084446075832,-2.0828021543456736,-0.5569534098062566,0.1733708312502158
5840,1.922260339208708,-0.2436571027609735,0.26433712639117446,1.4611011687660995
1577,-0.8639178294410172,2.543670966325118,-0.6605354907032472,-1.2879002945267135
6216,2.888299090620095,0.6242684396714382,3.1106512359540464,-0.18906108993485768
507,-0.9891623842852906,2.025156385461248,-1.860469432397587,0.5035323442738538
5183,2.0090311538505747,0.3074397213873043,-1.5535879325295838,0.9843455422633058
2351,-0.25662304841006217,0.42981470361750224,0.9964820624713102,0.3248326770768143
159,0.1542723595639348,-0.24755820569713813,-1.2944346146576142,0.6856047713353319
98,0.10730408792009721,-0.3968203632699241,0.42389787279962554,-0.6570465125932756
5309,4.75159972673368,1.0168929062522818,0.795058978779573,0.11133485537060325
4402,1.6669120398432369,-0.7753462954005013,-0.5124154375789504,-0.41711659659669875
1198,-2.5132618997376945,1.3771528250892229,0.3845267648890666,1.112857654108257
667,-1.0492572821311665,1.6393273288053896,-0.3025158141411995,0.7171733189262015
858,-1.2775806675059689,0.05180293669566599,0.647815733105838,-2.0643789625671807
246,-0.08774714483142458,0.5600680783655188,-0.41640378805982503,0.6801293481369681
6980,1.2131364080621032,1.451420247253284,-0.529817697569995,-1.0883094100357757
5929,0.857482294184803,0.5158639218689254,1.443218246612167,2.193527770890774
1549,-3.2836071347508904,-1.0276170732049794,-0.9977298289714116,-1.3447558321483697
996,2.0406827112291626,-0.22602338860285753,0.19478550730911726,-1.8221074132027097
3667,0.3253957450067121,0.865084768905104,1.1162697910674881,0.30125973693637004
3207,-0.7849973738220828,0.5026483990965595,-1.2876385055876165,1.1855851972255782
6439,0.8385419683408499,-1.7679893520454903,0.43730939340652236,-0.2930491008855646
4762,0.06162586959524566,-1.144880889459696,2.4846722045060234,0.32040062949368986
5471,1.7799623291936915,0.8700108923168726,1.284328036627747,0.44781267133164776
5675,-0.03450685851243134,-0.519961416138095,0.05456966884750635,1.1981956387984967
2809,-1.0722501701358467,2.1605993597813855,-1.1234502119515009,1.119780858997864
6150,0.17202970210654972,0.5109328022077282,-1.1909694643868118,-0.7207807577660844
6667,1.9406294372306114,-1.4824044623535977,1.7473099557968523,0.6188759149915126
1381,-1.2964427331410993,-0.10497397166253412,-2.0689459003209625,1.3453969335107185
6474,2.620200260800918,1.6139316597217537,-0.13416531035246662,2.406344632284905
4826,3.840182199382198,-0.8159207559348043,0.5459559811400657,0.09381927847791574
6851,-0.28680734683345754,-2.352709900269222,0.15833701801989847,-0.7063649156307433
5544,-1.1965450580601544,-1.4252156633266397,-0.22466321092561117,-0.5703168349541125
4147,2.5320846409640554,0.04908352925736725,-1.1926327479733039,0.06736310180931575
4924,0.8054661487445796,-1.5312038649268152,-0.482959644720433,-0.3633016032767864
6510,-1.4558338204725154,-0.5200563692489282,1.089263052193971,1.6130702539805142
6683,-0.7093436121391629,1.9562865640316014,-0.6776022081663184,1.423152561088289
556,0.1497986313150026,0.611491595489501,2.475527072208525,-1.5113214374841477
3924,1.021639232098074,0.6181930884320551,0.7939321448800444,-0.6129324748854799
1406,-2.1681776878671073,0.6796549995266485,0.4365335770596803,-0.6497045010287859
993,-1.053157141750621,0.0759145497043864,-0.632481781387589,-0.6201754252511003
5797,0.6706800835517425,1.002880160809406,-0.8681381067453374,0.10414815607516253
5392,1.0709066354086083,0.27540647079270597,-0.7365871428554877,-0.7640988757880489
4769,0.9660472553345545,1.5662380352849277,-0.23223693447609864,-0.36586775605801813
2847,-1.2529987662835702,0.67682549829962,0.8507453198174629,-1.076401889475787
4558,-0.7072655487833539,0.1070063359715491,-0.10058933532382504,-0.4147677183891661
4016,0.3773644222945089,-0.32716608926117446,0.8093334585801701,0.4742013739888066
5702,0.5467456363008031,0.24136997737864588,0.3569604857273736,0.6978860862103509
791,-1.639676573527311,-1.4964636990516285,-1.9254730932300264,-1.7200184465182493
5821,0.9365733922963869,-0.9867661356132345,-1.5934961450580114,-0.4410707436040648
5752,-0.6391929519290116,1.0285183921427479,-0.08889473617305746,1.2527592173111106
2852,0.6006842847446574,-0.49913325430124705,0.14908221684886266,-0.2151007312622849
995,-0.17268475766610902,-0.4398585058265221,-0.6787392968869909,-1.1134718074686654
4068,-0.34933883132413285,-0.9665557922161113,-0.1824155041394747,-0.15692689475324648
3652,1.6461651023164887,-1.5919829805684247,1.510931496569081,0.9532166707621
4040,4.031138218759146,-1.3726576847843057,2.856108399297424,0.8842465470611287
934,-0.8841640900687209,2.003396985707805,-0.7620418386619033,0.6092443757778169
3836,-2.7069633500820722,1.1729648324257367,0.6298742348177329,-0.7271991146046504
1954,-0.38526755043144667,-1.5905670917249093,-0.5610286878655945,0.5423736643325502
1783,-2.644763519664026,-1.2056657321210742,-0.7186477545000955,-0.15803823540191056
2355,0.12517841214404396,-1.4705690849896051,-1.613846053319851,0.02734439284940268
1734,-1.6481611386166202,2.1377942952875193,-0.2465872426745651,-0.5786748186746029
700,0.3895045012002735,-0.7748359445556205,-0.5387085615455125,0.327883435748975
5537,5.682878614480044,-2.204890435622221,0.8521172243056255,1.522076789006957
2098,-0.9988632140481484,1.2071180873157366,-0.10591257091092841,0.6137265674753294
2692,-1.7065878012605444,-0.16491617929921434,-0.4758580420574261,1.320969782423252
344,-0.8932680048707872,-0.5715501837329432,-0.9489931754715109,-0.3617512357206522
6757,1.4428190711537547,0.5786774909557012,1.9603709250988208,0.18615501719007232
6821,1.1665145497418317,-1.2951310016460604,0.5969082430031262,-0.6728384485074845
2394,-0.9769055649424263,-0.2378938526564504,-0.8927964277497137,-0.6513110673343586
2739,-1.68382808175129,-0.9024915537790361,-0.5765629972099982,-0.2495641610919844
1081,1.133686842697377,1.6724184146370566,-1.798846730341954,-0.7736092918323612
4257,2.3568103936145093,-0.5315299336209913,-0.8900010144145514,0.615400585173155
3273,-0.8226299842471655,0.2028406779098507,-0.7152902959453766,0.13954321026418515
6181,2.2783104449675813,-0.4439278081184657,-0.46838878653209287,-1.0955505924461175
850,0.7360874427345292,-0.10370284379284954,-1.3837129276370264,2.3557175945006312
4719,0.14733559788222428,-2.4568115338931404,0.9543161383621722,-0.11946012906518644
4148,-1.8666190694227094,0.41942269898270956,-0.0033523118335663823,-0.26566078217825867
524,1.0791193733734037,2.0432193142106487,0.5745793919792899,-0.9377028212678388
6005,1.7061214471331145,-1.6381399259646185,0.8502628620877882,0.2650534143089013
2687,-3.0734329197904264,-1.5409738947262295,0.5380595953040889,0.4338505966725938
4107,0.21596056883893786,-1.0048019340322916,-0.18491223150478905,-0.579769226552943
323,0.6277778866957257,0.45244677911205794,-1.0831131604736954,0.07603641011336319
5162,1.7175722041402508,0.16872370248570004,2.3851789608776315,0.07356148327988792
5367,-2.1191894344465116,0.36939775975069766,0.15195030450762295,0.4860885565749465
2740,-1.9347602905672139,-1.7341989596321064,-0.06833088866584239,-1.9551500569571163
4277,1.4386671781490796,0.46389181876273483,0.1201787598107982,0.13093884741973244
1893,-0.45415590877965045,0.193300822209609,-0.45093885554246305,0.9750764076492553
4659,-1.359611061551187,1.0813878802751777,3.090444463829151,0.037036504198200454
3253,0.04353784429210832,0.26789600626667587,0.5378582510815559,-0.4611941780123914
4002,2.0465088824089923,-0.4082489562720536,0.05022402389437483,0.6438488224122118
3525,3.474159822392104,0.5111978012130367,0.04572782001627824,0.507265313687379
5290,-0.47445753003983465,0.8845573875107431,-0.3287154191971929,0.11348288274041118
5,-0.9754906024432108,-2.5507085296453194,-0.5084727719773539,0.1263843395808016
1729,1.4330984440510532,1.4661265593742576,-0.6937507334596573,1.4608872845950973
6336,1.3423333991487725,2.241485958668162,0.7041714926193345,-0.31740690341300876
1297,0.5939857227566401,0.036289223008460436,-1.042440136741373,0.496564913754703
3142,0.4401360834406285,-0.823907143636615,-0.8202774711330048,0.13203303496475274
4076,-0.3246855996583102,-0.07144268853457655,-0.005870667798957217,-0.615706613839092
3201,-1.8959150753794527,1.2017377038992445,-0.5403447382187024,-0.2391914086279294
6581,2.4485550625363386,0.13389611557299144,-0.025309599156899565,0.8934773422537082
4239,-1.1799559442854561,-0.5291764911359678,1.0462246743318728,-0.258362305902402
6238,0.5591454273133445,1.1086704948103292,0.15401986664439654,1.0664470374868302
6031,3.3170617175359554,-0.2487826966894139,0.1890267636253505,0.21320735358459691
616,0.0703992542443983,1.9471183522207463,2.278961323341344,-0.2585676116237953
575,-0.48938130164099464,0.9918280146180951,-1.7951896530279108,0.10853171816691966
3612,3.9241849344734403,-0.4987497064790189,1.7011465098007827,0.7888271751922186
3351,1.584586153456008,0.29916897722230784,0.8070980550219542,-1.0471926909292015
976,-3.362571009403607,1.608904538877208,1.6703856743018919,2.110205291064595
3645,1.040853864681556,-0.23020321114200626,-0.8192660431698381,-0.1726289312109308
639,-1.0682141614622869,0.330893547939793,-0.6460720654549181,-0.004732369693294681
4906,3.105566929017861,-0.7537137877504195,-0.9592455714712063,1.5800617772122616
2539,-2.364260750911776,0.2559575061235243,0.8833170368609568,-0.6763121732337865
3676,2.556470219459725,-0.16126349803940718,0.5543694193179594,1.378501565961595
5713,-0.9226267931300391,-2.5987303775515507,-0.6318672036102134,0.25378796773500095
5311,-0.505107341920928,1.878083000592371,-0.5366122089229981,-1.7062471196453135
1828,-1.3707971052287247,0.8639869466923371,0.3175247497404552,2.6774438253431585
3281,-0.36092199371125827,-0.476184722101603,0.19295005683507988,1.71483748511881
5260,-0.4726002745579691,-2.024340643309247,0.7083898227142478,-0.4590933329153062
5865,-1.0223044130198535,-1.8248040489893997,-0.7409159183077292,0.13537637791079504
1179,0.22909403284953064,0.8160968885684786,-1.727001944415524,-0.9972963221060164
288,-3.8633561914196135,-1.5047020127377546,1.7217045140622482,-0.4675956623597201
513,-1.9536366201599935,-0.9982171019554151,0.7176898347412488,0.39906250740020693
5798,1.9437320724204195,0.49377103465813316,-1.414426189316032,0.5479516826813615
1385,-1.5709846456719332,-0.6915842932042893,-0.872365798255166,0.47054845336006806
5581,1.804048865309059,-0.07455286713598692,2.0566956529704967,-0.9621097368387637
987,-0.3640220034063229,-1.1511514953410078,-1.5423268157206225,0.7403317466502739
432,0.014333875115938451,0.14149010699991463,0.7897619106136826,1.7607297439181964
4591,2.2795051300891056,-0.6705725852196831,-1.4662263817181864,0.6209753340471661
588,-0.14543650156345242,1.6019987791686692,-0.3841872817322113,0.8897611709231675
3397,0.4474388356992002,0.15601403414466525,-1.5528399460164628,-1.3503140965779
3022,-0.8597731692943671,0.39785743785464406,1.0384076714259474,0.34917282774956293
6808,-0.1651469492584183,-0.8967105766035693,1.2599049149805215,-1.2453358242172656
3922,1.7683530348325034,1.5096701296133344,-0.25890353687372036,-1.0876473210558415
847,-2.4168160260085383,0.7097111933013309,1.747086837596243,-0.17755216557648149
2567,-1.413137367876331,0.7276689731665988,0.10304277382133328,-2.1660895649085905
4511,0.14720605431178085,-2.2974217581344787,-0.3497304583004438,-0.6050778694290652
62,-0.9405710877866275,-0.17892357010140833,-0.6842571518112863,-0.5011574373324378
2136,-3.751773981573616,1.5461183394129512,2.7035327266053844,-0.15224236344686481
1225,-1.034100368589799,0.3616423155034604,-2.1268712937801437,-0.5593642334830827
2340,0.9048380316741306,1.3437363047190929,-1.7113151264329223,0.8051556826609211
4324,3.1858674115125094,0.22542612316112431,1.921423441030327,-1.573447919087158
2459,-3.718891073956573,1.2006993881841102,0.6045575777818311,0.7700046648644406
108,-0.08936929720717081,-0.8573278951139945,-0.8523009312166526,-1.4782224716265884
517,-1.2376426733869315,1.773533418490204,-0.9695216826134696,-0.6248697514491557
4497,0.47641390465802,-2.609949807518886,0.4585770573906679,0.8694367898784671
5255,1.6831220890552618,-0.41515198376661144,-2.0310115526401433,-0.6116080406304754
5055,-1.2151640724934365,1.3121169171674634,-0.21243313422699878,-0.4959250333476219
3916,-0.16665795230344674,0.9591961822743389,-0.25720056069884883,-0.2511244338993594
1621,-1.1665056366317905,1.583033225855009,2.4525015025302186,2.4790523850896955
757,-0.12377912556818181,0.34850580909003226,-0.14524090512278268,-0.7863296319207501
3743,2.5444882466035317,1.439443716216865,1.1480288485460626,-1.5154445681644626
1039,-1.869968336621129,-0.8917140217414086,2.0247744087055533,-0.9763548335184956
6535,1.4170732833872164,-0.3834470573219861,0.20958884486511783,0.18203326617172114
3909,-1.004274987011091,0.20137904259623937,1.550498254053882,0.05828415222189809
5946,0.8232632723756216,0.49268544255865593,-0.8692082578120774,0.06483784706722658
3625,-0.5113934924865795,-0.5721863205045826,1.2276986677587236,-1.2027320110086397
1437,-0.24894215763718286,-0.7594179725717861,-2.163209815541263,0.003266452000973403
5232,1.3336604648752353,-2.4025349434426895,1.0948952053795875,-0.5867016468085199
348,-3.668153715738313,-0.2724492036476144,2.4896499359719555,-1.0770802090164475
1566,-0.8507650587388852,-0.39038974466396226,0.8522845792015833,-0.15083000747441638
3697,-0.5117300691679849,1.5254044527231927,1.540054932716152,0.3916306201980196
2106,-0.3779220632458601,0.9879600137379976,-2.0268466775459997,-0.009728391375231508
1833,0.3075728450651677,0.6440426937852731,0.5244403489275855,0.0380139096927755
4736,0.6070098489406962,0.3446967359257638,-0.05841796011495127,-0.44557747645161017
1413,-3.1214807469027948,-0.6241450711517696,0.49743616686066605,-0.9137606789814479
3985,1.1076467450059382,0.05995562443682997,-0.5567329813261561,-1.2330027739682732
2349,-1.9092397742991054,-0.4430685347940365,0.2596552490685333,0.34031826765514445
3438,-3.9818145320151794,1.198078415927632,2.097395266947014,0.8517416655303255
701,-2.695642431059276,-0.5056163608150374,0.5673606320827597,-0.002582792909664827
2582,-0.7643164930241263,0.22216290749227563,1.5261659725535899,-0.3755291441828447
4250,0.5870633634447505,1.016645131183519,0.5092959539667402,2.9293910270464583
2537,0.020391915076897943,0.42847357554697507,-0.452953633714977,-0.5139759384620671
1398,2.6700312023332273,-0.7519075273400448,-1.1178963557422046,-1.4574191632851718
3228,-2.962321998038468,-0.044290445523073436,0.001622375149660426,1.8062728901474838
643,-1.171607979466287,-1.8780055226155636,-2.245097886248873,-1.1037282371694808
4268,-0.02387646015523146,-1.7774203490546727,0.21222554478581176,-0.8901746728116203
2130,-1.6603176353293365,2.027415140150132,-0.4047339130686284,-2.5516520575096027
4886,-0.7989601128188857,-1.1241362353109294,-0.5606674538000633,-0.4827885634889616
1839,1.1620220686513518,0.31809447474779096,-2.268015830845384,0.5290794840595167
1019,-0.855877364784015,-0.2351235725041793,1.203113358900894,0.4530939208967347
6685,2.0359923788497625,0.659176862708795,0.8949546720447236,-1.0540349795053991
1891,0.03556253673099015,-1.0368526361355839,-0.06789519524475854,-0.31732989095305925
2545,-2.367805256415362,-1.4001627423735563,0.09137121047575619,0.7098539721768827
960,-0.6158430677123397,-0.6758615328276765,-1.1941673940917192,-0.859000756727389
1042,-1.0609704398176376,1.5964822305367128,-2.195841969130853,-1.5757974880921943
1831,-0.8826399266742863,1.4503752828825442,-1.8209695431943007,0.8659014433644632
6977,-0.9826661310760635,0.7414800684023327,0.7637223294994402,0.9155075052905128
6941,-0.48845941382514235,-2.1801608660583023,0.9732172486014792,0.7023481099970136
3905,3.1195677969207676,-1.1352384440217722,0.43432296619118793,-0.5909386343626688
1351,-0.37720436948903135,1.2243881066508921,0.6809878238443356,-0.2395585431374424
2048,-1.827172249274625,0.1989546087556152,-0.217069433791217,0.4736824384762266
6229,-1.8834616187542246,-1.8418761976944975,1.0345174459413564,-1.0241576356998696
6056,-1.6356981379540023,-0.51742784528767,0.5200877751405013,2.2697746352243118
2754,-1.2976888063659815,0.05797236173030219,1.414746937175259,0.40319632410859296
5704,4.1033657724632455,-0.7658260875587555,1.1800335899649674,0.23264911284893613
1579,0.9248190653947733,-1.5568077741830513,0.40127397057824915,0.35431985017437867
1040,0.2501366880055227,-0.6956405601090739,-2.1759183934366435,-0.0039184919654322165
1074,-0.41750107517375473,1.9573220656053743,0.9679192534699989,-0.6211181151345098
5795,0.2200909856673052,-0.17465556111003386,1.963547248548298,0.3312427244488907
6865,-0.8229669910645722,-0.5283393914005456,0.6769206072863567,3.4560195413420125
5965,1.0293710639448446,0.14907294765521917,-1.017159234340912,1.294941837564273
2984,-0.24741433133849702,0.015423891269344,-1.2168637919387728,0.5871092202722707
4665,-2.1696060825127974,0.7493034587762282,1.06962320554057,-0.3202551480729997
4956,1.1868357355787482,1.9023416384972986,0.08807840223068357,-0.9678265717566016
1456,-2.380581744582793,-1.6747836713413295,0.968832207606066,-0.4987361134532579
5924,-0.3256457572005011,-2.0357141782516144,-1.5581326698964224,0.006342937237040348
4554,1.4236229745116376,0.8396222524067555,0.06798049109818699,0.4674584150400978
2890,-3.8281445710844806,-0.5509092410690254,-0.6474522457872881,0.8472330350562699
2704,-1.6301924390815548,1.7016687785551867,-0.8588600696567441,1.6947487029750468
6303,1.7996936827475718,-0.25282880965129045,0.0357463504039203,-0.6159902555804557
5144,1.0404753715536383,-1.9286891216240498,-0.9223710237358946,0.774903654695369
244,-0.86327765352181,-1.2503596811083544,0.4669282144651628,-1.2222707007007472
959,-3.118979337275191,-1.2846577608224674,0.6878698657109744,0.19357210493285587
6809,-0.028607486590749093,0.3856305162120386,2.352281131260689,-0.5345671126388899
5792,0.026523702244762967,-0.8441587133923449,1.3956718387954652,-1.201381831933169
434,-2.659426200928864,-0.22510195948158188,0.621546656188974,0.17722318134948073
5502,0.07600039509664083,0.3896677901855608,0.30784382612352945,-0.010845831166618023
6735,-1.0030214794443069,-1.7823099212736446,-0.9272189031974796,0.41957435102560003
4579,3.5603615517507343,-0.2216798880337177,0.3730130677590438,1.1828553968174595
5129,-1.8200757568684796,-2.33597922117225,0.03865121625933757,-0.3788811541202175
2856,-2.2946684811131357,-0.9614812345932665,0.0012847995455325394,-0.09782257197176313
1751,-0.6065290326712771,1.3428444456378594,-0.5732602781988455,-1.6446994865031694
4400,-2.7504664328065727,-0.48190936210963037,0.6572757188544814,-1.032956667639072
6213,1.3449259227111685,-0.2161936490602462,0.2210878864218222,1.5364301420445932
477,-1.2202171678644036,1.4685381389525791,-0.36061614876319936,-1.1898020211962796
711,-2.4997697491815853,-0.4727573945779265,-0.3748831425073868,0.6781808964831199
5640,0.8511934309406375,2.1242133057555077,1.4099238101789717,0.6803732209180463
3282,-0.38539729198295625,-2.2549674419690042,-1.1289810586315658,-0.9156351502011174
1797,-2.1787198092100097,0.7327272656847592,0.12397076197909948,-0.3008006854442302
495,-0.08408866096216679,1.3982247590653514,-1.8238658508647438,1.8620040590389886
3568,-1.0146929972206469,1.1335020630365396,0.9655316609777943,-0.03675342105062615
4629,-0.5990711276209061,-1.6880741715743626,-1.2069482495678212,-0.44595792341016594
3813,0.9428570961009177,-2.6898071811624145,0.16808763499865642,-0.7588373195505583
2402,-1.2146144428631809,-0.07447553843236596,-1.380093922402345,0.3337059053106034
1272,-2.8486442948734667,-0.4128090978556089,-0.2466635617634679,-0.2257545249547677
4879,0.4256643568556955,-1.1175271330777856,-0.8750149658063747,0.1599231706959844
91,-1.4338948306124921,-0.38219068265385375,-1.0122358845673818,0.12310114744787685
4539,-0.4193715245217571,-2.2487206397447794,1.402598919343732,0.3970606342997503
6521,3.640782645895593,-0.5301711645477809,0.4261787150225087,0.44789845863828176
5164,0.8450913442843843,-1.7545153574334993,2.484643461272726,2.821310090014654
563,-3.831911768500738,1.3372800239158555,1.241947006184655,0.5644090989125925
5535,1.4068302773479755,-1.420594844691624,-0.16791985623790334,0.3684519771472161
4411,2.6254711774114927,0.09066899019708151,-0.2517671303724666,1.0275675391917387
6761,-1.8975501423983487,-0.08843015604406924,0.480896874285593,-1.3578326018896296
6940,0.3891588070468311,0.06733880168328095,0.46307401087067324,0.3361413321187046
1784,1.4048077705249764,0.6598678975582599,1.239355011637422,-1.7125598298670353
2060,-1.0037475244121374,0.4550113088480453,0.20099483232220922,-0.34871042358078397
1709,-0.568416770174703,-0.3190924565221262,-1.554975283861175,0.5551554092901825
123,-0.2556351267166174,1.0910971481715497,-1.8971433148403867,0.878101071862848
6750,2.2035225482010405,-0.60203168743241,-0.33205134760416183,0.7806934067324153
2253,-2.2963498518713137,-1.8929772958647546,0.6231327964135769,1.0079735956152385
839,1.0756520859217662,-0.43179100237830975,0.6314498390118911,0.9244451206453892
2010,1.6305568642503874,1.6354802075885158,-1.2366818540545288,-0.6713255476517014
3578,-0.38938098284973155,-0.6235303030548635,1.1417238858496674,2.415022557552851
3649,0.7790189625628293,1.2347831980244526,0.20550132324877565,-0.4352827635048861
3196,-1.840696555234475,1.4866764295105508,0.4111090593909313,1.1446116688570878
778,-2.694940076595122,1.4662150903598652,1.7550172581757324,0.2995930326822954
4220,-2.3646413910352164,0.051884803258798545,1.6276318305139383,0.4506779037208939
1937,-2.955963369861618,-1.2174554117542336,1.0834569514142929,-1.974685075389484
3385,-1.9391098938992857,-0.7568680124320043,0.04356333978471913,-0.5438896005546241
857,-0.7685899851084924,-0.8877937005807328,1.199557424549385,-0.8649630096792407
4207,3.204750057695897,0.9829830153321665,-0.23335269543142967,-1.0436524238255571
6351,1.2102356436399866,0.1016257986704145,-0.6172186786988616,1.0486013023979792
1236,-2.1484691172073886,1.095440662616182,0.5403190674272289,-0.9452470778941747
726,-1.7718305496758169,-2.0744072744995883,1.2115695464096325,-0.7539006359489911
5705,2.387851268779281,-0.08954209768872155,-0.04575139038831768,-0.1406389504422825
3484,-1.8081065702769785,2.184133469023891,-0.05789303128582355,0.5073413474224301
5268,-0.32135726875020937,-0.3537997118917401,2.390919612344459,-1.803158436579461
2851,-1.5725515622281763,1.7350168633008773,-0.4745344427045982,-1.6905301565321529
2023,-2.537506152196204,-1.093245539883811,-0.8440931513667802,0.5574385071528224
275,-2.435693778603201,1.568879248984448,0.28736161249356784,0.5401384379508873
5822,-0.8662046368162737,-0.37602223599759255,1.6910019735321642,0.6226212499520153
4649,-0.9589153767543935,-2.3085852939187386,1.5117956697201436,-1.2122219508263168
40,-0.174372339903226,-0.3654176172947654,0.5158504007697664,1.544557605940778
329,-0.07850193643725051,-0.15628473119571026,0.6875091436210989,-1.8053546538645278
4290,-2.1934725011198273,-0.9935221236887003,2.0505854084693405,-1.8960283646491785
4463,2.1337194689061527,0.6425464964361343,0.3274604326907559,0.4942914810790956
6765,2.1521059204461257,1.4158895560266211,-0.27653574056110475,-0.6710660529932048
6897,1.7194315597486505,0.47512734130218126,1.3748325717055445,-0.4428550831969992
3499,2.085233391165568,-0.6742304968650867,0.1498562202803031,-1.112921912869097
796,-0.39260016209374876,1.1899540872733536,-1.4165519294091435,0.32216464831985686
6686,-0.15346776315255697,-0.8333511398349074,0.24302804985579396,-0.5052125768535128
6978,2.85656868824714,-0.1004502768865321,-0.13252882032357455,0.8966976265087663
2404,-0.8677854000327725,1.5203794905750125,-0.9498666127253927,0.17025602756143565
6062,2.0887003706960763,1.1915408203668267,-1.070697060911486,0.06632878333422162
5132,-0.3371636433780718,-2.073190365171996,-1.0015690816550171,-0.4880499299846198
1865,-1.3710765930970192,-0.8126840843597022,-0.6913354172243742,0.5645976555245387
3610,0.11966733595068688,-0.37003773853516353,2.8864254842285897,0.9555344110257681
4079,1.8170889597854427,1.2042559895061455,0.7944065631331315,0.7828003280290474
4569,3.3152592638915883,0.8266605527877128,-0.6107297213801385,0.2088090780512191
4392,1.0945551354234855,-0.1957412740939209,0.5145580623774881,-0.3898082580272162
5049,-0.8504082085091481,0.4845648199226277,-0.7545948282491803,-1.263652042584674
3791,3.8993282402509095,1.4204696811232667,-0.032379204993294775,0.6249443709093966
4437,0.8159737155176754,-0.924729033547855,1.064523097949623,-1.4220523114159236
6269,2.2021767948037,1.6260128985693731,-0.9230011484219711,-0.4767731906740955
6393,2.8361862172353485,-0.5815542116386712,-1.919762407559676,-0.03503287319838288
610,-1.0660097907993256,-0.8498677402580072,-2.4920748616352952,0.06755984266249415
3347,-0.6266437012136229,0.8519105148945703,-0.7731341014374417,1.2780076045163207
6995,0.01569704122380968,0.08564118697147585,-1.8105831140806197,-0.29683743958066183
560,-0.5094122357494675,0.4889864151939458,-0.09469699818724547,0.08717290775458506
6987,2.0612342077370758,-0.8583521617961881,-0.7450401912970042,-1.002319091410363
3073,-3.604496319818672,-2.256306460691285,1.017664449665947,-0.15166851676975143
1596,-2.1399437034525954,0.20055433217438828,-0.8615391661925506,-0.913192127385378
6983,2.451016819299987,-1.9959295213061203,-0.9095492474130189,0.6306237942897339
4198,0.5678054975610689,-1.2208820430537706,-0.7770724724781022,-0.6247488354956258
3709,0.1239854626345359,-2.241794125206238,0.4328842322990493,0.35186062294163367
5142,3.9644479229299066,0.670533901515918,-0.5498224776594456,1.6415575955911632
5456,2.692532351188429,-0.8522737645645269,0.28311336533661197,-0.8152942830069286
2273,-0.7241603003580636,-0.4389023401552813,-0.09080137093259161,-1.894204211696318
1776,0.8583297117008732,-1.1907352109014924,-0.5754988503274098,-0.5589569506093072
2588,-1.502786213730604,1.6596588026792318,-1.8260512295719395,0.5994111526143724
5231,1.9367651931253786,0.7726831220287923,0.5144843455790516,-1.1463385354280164
100,-1.630631912058037,0.5540401143707137,-1.9986726477738543,-1.456183227064985
4679,0.5867682562205997,0.9966709201155768,-1.0385256035162869,0.8182426550666371
5627,-1.4706610631353811,-2.4721056266809707,0.3681500218809059,0.15509533981701723
5350,2.558294798948576,0.6916870385882923,-1.046312072284444,-0.37894937617906277
981,-0.9699854147239844,-1.3444934029974738,-1.8052452527174077,0.4161538349211548
6084,2.0600584844124237,-1.1556935832897892,2.544123899673839,-2.0385067039687654
3798,-3.1902629849212327,-0.44431878357261245,1.4950932785746063,-2.232353874436189
5915,1.5748621379961438,-0.196864716218237,0.8002302723358861,-1.119548348681585
5207,2.279574864399968,0.769179603153268,0.005786211063889931,0.4874314914399512
1240,-2.120317283695798,-1.2698534998280788,-1.1607144492456893,-0.33729567056054466
3205,-2.47542044065316,-0.5734949900443767,1.0522818888812135,0.7153425189966673
5035,1.203530473677083,0.44267545751774584,0.986908711302892,-1.523614054606442
5942,4.629622494432212,1.1658947409336702,0.3257853779932845,0.6755981871900447
3331,-0.22742894134162375,-0.3628028933722327,-0.5946045292749981,2.0465268667246312
4754,1.059163066990456,1.9574025887393685,-1.7917805167014715,-0.7434559794816016
2068,-2.7460527581178953,-0.08489871789431737,0.37188042753935574,-0.32777516580962085
2820,-3.007195679795866,1.5877961468570445,2.8483026607842867,-0.17673506542756648
3501,0.5306134660984381,-0.03669809947869436,-0.27347524071928225,0.3465242420725014
6294,-2.170732763805209,0.07130495188637166,2.064240830693261,1.3321124753120512
2039,-0.8123362476568509,-1.2182705793593718,-0.4753217812641804,-1.4385882973338864
3004,-0.7519417240659939,-0.7516873810955711,0.7330662733148294,0.09440210734128772
2949,-0.6488613487191259,0.8189563706825909,-1.1917757523658674,2.822109418477299
5491,0.8475249648776376,1.7630774978849482,-0.3593186692782157,0.507359559399161
3242,-0.10968744405562146,0.9571213144473392,-1.5972945205807714,-0.3484529408562683
5770,1.4918350945351262,-1.4932147134141887,-0.25427741555953454,-0.08314194453549834
6133,-1.055680825759313,-0.29710613409562087,-1.7771458035393062,1.0532402932731677
2624,0.46127705403689895,-0.3241147064004985,-1.63199900837685,-0.9086646580797254
3259,-2.806860497489174,-0.3574998448344593,0.36336075746435065,-0.8600482726942139
205,-1.3802967861452715,1.095515672217539,0.7014411315830149,0.8248547846592104
1375,-0.8483264857109193,1.1875921030285823,-1.1408473197026703,0.15453241446618074
1006,-2.825309401601856,0.10213288246810394,1.3798837442520488,-1.2716817348053011
6040,0.9283295875946979,-1.4741427098345854,0.7546819398875647,0.545947257048593
1847,-1.5455701712715835,-0.46099047317278197,1.028004431338087,-0.09286067934612613
2842,-0.3818757783873282,0.1460476715973502,0.7340339868961413,-1.3816900590973362
4253,2.3496263218617783,-1.5810782755485786,-0.6654603375528919,0.20128212246740845
3341,-0.6892735160166157,0.5517456720603631,-1.4249873141424307,-0.41867251319329873
6187,0.9753575831737987,-0.3652557777221759,0.8991893711358733,-0.08788156358854479
2216,-2.1166666140768977,-0.9872197403449275,-1.1990927628066865,-0.24652780308499067
6249,1.9970017748321942,-1.3271592178298806,-0.9584733802168555,0.16950782551969207
2379,1.6965900544186896,1.6880576666032576,-1.7377954533529476,0.22028358723114563
3420,-2.018620669381705,-1.0600040465515075,-0.559677614210317,0.6769117946035836
5318,3.509482862902266,-0.3373648046386837,-0.8118902349034468,-0.4476472521109913
4683,1.3161940184957743,-1.6049662133738647,-0.2414471796732985,-1.5763599328974451
4317,-3.398000179829027,-1.2332020571750173,0.4351140167720823,1.4105326133342206
6764,-0.811540088797959,0.11082703862215225,0.413937807313356,-0.19450604326281137
1630,-1.4408151015534094,1.5769263341278714,0.20504417195738833,0.06994234059363984
3595,0.08296573023865672,-2.126028769022004,-1.1986911389993848,3.286609618335355
4572,1.6515257629368711,0.5095199293988116,-0.5364411948300652,-0.5492467658400093
1916,-0.28076529759662416,0.2083690785668923,-1.871577727789328,-1.1191754472823008
2105,-0.4775249519419749,1.838841037249493,-1.0805725446652301,-0.7566862543263485
1352,-2.857580502230717,-0.8107591822213062,2.0389837938822186,0.5807132573838301
735,-1.1986336801905055,-0.9861935928792417,0.6579204415356251,-0.6187199246940491
6049,1.7007614141019343,0.37737046529323226,-0.6326393190052441,0.23803531840733053
894,-3.4686587129739355,-0.020618301246069923,0.08265426090881484,-0.37596599316431084
2733,-1.106228504775566,2.059255057097642,1.154970094574081,0.44772723790179564
4937,1.9450047132629513,-2.2070988138315406,0.1390462745092154,0.29141927826754405
6256,-0.033676496119094304,0.5308834292113734,-0.25190890099146435,-0.5159490164343588
646,-2.3155752700631673,-0.5496838221205423,-0.8819436562074698,-1.232504820089948
2186,-1.5750083233872751,-1.0499970178333093,0.025848658250038452,-2.3281616966847056
4405,0.7166360596055737,1.6205980002415614,2.2188415755676822,-1.8301691891058145
6309,0.47244549076905745,0.0901886007909489,0.5827762249143384,2.1959227826404684
5239,-0.5917249772735604,0.7588973259807047,-0.4775057270047455,-0.48937413014558145
6898,3.0778519852532162,-1.2091775918518992,-0.003841848559198302,0.2638053882039078
3530,1.2601791837325351,0.2002575578715075,0.23467283532262606,-0.6633046201890872
1650,-0.13342609780517006,0.6444794023736177,-1.195958241429178,1.1898473067563395
680,-0.5803757070973607,0.7951826225085801,-0.34869384874877263,-0.1884919700106282
3868,1.4469170796525916,-0.19696496814631295,0.02881321090627213,0.5501182157451416
2755,-1.1047312849749997,-0.30604330539741714,1.1093589856330368,-0.6197453088925813
1296,-0.6126632458395097,1.0579409361889536,0.4569174472541295,1.2509790488761663
6548,1.3362378026287742,-0.31071199479276235,-0.10978886721056098,0.12137091033540406
4843,-0.23407891917205553,1.577921099873854,1.0435467409697203,0.4186293198707002
518,-0.1287807745940139,1.0968748859605209,0.9140982564937323,1.7655099348269676
4069,2.3125954636159705,-1.143081769912729,-1.1823589746632397,-0.5809159173133754
6555,0.6191539865203218,1.2759784657894477,0.7178201098172009,0.5326172376901857
5774,0.19015055027992886,0.20590542932557637,0.4080987411338638,0.41850024945937514
3733,2.3397586683502736,0.7048452049827783,-1.30806744736174,-0.9072351935871096
1448,-3.34203994354059,-1.1432739222468755,0.07023523665440946,-1.3736887125545902
5450,2.5250457929902024,0.4801895344677142,1.9905850959144742,2.122810544364173
5662,0.9035795234767124,0.4233825768460072,-0.6552451320635589,0.8527327664474142
6626,0.40820455776761233,-1.3725510838352342,-0.7255953999137829,-0.7985490790734135
5221,0.8350615942880211,0.9765441325347144,1.5208919575196604,0.3785605596068776
3376,-1.9686229439500122,-0.08433222019604068,-0.7078049539645694,0.5682253953053222
1796,-1.4388426845646376,-1.1481777806238982,-1.1866315997932564,-1.0660894627436086
2663,-1.722587970570668,-1.3268332012840045,-0.3373630017592078,-0.5788082636755383
2247,-0.01740654588000656,-0.33249768322850115,0.7559646284695675,-0.3007115045346068
3692,3.72084949717209,1.5586036159298173,-0.021673271373347004,-1.1857442706588672
2695,-2.4688155044656863,2.7435356358761798,0.5420892627319143,1.0896041091988802
3186,-3.438313222554701,0.1108433972754744,0.3770809128625943,0.5747908979808066
4086,0.7374101476660702,-0.26807001588905377,0.299186571284519,0.5866385675009957
2718,-1.0152212419206477,0.9991314851746037,-1.0088259262257147,0.5658359585408489
4557,1.12887112422365,-3.4539505455769897,0.0007932230698157896,0.28578153305206316
16,-1.0508810860320494,0.8319857088301804,0.46222927065378666,-1.6963866576379
4093,-1.0938337634489417,0.02644211674458103,1.2381897572083194,1.7410048952675994
2505,0.5686402170834844,0.47391254940931593,2.6758824187439503,-0.13110222287742881
5817,2.0572532750257913,-0.15184822671350492,-0.6425494166975227,1.3545227218831581
2237,-1.2539710449366346,1.4757914048608725,0.45392187538937556,-0.1476237987543404
6938,1.7387983890819902,1.5530673400693278,0.8244848558448046,-0.9835026728283608
1061,0.606214330987905,-0.07795186340380542,-0.9464345731376028,-0.41363499199340825
2067,-0.09414176268391675,-1.3758765839555687,0.7866574607005481,-0.8380580236395491
6715,2.3815778065014395,-1.3912813644110387,0.49602674017387544,-1.25757294080308
2363,-1.1916758585845453,-0.30485109774201335,-1.5971591978301252,-0.3618381918211682
1859,-1.631142044112045,0.4370273160300418,0.8601441780679755,-2.5268035744467623
190,-3.633191216113741,-0.2959217104437005,2.3267486810575377,-0.8306792704206291
484,-1.617480435980825,-1.0035678388277778,-0.4802058372551895,-0.5597533777807252
3163,0.7511535596439424,2.1361385637594505,0.08012490063502174,-0.4167719317920523
6193,1.890270154488345,0.46338043888439145,-0.20949639232042036,-0.25327856960448425
5566,4.21770042603901,0.9811883455530086,-0.7450866614351621,0.25536883507857766
1370,-1.3267883862170367,1.5904935312637047,0.2919671220301602,-0.23146248301701827
3979,-0.7230404026903922,-0.1516156072816046,0.4914215351543725,-2.125479254942357
6339,0.1325212198155837,1.8210908916497104,-1.3466258775649544,-0.5628224163476717
5228,1.1111107043211361,0.2326079256259041,-2.2367268837715777,-0.9409097152883449
6072,1.6636490768512018,-0.7312846942098272,2.530317713592705,0.6275114156072228
2378,0.157889481035321,-0.12368959999817015,0.534414519561987,-0.9634101735375169
2472,-1.1096402756450314,0.7615956282021674,0.9366608859855344,-1.405897343252288
110,-1.065221612722596,-1.43112244135528,-1.6366107455245735,-1.0998331498815104
1055,-0.38734484411691955,-0.14364900011041637,-0.9814919674559859,2.3536308070657346
5069,0.8976598205733992,1.5578922746799604,1.274967192877406,1.671286783200306
5513,1.7780765785425652,1.7759705170953632,2.6189064466650636,-1.4951132069065536
2354,0.41725865820701924,0.11983449075135168,0.8397041628533101,0.09732049648352092
1601,-1.4401365396354848,-0.22460316493968185,0.10082921021623899,0.41726565372824476
232,-2.8035052923163137,0.09124588109264115,0.13621839120813217,0.8460258133103795
1248,-1.6747466557065709,0.1290304929666414,0.7584464351811807,1.709569037361902
5733,3.8148916915149487,1.4963042150842727,-0.3609583490958582,-0.48310602158347393
1840,0.11120019405482523,0.4968636116900707,0.9544860965749837,1.0596139168338277
5002,1.3833436683161815,-0.32315949794440757,-1.219357909509808,-0.93593821875018
4546,0.7283436644343547,-0.3070605492812416,-0.9921748200659926,-0.5611776499288276
1914,-0.1232815372880918,0.8023220642660995,-0.020453810990920362,1.27012900013628
6348,1.5763186808700924,-0.8793584754203012,-0.7542286507287327,-0.36212659274916387
4589,1.3464213677514234,-0.9556283113479004,-0.4189205039240703,-1.096818767358204
4599,0.7458715134595135,-1.1542470502093842,-1.022713565936173,-0.7653747527230584
4058,0.0895591030942414,0.32684753897494906,0.18697547471013695,0.7248178651326708
933,0.26374315693636796,0.8818688780014164,-1.1031314992654693,-0.11686560682732787
1045,-2.708935559529931,0.9324821957874666,0.3711072689543698,-0.6659130044465171
2932,-0.21082874995760267,0.16089373967017084,1.0861633106856168,-2.5886890443114825
3807,1.2746462233354525,2.234922498580913,-1.1346669909439784,0.25304852893263496
3630,0.8642889061137701,1.6331636528888445,0.6134327517276289,1.4180167048812442
37,-2.729561890436413,1.2580763076543662,0.749434969432917,0.7575396352816407
1560,-1.598326222189917,0.026734983281141173,1.09899250649657,0.48066851973242836
12,-1.795599108222391,-0.43129401778232324,-0.8594786784980162,-0.7432642235670822
6401,-0.025319097877219407,-0.936901988501616,0.3363264948824791,0.09669358584703837
5863,-0.3967578288452288,0.5676104785728255,1.0043295228878237,-1.3539364928435578
1387,-0.4817877262794863,-1.0077328361523077,-1.9895382281169056,0.7166954051983532
597,-1.5317607974037535,1.0838797297869387,-0.31986757571211966,0.11966056046524545
4401,-0.5584700620901583,-0.025425801114448997,-0.10138541658200385,-0.988758664883236
2720,1.0937241554607973,0.4927280908414146,-0.07080429994543976,0.1531987137936491
3044,-3.5097860341538873,-1.2654717364005,1.2948702643071779,-0.4090410428451969
4479,2.1642060820814546,-1.2798551716931474,-0.2825628502929484,-0.3638667522301843
1021,-0.2759698153642965,0.482662311874815,0.9483358863480809,2.1671449025944964
836,0.05515890069815952,-1.2376478447147596,-1.0178230590764596,0.9427673814251871
2501,0.11540594541946976,-0.4840122017758772,-0.850386188563183,1.0945926701797737
2726,-0.5234639506710902,-0.8642238846119041,-1.4523312029853563,-1.7291614813184517
6917,0.23894700073672837,1.8687229003960315,-0.3148199365674674,0.5036440341456884
4893,0.9721023412927216,-0.6755029167787855,-2.13243778215046,-0.4378405787853153
2578,-0.08320879533437404,-1.074459013582991,1.1304743427081798,-0.07354567676517423
5937,2.300794446394327,-0.2707762742467923,1.3941638769524918,-0.004032375600053205
2497,0.5480033242928286,0.49694853471033895,0.27486958304766557,0.8044908699436388
6009,-0.48993462678671196,-0.6170102189513113,-0.03865323035291934,0.39667339117883765
1963,-1.1793461926045623,-0.6572912550655688,0.45897561887132926,1.3649177574320839
6876,3.143391637047949,-0.6305320409047768,0.7229367750235738,-0.43984618929774716
104,-2.1299891394146417,0.6074737448724075,-1.0345132784764024,-1.095294723294222
1764,0.44177451703627496,-0.3493934868156871,0.8839655240491671,0.31462107983963494
4496,0.7759229913145945,0.46186977592302947,-0.008142837333464017,-0.14156411235551658
1134,-2.6781383135168646,-0.08553970295042547,-0.9956515953787354,1.221089355619448
1268,-0.05865130264982395,1.8971381742790145,0.2714814845639526,1.3640157015453733
6333,0.8623804554926859,0.09054435319878094,-0.408247437166258,0.1769958873469196
3671,-0.464281946296775,-0.18631063881921936,-0.6055924004549058,1.218217358263604
516,-1.2408594234014947,1.434476327511114,0.10408427785264093,3.070669086128001
3461,-1.6154909694848796,-0.6069879768829356,-0.404916644750413,0.6621597608219629
926,-2.3162628420900404,1.415492430648642,0.659294529089245,1.3874194353164406
2909,-1.070522718988274,-0.615204619809915,0.6844767998786747,-2.4582404119447774
4494,0.601021420894869,-1.1654891947063926,0.9949779481730358,-1.5372464545854692
5435,0.38387893788536825,0.5141853266918758,-0.09667471503792653,-0.84216281624641
5492,3.080246901244165,-1.00265821347326,-0.3596106031423792,0.8342112028345348
4398,-0.7862826611673359,0.8305036897664606,-0.4298058748364652,-0.3247981288461177
4774,3.015252825696783,0.21944524466340343,0.11597749153052488,0.4540416977900762
4306,1.7269814166743185,-0.43060829338581563,-1.186457993461653,0.475940683449416
4555,-0.9159488189878741,-0.24315621518774894,-0.37036162876131296,0.7611424119188852
6230,2.216852762116034,-2.2990653063871793,1.5429294437571095,0.5395172191476085
3264,-0.36318109822410277,-1.2796304703884525,0.9590139998095183,0.9956446890457096
3285,-0.2717548889944868,1.4540230491457027,0.6758449918379097,0.4566347709502487
5420,0.3326958238927605,-0.23096157000423181,-1.0774269790874824,0.2920812997678422
1966,-2.6211110465345424,2.549140920841403,1.7492236886392938,1.9058042337719168
5476,1.1702268434267225,-0.9776905358046204,-0.8301982021730853,0.3645666357489159
4286,4.536106002410891,-0.8479529672900991,1.4337281528380192,-0.5460110650964055
3553,1.979644211708105,0.3153999742417455,0.26163997522937227,-0.9634081671437891
6527,0.9003911798823335,-1.8516527452534888,-1.7115555023611961,-0.9118278219819623
2735,-0.8788527273481754,-1.1603253222375844,1.537449148681978,0.5777043084481941
678,0.42030259669605385,-0.4749089699303907,1.9650473952201863,-0.6681784522976053
5335,2.642065349974642,1.3699012148486134,-0.2540629213902796,-0.10157094849295001
4390,2.0336845527048313,-1.1638188393487323,-0.03845091433720575,-0.8544514124942189
1951,-2.346209259101223,0.36751338496867786,1.3206162311830578,0.45463563326172296
165,0.33476782280008516,-0.5176605662382496,-1.8894983369147855,-0.814933986756149
4265,-2.030547248577926,-0.8449427363556398,3.025103236540034,-0.17959722950164966
5473,3.719781748249809,-0.9112986161203266,0.36593991076320737,0.5581743179508709
4389,-3.730399525499158,-2.0110930253884414,0.7387766361210669,-0.16102101003542274
2032,-0.5616081639142894,-1.2594348812308427,-1.40320814819912,0.2268185450813971
5791,-2.357350839235828,-0.08726997330350948,-0.32898950297590723,0.8637668120151589
2550,-0.08725242005549737,-0.8077496906546177,0.6987529475256835,-1.165810176244137
3990,2.6719013794904796,-1.6549869477038102,0.6289830278170095,0.6474061795202641
1606,-1.236413364601471,-1.7905675883854055,-0.12328920081371865,-0.6736607372749555
3014,-1.14687384377416,-2.783986976913702,-0.18421289231563928,-0.391079298960763
230,-1.1250728446807843,0.3101020119083345,-1.5447874549864273,-0.9154819390610092
3705,0.447223525486977,0.08071169789246906,0.7438551551176205,2.7066009323304825
1845,0.1490476839177379,1.0134703644498064,-1.3231211574765924,-0.8432340168501122
1495,-2.5649971173216133,-1.14956781376,-0.825809827276252,-1.206796334656173
3456,0.08819193574827967,1.2557973237387299,-0.7174540513155463,0.17538540405891226
3830,0.0380452455033175,-3.210694899491686,0.6784544962300494,0.22369046229258524
571,-2.2593673505151552,0.7977785245252444,-0.9562376056336224,0.8533172110896323
6567,0.6780202263313567,-1.000474551043437,0.05602464656908704,-0.5830169591000145
1648,-0.2782228141173882,-0.2807350893947435,0.05701386427191423,0.5712349038175248
6762,-0.562011195789884,-1.9487597029128958,2.0533799232963363,0.7904278549761788
1926,-1.6202492016947332,0.3627666675810634,-1.78177913700417,-0.7368076977848369
2586,-0.45497615838238836,1.266509358464922,-0.02900999211156753,3.1584019060978363
3074,1.1525330547671304,-1.3547684774097235,-1.2806860927353192,0.02164703124742955
6907,0.036429136621359784,-0.28338764542131795,-0.8541996196905155,0.10696894420476875
1850,-0.16298665413901595,-0.36310516085171823,0.44282889783730045,-0.8839365787701617
5155,3.6809495686293423,-1.8669069550382964,-0.5694467838187556,0.8766789457633157
1300,-3.4587351127598223,-1.0245275106163805,0.537753774775506,2.231877878612169
885,-0.8023959658157255,0.9256886556840017,1.778831020240197,-0.4244495171318196
5143,-0.30154996455148636,0.05147914621539725,0.2875585761844714,-0.16323414512277287
6558,2.096771362654062,0.001790850240418052,0.9019833820736913,1.2859568035860298
2308,-2.3041305748070844,-0.06358715514065977,-0.43623169829408387,-0.7983699962964
3502,-3.742507915003463,-1.427027953170905,0.8418984790641302,0.5978933534695804
3555,0.4039180849704773,-0.8476339036294397,0.27213389224217416,0.4115726534081167
322,-2.4432783324919036,0.5644596703268758,-1.1663464690382392,-0.65588487385953
11,-1.1778538849014821,0.3899703603559715,1.3720650849243523,0.9481342987344864
17,-1.4147408684903258,-0.34391656817224164,-0.8629310739969919,0.487196159643326
5088,1.4142747538555516,2.1621878849160647,-0.8385475698857994,1.4876148046180382
5576,1.1355448140829472,0.3039365725601178,0.9662685727177329,-0.03589890007797742
6436,0.6995790580461075,2.1330749525584407,1.6403478282645696,-1.0539135840717653
4099,2.0991473523782207,-0.36423295825149243,-0.16370806949889075,-1.3996504878942855
3126,0.15738842769790037,1.8608025113924271,-1.8053983951197958,-0.3729046024161756
2155,-2.1451616972895153,-1.5228478196241655,-1.8100638215072122,-0.05034102930208313
5122,1.202999645666277,-0.5990866264504547,1.3134447863684773,-1.2930104151718338
3258,0.8435843821545904,1.2688872916942684,-1.7602429245215012,0.500894782584914
3080,-1.9635856318294054,-1.8992114096281008,-0.7074810417480905,-0.4819691679706515
3779,1.7108888202883936,0.07733564722290898,0.3674391543491276,-0.298179235898997
579,-1.8823486761356794,1.251314914059459,0.3865867184032503,2.060460755029742
19,-0.6571599045603008,0.6617110607548462,-1.8416267650942924,-0.6159277565876088
1395,-1.2806202756976917,1.9056995039839013,0.2581337253222919,1.166677496222891
2901,1.5481340641855945,2.2464484264926488,-0.7913872860882764,-0.10172181624286937
4545,0.6322204457816255,1.587897103845465,-0.8316030712274434,0.12604550511134952
4161,1.4406848451736476,-0.03140544947957922,0.9274283491407475,-1.3112237666547406
5486,2.114782765221399,-1.311746248679639,1.0522913363671464,-1.5753299533647733
770,-1.1771405631297196,1.0709401730046413,-0.9397850789975037,-0.5479061766171166
3731,0.880334145597815,1.8571302497967808,0.8443717019168012,-0.07355504688875658
6840,0.18356344504193922,-0.3821635470833533,1.9977875028016743,1.5420658514133914
5297,1.9548184170496703,0.9704666868177153,-0.02385659517481283,-1.4397992358533938
6883,3.5387397072692557,-0.39467409367471806,0.9251677789078482,0.2858699425416507
5130,-1.2617467807216132,-2.1422117520676496,1.5091124129439248,-0.408294699405356
494,-0.6327828068154553,0.8993974686887135,-0.9542285617257642,-0.7641406760031779
5646,1.5931228136736195,0.146961384386068,-1.2890657172707563,0.5415485542125578
2854,-0.5954102375174977,-1.084866321204327,-0.865872497209191,-0.9693280061432408
1094,-0.7124901918856791,0.9679015050624342,-1.6137883976131882,0.4655330756954986
2796,-0.5448610632424569,1.3773050309290717,0.5492766419173796,0.5405618388488331
6384,-0.505238907190449,-0.41824906050296967,-0.33275758944773587,-1.1934851510916793
4757,-0.5260356694674703,-0.7319318025700196,0.2106139924067101,-0.8164424998381558
5323,1.9954994935896178,-0.7460392210074693,-0.3612959259307051,1.1094751529316538
6460,1.7657689350088184,-2.029288949873449,0.8810245930663679,-1.3011236808002136
6816,-0.08861997023414989,-0.7302762275304282,0.8731240329555301,0.9444739074401654
6637,2.171236495097797,0.5612900274962264,1.085519447995374,1.2018238465442068
2785,-1.4729926224712326,-0.402875339159546,-0.7967226641820113,0.3572863869455732
2963,-2.426040502435693,0.4286646480180572,1.4923475451528199,-0.16475887193953936
2372,-1.048956445114603,0.32338543126926417,-1.160563290116214,-0.7596908921552022
2318,-0.9793799597346563,0.5300303942206851,-1.1276449609155332,-1.2171592043964565
86,-1.6069666329234458,0.39397178811500516,-0.6535890909795428,-0.387332408489242
4082,4.109346179708474,-2.632008701023005,0.9852006382323318,-1.1594204280185998
1655,-2.0892443289278106,-0.7365639259177639,-1.1758270176723455,-2.2293310360607324
1724,-1.5122508308575768,-0.7793262293385133,-0.9435899342440028,-0.7179110937259356
5738,-0.34081318590187165,0.2761560838507243,-0.2769255417609653,-1.352550205385082
2264,0.05633319525683821,1.3634540031731501,0.12938712388304577,-0.5492737633704895
3100,-2.8391205154777763,-0.6571492884032331,1.468954263297111,2.375820953911266
480,-1.8768812062994695,-1.0233850833594973,1.993284171011866,-1.0509317193121364
4429,0.1885801983494928,-3.481903117755387,0.7222522489513599,0.7808072399207354
6404,-0.08383207248679128,0.7167894897624251,1.3968229938572223,-1.5802332399090278
2204,-0.14878580627741247,0.8646278471108687,-1.597957801955284,-1.3926123398694668
4642,-1.061922252500306,-0.1863843714519166,-0.8555484797209135,-1.7437830707036557
5249,0.8758165761436723,2.3754445920365135,-0.08978916308802966,-0.6062197935912552
5154,1.1565391162603884,-1.1412745141645741,0.5007087270831573,0.549315434548847
2139,-3.1243792510631687,-0.385878404103206,0.17711715998737662,-1.3026396596078458
1044,0.2693224825101921,-1.6411801840553406,-0.4240428443498624,-0.45376849011059606
5408,3.7778518885130308,0.9816841359153241,-0.12542095140522067,-0.26237179407569095
4897,0.031334765433687455,1.0550508388757998,0.1985813863425861,-0.8325347679846811
6459,0.7654046044103755,0.768056650634165,-0.8904313977134172,1.8396485778422387
2879,-1.3431627174567842,-1.3717265562799894,-1.133930700073139,-0.047710536584203295
6494,0.6244532004441483,-0.2804797537678976,-1.0508356586209349,0.3303171382028827
2226,-0.4679725201254967,0.18624808271125703,0.4422569503322265,-1.5490668327635837
2289,0.7325279214852461,-0.1959033013770214,-1.0628527554961988,-0.14445552773942064
769,-1.736966439042528,-0.34092854424251245,0.11067254116131515,0.7716410856551336
3,-0.7908047260874412,0.0015997418285603794,-0.20668830571698815,0.08497498191481989
6622,0.8864595730224153,-0.1833807918300654,0.961644902345554,1.2240178931885137
1488,-2.1151537893792107,0.17022376898485192,0.053981818144062575,-0.6475978513847148
1419,-0.3221711556308753,1.992152826118206,0.5362124043348696,0.2900839138348753
5039,0.7250972145450694,0.4285463674210468,0.501142602003648,1.2252704720716474
2284,-2.2039468244924874,0.8402105250186447,0.14845665104248387,-1.0119311528231747
1004,0.7722181436979972,-0.3889925378325874,-1.407079828452619,-0.3046105435866457
965,-1.3607718709427354,1.1924987018700453,-0.30773190315948923,0.9199820892959544
2128,-1.2315531101886181,1.9228071583581443,-0.3575041014304779,-1.1231466589010333
1113,-1.6646649152945585,-1.3797626872871274,-1.6715743696884118,-0.81874601517205
4304,1.1851335164057195,-0.8318595572459766,-0.8801868860104342,-1.1433296113187341
3896,1.1914281527100365,0.6350116537037039,-1.2121835738766908,-0.13637367307328516
6599,-1.8729443673572568,-0.8184656441921192,1.6253463263293855,-1.8158334024340241
4247,1.6022431095421683,0.08692817291730193,0.9329944536222361,0.35038132287873736
2185,-2.091448316949705,-0.446127431391129,-0.9605441831183589,0.2204414413178108
4240,2.0741854171433327,-2.10104416488853,-0.5027862482227232,0.6441560629466395
638,-1.28009265220706,-0.6549123054915854,-1.8604624149387703,-1.5340230594031552
3465,-0.15359570112440432,0.4635662795831874,-1.463443516661264,0.27228111546199274
921,0.20460803718761097,1.285626126973052,1.8557764476979295,-1.1790589425662699
1552,-2.909300830970833,-2.4615871892840335,-0.08775851545049881,0.32563563320497807
6709,4.725190855300797,0.26057841465215725,0.8837449128188147,0.5733224946930773
1967,-2.8691485662691014,0.6921517819301389,0.18762260778512424,-0.2845026956916662
5884,3.2855272431278855,-1.8105498465590049,-0.6855134776390973,0.03283397711314121
3631,-1.0235815328233029,0.09645181358623475,-0.00274507326764466,-0.3642988863628414
5211,1.9535790446816037,0.5653254259886122,-0.0018654090305267072,-0.3578073005983818
2779,-1.9302119456966693,-1.4786175084196662,0.5414931473710932,-0.27883100658014837
4784,-0.006296284116365655,-1.0354913236401562,0.11154848725505777,0.3260379377015978
5523,1.7655394992134616,-0.6058045697960596,1.93225830143646,1.5282154448039196
4228,1.244157439571523,1.2998674433143118,1.9318113452310235,2.160379590591439
6989,-0.16914137238898294,-1.0066651873131902,-0.7129057383081281,-0.6275634462189762
393,-0.8598405120948073,-2.3951459988494856,0.25759940275187165,-1.714168617131467
1634,-1.515715082103533,0.7636274340386292,-0.2604088158794587,-0.4032626428134095
270,-1.260937371651165,1.6156021635500348,-0.5216249218296071,2.4904576870728534
551,-1.3283781092492755,-1.8390455049275267,-0.7815250493007478,-0.671281167981502
1625,-1.3063955914510188,1.8280852376888534,-0.4933071119550119,0.48347465634515957
2954,-0.9569670586638203,-0.5153321475631262,-1.4449851775068203,-1.1293719789399468
5233,0.006729595054655035,0.5468458914892461,-1.677142584976977,-0.49738508981082186
3682,0.8819697548671218,-2.427843030406871,0.9147091862309362,-0.60266279716942
422,-1.3246447891394082,0.8444265111623349,0.6286349858243457,-0.41677064633315153
2912,-0.5566173566499054,-0.3652865650881264,-1.104408115360491,0.13999274065124312
3878,-0.4946244023120226,0.8154180905509615,-0.07465325918633467,-1.410240257235662
6180,3.234070257533751,0.6010394150076818,-1.4302580225056047,-0.7730020067449037
5518,3.6021982346428127,0.2167218761802908,0.5930237707586495,1.819340488665939
703,-1.172617161065902,-0.6384168240957415,0.6930499731022811,-0.9170336659845179
3189,-2.557306733223827,1.3459121129038143,0.9111331595984702,1.7772991228973658
2600,0.6291394470903222,-2.1568634252730763,1.0676059175815016,-1.3185538999700754
4443,0.4127155767592555,0.4160524131526177,0.5805353189499333,-0.1832815311965182
3053,-1.358821544473013,-0.8902987608992252,-1.2202162385974078,0.9716111661433222
5302,2.322520796744912,-1.215617746775163,-0.8052188015513624,-0.022922074659884495
1666,-0.8039801888402713,0.22136884696294634,-0.5135088703389713,0.5580911497282425
1335,-3.1309940937467173,-1.1785454727279845,1.2887405403786147,0.8028116804559889
194,-0.1934945496680227,1.7116564665924154,-0.3728739197086188,-0.7632650213957413
4146,1.9106002699222968,-0.891154856867488,1.0637019061899777,0.15472090863254326
3880,-0.233009580993323,-1.4541607774471978,1.1210892992936363,1.2653706712489343
5913,1.3057807540117021,-0.8374970571934,-2.0664581390933585,-0.4843494995010209
659,-1.1751102815587833,-0.5544414356186598,-0.45490856968583165,0.55024782117246
3172,0.7022375211333315,2.545051868784004,-0.024966539501081606,-1.4296051996807917
3745,3.0902532995936807,-0.39037480767817173,1.4398273670444615,1.4561915230903157
361,1.7035802307308554,1.358116417768776,1.3697446989530517,0.5817917595474013
2427,-1.5199616160171736,-0.492697346362566,1.2533540155217373,-0.8122154351750736
5319,0.22829960208733852,-0.649057359630035,1.75052935145032,0.24401858079672242
6605,0.48921717754583344,-0.8270973343584247,0.6672759721234257,2.5775236029714192
2717,-1.7724459684580995,-1.4021433301540407,0.05421772559303029,-1.30278509075603
1126,-0.46735924023488584,-1.457563978329221,-0.6635046167507698,-0.7241043261874611
2274,-2.2065268491040824,-0.31855789811033686,0.16304850139732102,-0.01820563149790534
1020,-1.1133151705432216,-1.8604149995340369,0.9058663035821477,-0.175734391414798
2266,-0.12924740983114602,-0.6359460148166487,-0.3963871941319279,-1.27367493774495
2513,-0.49103874278084453,-0.07317954714178147,-1.05471957969738,-0.6262171723147791
5673,0.18608602595107313,-1.0881583361804605,-0.7219342694801495,1.2767908808819666
771,-2.3562682892199627,2.5162990520419797,1.2986723391382928,1.230447061767407
13,-1.125991405070225,0.6045906686735333,-0.31752258151097784,-0.48959533018248474
3509,1.4021036492219658,-1.0081521388338026,-1.0934164588227284,0.41145449561851316
5778,-1.454749376878318,-1.5154660436933232,0.699248003896877,0.44188931515652907
5382,1.1132595495826432,-1.0672406654046256,-0.0899219543215993,0.9678652235324626
5615,4.034788115480397,-0.5994931837624043,-1.5009807058828946,-0.019405149887971457
2942,-0.6440144234692179,0.541671423071057,-0.443309919736991,-0.26906843745529696
3081,-0.42582038084865764,-0.041971308828342796,1.4549605719565915,1.1299134359298784
133,-1.0957238829430753,0.4342655215156429,1.551228423987435,0.017103701118299553
2084,-1.7934707196220283,-1.562895978823514,-0.10843020342345115,-0.3577976110140991
827,0.8353621698362521,1.538080391642241,-1.1717770786146586,-0.2792706283651889
2951,-0.6354247396490783,-1.64854880388338,-0.6924219099296673,-2.2330986501647843
4065,-1.3033977988548149,-0.6645821342275668,0.6978062038808276,1.6035350299657214
777,-2.253389090782533,-1.539168424391895,0.17446879363045098,-1.1015077515419247
661,0.8557632442749262,1.9760827023627736,2.766244483212389,-0.21016836166612637
3026,-0.4469746794276148,1.3018783094858637,0.07936324340231611,1.8966680187266707
4269,3.181863062386786,0.37794365346398584,-0.5216537228070637,-0.4073590278418189
5697,0.47783555531537025,0.3206255945743461,-1.550462676596649,-0.07261386260198105
4245,2.167268486858686,-0.8614698082239962,-1.8354493353340546,-0.351070070094876
6627,2.120439370640668,0.3143712264843569,0.7714336314822724,-0.4895263861532073
622,0.49527642948720724,-2.120048775174217,-1.0045798270844133,-1.3012333150016282
4475,0.3437593124214432,1.1630951275859174,0.42441200546124996,-0.09087348396576041
4706,1.9056675429764152,-1.905373415230529,-1.0584762927537157,0.6299043833286598
227,-0.6537671123287865,0.1505949035009436,-1.8816602649280056,-0.29566645631036886
1030,-0.7432206340511237,2.042528480454341,0.291577449515239,-0.37667461209650405
4507,-0.4077774117665519,0.4613734257389524,-0.8395269463741075,1.8026720618673038
5303,2.0025442024866362,2.1547639060100665,-0.8211534834939557,0.6433142758170345
593,-2.263169690794672,2.250429921152303,-0.4610713329947691,0.918054505903736
6097,2.187868762977496,1.7015408595818886,0.7252235174954619,-1.406759053569138
4410,1.521054068067939,-0.07049751965278592,-0.2652847109176844,-0.6029109914093668
5766,0.16100838052836075,0.041067341394279255,-1.0015532365429765,0.8355858596951606
4613,3.2139717972021997,1.395737537707883,0.3197164410680797,1.4123284968923178
1922,-0.6300540440373618,-0.5828308759864462,-1.261130198982723,1.7764889002568596
443,-2.250806171051297,1.0191102484052057,1.0550050305722276,-1.3956633735559398
358,-0.19321544643862673,-1.0966781954336706,-1.169726242052683,0.06596541425065923
6129,2.032435350858892,0.23271047106049936,0.20224416929211647,-0.20718557601368404
1293,0.41191887196665544,1.0183760857992263,-0.5860092095677026,0.661580770809127
998,-0.9407987516184868,1.4199860986841395,-0.8031977319920437,-0.10935662214142096
6335,1.636042068392109,0.7931927968474868,-0.5097650980364271,0.051628150561168915
2332,0.8592749185773396,-1.5018082272351143,-1.6848482949918144,-0.44275893547509043
3078,1.9537384073519504,-2.14558798807378,-0.04814088646768455,0.6996383538043489
2886,-2.9288379071885338,-0.3058333305772658,1.1408359267862505,0.9605564012234219
4814,2.9418413614361976,-2.2229501409169545,1.22115590098388,-0.498441454271434
2006,-0.15877939553822423,1.2478168205724454,0.2523044826950238,-0.5876017862499505
191,-2.6120580732975838,-0.6539519939447612,0.18294319572520176,1.4180390287986797
893,0.9774879718690807,-1.0286174733121096,-0.20006353860198142,-0.35516249804829586
4184,0.5121630621261403,-2.277780021550098,1.7922489031247757,-0.2782638496050507
2999,-2.4546495367819623,0.15859186619922327,-0.2956982136483443,0.7837971132564835
2451,-1.046880669939014,0.24154514050470452,1.1658407510112094,-2.077373941324723
3504,2.446722643673052,-1.5035786112278877,0.18561298687471897,-1.410091978498114
3933,0.9581146780295752,1.2766454581411308,-0.41901731266152564,-1.5292594955845165
6513,1.5510154797509326,-0.9895614898821938,-0.3172916721567072,-0.11138134676684709
6732,0.8552679155708125,1.1264866640228481,-1.1220631002506594,1.729453761316296
4515,0.2480177020339936,-2.261175576827851,-0.9276563732730622,-0.4473229879765915
256,0.8480801343205149,0.7788832114933455,-0.14352821320656717,-1.4297502480848778
6122,0.9670932091204868,-0.8965051003295642,-0.8315653300547723,-1.7220204053426285
3991,4.5390923796278075,-1.6819390714891544,-0.6629161293257064,0.09014342400432901
6273,-0.08395301183756189,-0.20297753767654989,0.3145727395812237,-1.0998519388344885
4637,2.7850219684977335,1.4203550866182526,-0.39465441435195453,0.3926747150575037
5170,0.17832666681031337,0.6629441025518914,2.2971219526133626,1.6113612312185661
2294,-0.9932504706027271,-0.35144281431669255,-1.3971631762513037,0.9875553778631986
1832,-0.41235640483552416,-0.8785878587026992,-2.3906384433669072,0.9312182428911572
4052,1.0505919301513127,0.12234967376652478,1.1728822300848791,0.6162268355546402
1037,-1.0206022552421157,1.7925896539227688,-0.5684143006849125,-2.070185876380252
471,-0.5330841706747971,-0.21003015353356988,0.03498445528562934,0.0896103311076575
6692,2.1527986666991854,0.12153685027368936,-0.2118909685650475,-0.4784847659007999
6047,2.25015138630873,0.03033417724948715,0.7471304746735851,-0.5935096740844751
759,-1.4090372386445662,0.9580167355944395,-1.784071241600758,-0.8465713142329008
4817,2.445201973721109,-0.5759309663446909,-0.6631547746096216,0.056264294426246586
851,0.46608378068608813,1.5511045277441124,1.4565982387898069,1.195554387524941
5136,0.7099912375452232,-0.04486590203409606,1.7013197223859622,0.6756664956684293
1364,-2.752690422826385,0.7276079791477776,0.3989699443414545,0.5479854082415068
6549,0.1064956070894682,-2.2679532940285347,1.0973547319121713,-1.061766017332612
4032,0.34547720371936197,-2.651855246718257,0.7984431977307085,1.8188505851469836
891,-0.7975590277482149,1.5197414492095893,-0.4807345383460203,-1.1668885936644706
4320,1.483540339548826,-1.9063357952347209,-1.450662100913783,-0.659144441128527
1715,-1.0766850810205508,0.14932689573975172,-1.081585768462656,2.482015773954861
5375,1.1142146981025258,0.6491556523268133,-0.11618731529677903,0.00943207452394042
4446,1.5556980744054223,0.592021537969461,0.1971668709305182,-0.26625476084143357
5361,2.1691492786705955,0.295544683115736,0.4540883055181779,-1.1010553531895502
2147,-0.6159394529133698,0.6175300096979381,1.3134382479461446,-0.5217243983889069
3946,1.2412008345292644,0.3098869925576798,0.29707850737782493,-0.7687238738852042
4984,0.333376682825439,-0.25420595026290366,-0.09370758729983691,-1.9041724321995115
335,-1.149982576463093,0.06844115017032655,-1.3311519594293475,-1.5009792203489918
1121,-0.7136560184835168,2.5118023913535463,0.1356381325679208,-0.6113302026934375
3522,3.767758828597954,1.650193020951984,-0.7061613027361517,0.933335131593008
2088,-0.7206500673228382,0.8209055217325997,1.3216451654301524,-1.1390014924182952
4214,0.9840684081095109,-1.855750522050776,0.31805137555228996,0.21109109171413515
2313,-1.6641854761320907,0.03710880519199004,0.9673011102925262,-0.9369082737342891
5564,1.5515314400805795,-1.0617502178458815,-1.1934776203994748,-0.6757399897987596
1789,-1.4113694597393698,-1.021292434744743,-1.900652171165163,0.9336839472032219
6763,0.1369945532775905,-0.5050038211085673,0.728869346510865,-0.15367698786462014
4299,1.177566593416654,-1.6044924990500415,0.21380675106817512,1.1086282632775792
919,-1.38165257639293,0.5621164695244696,0.32363374229443936,0.702161558455194
5741,-0.7448500721087679,-0.0784540142652011,0.411545729060256,-0.8060024509552463
2579,-0.33846070386422245,2.303111282486334,-1.6525002047657025,-0.1366931367574638
4741,2.1242465202634895,-1.53521851865221,-0.5901385471184042,0.2371872439913272
4837,3.002306174403566,0.3357716825894928,1.5152118910547796,-1.4536436607010679
306,-2.4093451551969065,-1.2516117647618463,-1.165567075655701,-1.1134561721390641
1249,-0.24951028057651128,-1.27651383450231,1.340693395068588,0.6177634989625649
3463,-0.8441719283432022,0.8045619350159121,-0.41648068501561014,-2.4035091751830873
5737,1.1022426566039396,2.1776039539363734,-0.846155668253359,1.1409913561546772
2911,0.6290625849886929,-1.2787197506320906,-0.04608836014057712,-0.4988286264270038
5284,0.04934342450574614,1.0795388428751196,-0.947446199771042,0.6830719180694065
4517,1.1661832071738336,1.76737720313255,-1.8652059694837668,0.42767285411793127
3626,-1.6470259208112845,1.7567268239364486,1.0601245327492517,1.9926753849086347
6201,1.3541082252197132,0.40388638216608297,0.19769002174015193,-0.18524627938983637
4067,3.565305820032712,-2.91461417480591,1.2652929349363322,1.8989339730507453
3948,4.460373866135074,0.5562609929994187,1.8992774074346281,-0.7148752909507593
2236,-0.03463810155509157,-0.2535601534709289,-1.6464406534590288,1.053657030155387
710,-0.23887620058700115,0.6343218755188669,-0.01683692050536005,-0.14368271290783555
4673,1.610776791399496,-1.5150572760966234,1.0612881810908439,-0.4101673444237148
6537,0.41447353547493304,0.20296900524239217,1.7051330783848786,-0.3644070690873842
2929,-0.7981973948600573,2.4623536308523226,-0.09855834782064736,0.33784270546379913
3834,4.8991521142790075,0.8185011164153594,1.045229032633244,0.3997892395187832
5559,0.8038278615943991,-0.8375836836830831,1.987367950303484,-1.4236332612438212
789,-2.2126827573590804,-1.6985110049544097,-0.9208875854338271,0.5076233856570653
1012,-0.21626149245623158,-0.7535668194147471,-0.9240104758193605,0.6138799394638289
6099,2.1962463509986114,1.3971969003501883,-0.17451029290272438,0.8740358341802352
2699,-0.14666162125221274,2.341633513683774,0.08507576351413237,-1.696285858774012
6218,2.6992183372796834,-0.027052226845156204,1.1669301099496743,0.9965151285001906
2112,-2.890557712564845,0.2667318086226166,-1.1685449705841806,-0.34044118669383555
6304,2.93029970546568,-1.6254584877554603,-0.7580326614811332,-0.007944255332902207
6505,0.7775145509683324,-1.1686467976392996,0.8405141527985891,0.535570345568419
2914,0.016160689116080925,1.8391370201445736,1.0475177543268857,-1.730124737307159
1587,-1.0077948749295507,1.1254427803619973,0.6017304065218688,0.029971449101638323
1441,0.5197600752797695,0.6959767253434269,0.6729179196936157,0.17314803151493366
1613,-0.4702748724172463,0.6942573807692963,-0.7719542408397942,0.36672294697008223
1603,-0.49866639033057436,0.6321938311876174,0.2849121487430707,-0.4527704042498668
6981,-0.8411024997975748,-2.7347145329728866,-0.7838004965467418,1.8892616677546612
5585,3.3516083347825147,-3.2340569709336866,1.2198175550492725,0.5327375027198308
2746,0.0047979472221121484,-0.18905362825228167,-0.32674441762803397,0.6528241656753663
316,-2.8067431933954383,-0.9507387182393288,-0.4808808884309869,-0.15391905407489287
4737,1.6141127942262192,-1.814798634622687,-1.411996540900383,-0.514995451384883
5134,0.8920990520511448,1.5437479593610055,-0.4076434620564396,0.38034276043006077
6306,2.1169092302947314,1.0805559066038324,-0.6333260493172063,1.1611184494897744
3786,-0.5803175685078648,-1.6265152462916193,-0.6052925872216495,-0.8229769458154438
330,-1.618738745324525,-0.5565852514067133,0.47739227320097705,0.5096208023400015
3017,1.8677612042564766,0.6075614312409516,-1.047208113509622,1.6668057455055691
1673,-0.7657700609881298,-1.5452841833380493,-2.3220027586210747,-1.1122702497135177
5801,0.5332604748138308,1.1935360118581704,0.9105038902857047,-0.6048224093797786
6338,1.248959382443483,0.8957748619469513,1.561654148140386,-0.4718395153501829
1498,-1.8059631468931996,1.3665982074357954,1.9633098463390595,-0.08290577625075896
32,0.15675321368114617,0.9404796780966828,-0.45806854902441657,-0.5971613727170101
5480,-0.41730046150926997,-0.30706463596019495,-0.3491660758299585,-0.875699048612339
4556,-0.9951543293432644,-1.601652424741738,-0.7929302428044692,0.5892542871120765
3869,2.9039148189491084,-1.7938820073687616,0.15845466328591462,0.305899124248669
4636,1.111584174476876,0.29298218545258575,0.060081502448309974,-1.160294162189839
3277,-0.5647471752769295,0.40374330564960426,-0.8178398866066557,-0.7826350239754892
4431,2.809206110912567,-0.7371007462192553,1.5083513211594917,1.895080553973962
4200,-0.024192247160636546,0.3501577239781987,-0.38496316183146145,-0.15923470477007098
3206,-2.182161917051607,-0.35535378950147006,0.8791506016197839,1.839840930419203
1438,0.6020376541814797,-1.0582599941391972,0.009667803360932575,1.155565088180089
6291,-0.973677614919724,-0.06614454214949435,1.2251965113660335,-1.128677424063958
4980,1.6956371885163977,-2.276555244804387,2.6872049854641946,-0.7273745153356556
1476,-0.869208398147674,-0.2669345621836075,1.0349853515702718,-1.6940612504226114
3071,-0.42451864678459056,-1.7040324074688984,-2.0191274058796456,0.15838271165027829
663,-0.25480644178603445,-0.687573385379415,-0.3463408913051609,0.011224545702977541
2907,-3.699813544616346,-2.0013833514054813,0.5832116424681528,1.431100105292641
1010,-0.5212727303917927,1.499489526485755,0.4997535500057204,0.26290565928642445
1333,-1.0447692943116547,0.1107220758511635,-0.4027712256289818,-0.8147697545919242
4319,1.7944879371466949,1.0172582580068095,-1.050359093772985,-0.9424445698440521
3227,1.062138749846162,0.3215572846089545,-2.3486372133549165,1.687597724377436
1141,-1.1214777233271516,-0.2120077010707448,-2.4226366652840134,-0.5438361225375238
2928,-0.7566350851089598,0.1411017889366998,0.5216265019328393,0.5983439981319625
2049,-2.838296373311407,-0.5910467242572,0.8779343666136199,-0.6617965203267261
2947,-0.1662489747844941,-3.0145714731188993,-0.7161681136285155,0.21174944600753398
5051,0.569373208514379,0.26321823127778743,0.13270290163625081,-0.0031612173953995625
5218,2.9339430549526613,0.42038626741510504,-0.5861496064166839,0.7767109749928423
932,-1.0543139796715766,0.38949726421675845,1.2876470973991658,-0.7286652360099667
1608,-2.072952115378452,-0.06352382238158813,-1.1467995718020687,-1.1202426775888623
6604,2.0195272057531906,1.1034496815473098,0.721396110869626,-0.6767395471457227
5859,-0.6618181611008329,-0.6757318310105402,2.682734271616232,0.4055051463495149
6560,-0.016597779826535788,0.11192736356939158,-0.06578601135320136,-0.5970356822823313
1140,-2.2439814552520563,-1.364848623415803,-0.819883030633568,1.2816998443727965
6554,1.9636514730801518,-1.726747343037014,1.6437193249835065,0.7447117599969783
4845,1.7237122126263131,0.0893964699875382,0.8016909565572956,2.487159886224661
5364,-0.6570090299425841,-0.16124516006081865,0.8409390850289911,1.2316184647939215
2107,-2.49900210120568,2.436358443557792,1.2224260125586446,0.9054376474134774
2837,-0.4263034143502867,-1.3820016760323417,-0.131149911851073,0.7332965240721844
4727,3.1692400258893327,0.5340560287645351,1.7765895287986768,-0.4581453426679496
772,-0.17719493615496554,-0.5632279392537779,-0.7119485070376356,1.7963913343053297
5009,1.8042085472181661,-1.599555734357732,-1.0788316402538374,-0.17105878452283263
1533,-1.4937687122764336,-1.1347934709350709,-0.5055124644674642,2.4265319595535146
1427,0.029803106911495004,0.9657801007091766,0.6235322713830005,0.15190263756052202
5955,-0.23469987884046933,-1.1417081068837773,1.671361774033724,0.06171629782931463
3794,1.3436303418411486,-1.2217080224358887,-0.25215635778231094,-0.34591928977909386
6954,2.239899580352974,-0.8863374624847377,1.0022989461255143,-0.5797304715904478
3404,-0.6868462143503752,-1.0727720777152425,-1.861125950533185,0.6767430639944918
2625,-3.427481777043477,-2.062412006988493,1.3645896398597377,0.3952649436083116
6738,2.4043462764965864,1.1924537673342699,1.3370316502030304,-0.7964556226037284
749,-1.4033802962707895,-0.04046365355823271,-0.9801969102374517,-0.9111426076305991
5891,1.3608053974894923,-2.462510061916582,0.40928587561299307,0.0035592422738696746
83,-1.9824001666337412,-0.8499641117428242,-0.9199820881792151,-0.1383362834681233
5875,-0.34269474575575437,0.2941597070744819,0.0173616320020127,-1.7409843023809886
4492,2.267583827835932,-1.4664176023610003,0.019726777275384664,1.7218867105739903
128,0.5213507657820114,1.4990101174794341,1.4125783276883295,-1.1779500168275108
2523,-0.7733694846020183,-0.5822771967203401,-0.6132127128408841,0.6117964950734609
6769,1.7366694612613824,2.0073653597244516,-1.608554982984617,1.5993957925060145
1431,-0.6312883712292348,2.1065816946532636,-0.5468217031085746,0.15197638421448167
2182,-1.4157274162511841,0.5471006411425242,-0.9056839953395862,0.8104572805249612
1852,-0.18619331644058693,-2.3038667754167754,-0.24368403153234403,1.9584294181199455
4709,-0.008301114805276621,-2.2849741687471505,0.5814873834617231,-1.761065085240407
4898,-0.07244484846963278,-0.37324113362324535,-0.694931864255288,-1.4220637657065365
6824,1.560807298414787,0.989088325641668,-0.8118407331249238,0.20440379183585172
5546,3.325802011131921,-1.5682941019631453,-0.3324662588662094,0.09984136515587327
4646,-1.0787465049253047,1.3303297124121978,0.14059459311496367,0.5391238826929424
522,-1.503730670881315,0.1323663262165433,0.021553477193073475,-0.982163594995332
1545,-1.753245616716455,-2.2922616138806444,0.5426859190698725,0.8563128577483012
5238,1.9223298639690132,1.028541331088174,0.0640090351119785,-0.5337732749912533
2295,-0.17889839303918034,-1.493999062081726,0.6847649617826891,-0.1468398524393515
4468,2.361305596173386,0.9813119277547011,0.48635819226491367,0.8143031927213079
1301,-2.174923232048382,1.3891232239176008,1.8930300203321762,-0.3345375442972314
111,-0.6953693956981167,0.3962451376967165,-0.03803671981498294,-0.5052303443515863
478,-1.5198948640789864,0.7595470213401425,1.3777936773660817,-0.17777742918187425
5904,0.4022393773295264,0.050188319215670164,0.6694078927008845,1.0335799644351347
4281,1.8913805182539416,-0.2260989052591982,-0.4333968478830445,-0.8662947221776162
6331,1.2860292365040604,1.316144435173362,0.10975559883492662,0.6913382097935654
657,-1.7226668855483067,-1.0769570491467184,0.7489108569967579,0.97622724319094
3771,0.3647673841610691,-0.718400934856163,0.42636491517791064,0.6420358637746943
5555,1.8073220654785243,0.5943464529860096,1.6360035959526735,0.5036136176971681
4958,0.8854662155661498,-0.12746291506282104,-0.6585864833812333,0.21409716600384224
3622,0.032030576215004866,-1.7739276505898363,-0.3185067934916171,-1.0032272152461745
3178,-2.615556968176444,-1.177380588550045,-0.9529062620335707,-1.8812105960881118
856,-1.78521735230824,-0.8787825828632938,1.2328537761922866,0.47608849600010705
6278,3.34618926463658,-0.3564180690161767,-1.1860403453984454,0.04808761548231735
4888,1.9705111682806127,-1.3096997463094782,-1.5234756256966553,1.374110883273709
5651,0.25598026821028935,-2.0107382670261145,0.7723772118294367,0.07869356845132108
5316,3.1826078232137727,-0.4280365739705664,0.5778461054998318,-0.09566871441031008
5385,0.35118059279218355,1.7366306000567084,0.011556086752814417,1.051725705579079
1432,-0.45831210549275947,-0.2201648869172063,-1.9099627628211997,-0.7953969571771538
748,-0.9267733566867742,0.942338319311427,0.46568114610181777,1.4523110812925073
2030,0.19801171249266297,-0.5171815656456071,1.3742583425648003,-0.15676397119239693
4424,0.5460906475283266,-1.637757431656866,-0.8256828785897953,0.39637547864847283
3455,-2.4344241769108748,1.1159706093476844,0.02767683371058911,-1.6407431648822435
2352,-0.38954020805408096,-1.2437375271916318,-0.4131390806125056,-0.18275703059007545
3298,-1.170626094844062,-0.9070752448980244,0.0354913545758374,1.029106788625636
2594,-2.2324050820604806,0.2958862143820949,1.2282735822726525,0.11862633198591378
4073,1.3905828742232338,0.6320190628310101,2.079252867584034,-1.315923669557047
5920,1.9474261086738789,-0.8345803758505079,0.13084030439440017,-1.3021765715407128
1919,-0.6690769580274436,-0.05859209317400605,0.5274094208528617,0.4458383421752937
4828,-1.0690369961137114,1.1650515260411416,-0.6841926817538962,-0.5509712375895626
2878,-1.5564683476113461,0.6360892844768786,-0.15584502443265447,-1.2324949059184547
6235,2.9727677044992196,-1.3598260984260326,0.9099987225050601,0.3477460697388678
353,0.43426455211202486,-0.7483940286896531,-0.4703720193266341,-1.2335137438959305
4543,0.143911211667966,1.1289072731121899,-0.07293678114271629,-0.5411293028029299
107,-2.1839976110994224,-0.5177941874559607,0.22925950815587381,0.32018029447327173
6578,3.202689529704728,-0.040125955913612635,-0.1463936311370805,-0.5888682925634738
2985,-1.5593171726835908,0.39369164833432646,-0.994093407387434,-0.7710994139997793
120,-2.7888136124196863,0.002775409904447628,0.46789597369313246,-0.29811545177557686
364,1.50257223251926,-0.9330636178160077,-0.7227702781229577,0.16188282952009922
6214,1.7837443688753198,-0.3688220064276828,2.6803288470369275,-0.13200393578614553
1644,-0.18221372138147385,-1.2547991910881517,-0.15330990369381928,0.7353856215511256
3590,1.1518279760227257,-1.7346731313986399,1.796253649634363,0.3554441372949523
872,-1.5595296102466645,1.4245767917328318,1.3071502224670262,-0.49418243308719656
898,-2.833141933025377,-0.3957477582950895,-0.43185411667642043,1.1360033385599233
2673,-0.18082658411746802,-0.1217257352985783,-2.97794242786483,0.21655176782281235
4881,4.44919093048621,-1.5068585335884548,2.3384234592934856,-0.6639944248165216
2752,2.1034646065721887,0.35573085504698704,-0.43240137149526675,-0.609673020435603
5064,3.3518651158694373,-1.4532881213255349,0.3426568395449738,0.5439270449730449
5106,2.8267249475546468,-0.6211544351828089,1.4979846824227498,0.3406302590632064
6375,0.6305930200554655,0.5018456658795853,1.898091933105104,0.7687012771959163
3875,0.47642805223348555,-0.822674864218301,-1.3953089409815613,0.8400978335415865
4485,2.607191875265285,0.17288626952083963,0.8294942598746099,-0.180825051427939
5028,-0.025960170465474424,-0.3842770039271188,-0.05298460477283949,-0.42118673104873816
4341,1.2696302551622982,1.018267234352925,-1.0419697539159183,-0.17869767567545247
4008,4.575868417574106,1.1264696233681373,0.32892166311530713,-0.5061922233182437
2748,-1.3287164258452393,-0.35067991132080584,-0.2396923413810387,0.18670515276458405
6145,-0.5182601515092418,-0.282596790154723,0.7460778013643559,1.0422426970733218
1903,-0.340092718483207,-0.8681208845720585,-0.8154600234322553,0.0012454820385986002
6974,0.8963045190835037,0.07323229046676594,-0.6609592638137682,-0.002822198885219166
5691,2.0924012414268414,-0.8020264415916266,0.825122999795304,1.3211548946011389
6741,-0.7849067421978974,-1.440231445442539,0.5946905029203771,1.0631927520451492
1524,-0.9475802741640095,0.9156152367352715,0.1952265605799865,-0.8693934413652218
3272,-0.19168432743963695,0.9120758167049496,-2.029582784871345,-0.04630926433808827
6691,1.6324600573141401,1.3033337868362058,-0.6128381707614928,0.11664557154818567
1960,-2.745267105100014,-1.9096897422401957,-0.058652989294619325,1.4883489260189016
2027,-0.58416914818172,2.4533293661923223,2.0490843848250284,-0.6166647817331624
5972,1.0882570583085456,-0.6121498149854426,2.0610884151341384,0.09963571258727343
4939,-1.6458082441339876,0.7779948581729847,0.2961818268394624,3.7199847207114267
3308,-1.4864408320512388,-0.683536065210977,-1.298595947237121,2.0185638699564312
6514,2.003461110032235,-0.3259138375337513,-0.6058112786147212,0.17509886757512078
2902,-1.2219642009072802,-0.5928849407975519,-0.7911833863055688,-0.2795714988846366
4157,0.8621026936185923,-0.4116928065643029,-1.2756914016765788,0.8518659511308708
5360,-0.9200091795418609,0.13589763451162132,-1.3636904913912387,1.2135163231337498
4369,2.307080107854911,-0.5725133088369956,0.6436406499545899,0.4415080739601893
5896,3.306045083854926,0.041043536276176074,0.35609507427559667,0.11738823029009925
55,0.04863335126421062,0.05661236528420281,-1.0408668832006454,-1.283779879783442
5868,0.9120861967141084,0.3562795150696653,2.3575302801488514,-1.4564781494693557
1261,0.47226528507269583,-0.015121039814886354,-1.1516140880949168,-0.2500401243951488
2327,-2.7396242037194076,-2.368301738742263,-0.37892441415871925,-0.5071695642161219
340,-0.9063881599262824,2.0965302967992114,0.7878199299789833,0.5026769983287899
3473,3.975213388238502,1.5387462501509952,-1.113116751274726,0.7104277928980588
3506,2.790882571844573,-0.20217102439896523,0.34714704215603653,-0.03935714986963603
3035,-2.775739993518571,-0.2669497821259758,1.5503008609402948,0.9189473594473357
1727,-1.9921086909757033,1.7442791970160956,0.8428060229581213,0.7660264420072767
1325,-1.0212754716612369,-0.2557494027515505,-0.9276654756045831,-0.6537354716443842
4150,0.6619769375439719,-0.024576256578991672,-0.18028274429467572,-1.0834197268948504
5707,0.6863637577010715,-3.072929962144342,1.4304297950022844,0.1593347073767277
2018,-1.0443298800289917,1.603094099368477,-1.5069618140952734,-0.5070389293299734
482,0.6354801774701886,-0.945999268539133,0.8474901232378765,-0.204705352191899
3811,0.8218928744999197,0.3527690940297915,1.9747334616442358,-0.23100605043009034
5131,-1.0259100200493114,-0.2869222381851877,0.6572739716512781,-1.9352102742002342
6751,3.368126812609392,-1.5766014369420924,0.8662541557365329,1.8458658040996232
4230,0.08242413537185957,-0.26608415062824115,2.3534755642611898,-0.9530798515245746
1810,-0.5751033013244732,0.7696718271760093,-0.7320606176987345,0.9645051529697618
3888,-0.6708926870660435,-0.2856266419446409,2.0379212828464315,0.06416167130865547
671,-3.7145932877561076,-0.6224707119202025,-0.9540345173945012,1.533879239614533
6458,4.487619043719219,0.7717729802109418,2.625830489240056,0.38929164257710014
6419,2.8594091774825405,1.0055295726320774,0.13055594745754948,0.9754793178544064
1421,0.4675920136327012,1.7782330568979083,-0.9723642688801015,-1.8729944145966073
4248,2.654927876661746,-1.2659033947599851,-0.5727369890582015,-0.14716832588146234
187,-1.556473854071962,-0.47978390633166673,1.12734124800013,-1.2987774838926063
3039,-2.9218202557423822,0.5546650812689509,-0.13461959869014165,0.8506944386195702
6729,-0.6959447269502852,0.5262385429835864,1.4033584335113563,0.5439841535879253
1477,-0.7992475288249613,-0.18605465347180405,-0.8514909779782074,0.14478998629360595
6088,2.2164385211182323,-0.776483125092542,-0.7935298907758322,-0.6555868289916831
3747,-1.2462899116560868,-0.39435414875032465,1.0694449655987548,1.011525280488915
2471,-1.4961444240510842,2.3142637325038806,0.20180345428063362,0.0922790943178137
1802,0.2526545274145399,-2.5567415781545657,-1.2127387809064993,-0.46833406213223666
6332,4.488121210457924,0.15204739230302272,2.6219962473062055,-1.338807491329051
3636,0.8730648910325846,0.770477022179953,-0.5495486723208421,-0.49648030814851735
1512,-1.9225120582870077,-1.413964025830539,-1.2778542882391695,-0.4644274685129833
6710,3.7170843499390704,-1.498813932722468,-1.2564096940485825,-0.3401931081304336
3677,0.41467880525843864,-0.5771840926822348,-1.3774603794381919,-0.4848538592055423
5147,0.7848608150017103,-1.4245101206869786,0.47276026766120066,-1.024647276258814
3662,2.5810380725724555,-0.3055725307487598,0.5059187815039403,-0.0613904331637075
3812,1.5398057702253047,0.3583729437411043,0.9033466095229836,-2.0002223538785042
236,-0.007191215714172765,1.5988286579590718,-0.700211399137243,-0.473973082245157
4284,1.36561995895133,-0.9196293921727885,0.5042009053729591,-1.4173495773847813
6497,0.1425246389131384,-1.4871631211981948,1.5215590260534448,-0.20352962341505823
4631,0.734776881368091,1.547366494534948,-1.0472156668799615,-0.7003323878888532
2359,-0.6432389005754505,-1.3704998716046635,0.687933718281521,1.3021096694885563
5429,2.1569413619648503,-2.4995552623197383,-1.078580423854574,-0.04965898415941411
6267,0.9545657276994252,-0.6787942809179892,-0.33011461229242417,-0.07647521888544663
5287,-0.6737922927111086,0.18371779393142615,1.2977653066281472,-0.7246578532200346
4301,0.3199457298067657,-0.026712387041689163,0.8012857134298769,0.41291282387637324
6488,-0.12555921054872843,-0.705765543503537,0.811765657313312,-1.5532419774461639
5659,1.9630673042426896,0.4884620474430643,1.7365535416220885,0.9765728309426893
4477,-1.2219040255950206,0.8769782160067715,-0.5730761176972048,0.6572249183236687
1444,-0.37123218163324784,0.026480168595042045,0.7612763931298087,-1.2238000912166458
1928,-2.135054038621359,0.03776958583656514,1.6866376235811942,-0.5103509109424166
2894,-0.6496751112395802,-0.4579132532776991,-0.9347216050744253,-1.2484702692599485
468,-1.5786714232339762,1.642098393895453,0.005107509354388239,-1.7686773692090634
5501,0.12224441053736139,0.4713283614937247,-0.29569037395862846,-1.1075403463448976
1649,-0.21674531778852626,1.5899071064484918,-1.4033704146749688,-0.16850614950647397
5557,1.7817104638339316,-0.7059663846620966,-0.5708587328747894,-0.031097578770281162
2133,-0.4655801409102325,-2.292166803359722,-1.9839380944878748,-0.535979225222284
3668,2.7076281500669803,0.41864002995323674,-0.4237901232067832,0.6050593068636774
2611,-0.7587384169395097,2.824226924041201,1.1015710460233183,0.32912875765864696
418,-0.32524846380987743,-1.3097193358051114,-0.6566957461999694,1.2966715241012068
1702,-0.8981947326508074,1.75507058079663,-1.0514218872054983,0.010001850082806234
6784,-0.5003329470213574,1.1308066897758637,-0.050975116824394866,-0.014697606200919108
3419,0.5532018018369034,-2.436449871268005,-0.8350946051303894,-0.6159045939045974
950,-2.4429494505699827,-1.905621931616541,-0.04168113200490043,0.6036712810543612
1129,-2.5383254254326846,1.1663540475879148,-0.2883371333669829,-0.6031019784790962
3737,2.094898142272618,-0.677035034132517,-0.11628331733137481,0.5482449989576722
6065,2.166508808102477,-0.14648480891041066,-1.1806265803728524,1.8322858800288189
2973,-0.9039012463481807,-1.0965689750529408,-0.2691354840055021,1.5062113455561101
437,0.9351478373739027,0.8378750574421296,0.906499576652507,1.0154096301169175
6557,1.1609749608794062,-0.2603452358744853,0.8936513863347821,-0.07461301746611947
2265,0.45373429948629,0.04922770889341748,0.5329173870611377,0.4811341356210516
4356,1.1913906442041344,-1.0607236697734503,0.10114189689132067,-0.014596120571925358
6618,1.6547512615647497,-1.026631078309308,0.18067842513225582,0.5319157433506212
1436,-0.40094903056243775,-0.34311462315610886,0.6826027678611696,0.40528651845127445
2893,0.6111460235198158,-0.11558889982144238,-0.11156397299701509,-1.475597871935779
6093,1.6701870795296867,-3.086903143977543,-0.3605188070295729,0.38034839543168925
6756,-0.6233274899053558,-0.21637830206961606,-0.13115499797934543,-0.10198516622706934
2823,-1.3721153524553424,-0.1374154244690756,0.5949557370111084,1.8555986790888637
4902,1.857171919209143,-1.2654064251674424,-0.1981634710183209,-1.0568142129498184
4130,0.15055738318432085,1.251590185154247,0.021250781154286573,-0.19955102959116774
534,-2.1264592675607954,1.1070910187911591,1.1687062822291976,-1.8588957521605718
821,2.013720346722457,1.1965418345473509,-0.7499010564779566,-0.333969580043773
1848,-1.2978461850477738,-1.690203484223826,0.40865067037745495,0.7632257778833256
1571,-0.5920119529549456,1.6882904441724405,-0.5902991075718366,-0.44312235809373124
5862,1.4378552830414333,-1.7274068379542102,-0.4275618562335933,1.2059239739350631
883,-0.49430320041389364,-0.7798143382423958,0.8846314224852925,-1.0200448568287397
2382,-1.3029866330716193,1.4426823432830809,-0.9549873599119703,-0.8259881072415407
3876,1.9990897380176305,2.0731125869634157,-0.793774365615005,-0.14260689290722914
1417,-2.0751555288932,0.8721060661466513,-0.3070674712193961,-1.7845111548784869
1563,-2.9329187608424783,0.6026703263663135,-0.8116830088769271,-1.0670333229448452
175,0.3852516340434633,-0.27703468524641567,-2.0904925984839764,-0.7247147574931638
5304,0.6702879272285802,-1.6148450069830809,-1.0095177933629866,0.7570677328827727
1995,-1.9048360689601704,0.27356435571957144,0.8931105398676862,1.8139118560361285
5849,1.9972916959986755,1.1580221838505398,-0.7105728087911771,-0.8125153179110973
2801,-1.2713781664750594,-0.21926851502331687,-1.4427834567965978,-1.4103326015093727
6607,-1.0928218669451042,-1.310396033104309,-0.31048577664758725,1.9271277342437014
6003,-0.14861539214138725,-0.20464284638275115,-0.7821618341902592,-0.204899455786971
2634,-0.3957273631900701,0.4273155071504962,0.9311053200947911,1.23995068486978
6340,1.4195103791615782,0.46909125785965267,0.06170552954475458,2.066798523528709
1542,-2.4615550045082832,2.1408934652439267,1.5010899680101346,-2.147692323863746
2989,0.5705837137819622,-0.6211316685288568,-1.5907895501016334,1.1325508843655765
1433,-2.159587247895161,1.7407919550610245,0.6656725347315001,1.2969058379373353
4165,-0.46339589760455463,1.5544058856488248,1.8630530709338204,0.9461552918018056
4883,-0.26569297576902906,-1.467594564771509,0.2683812589838949,0.8186963667158207
4534,-0.690907188775797,-0.7207068219668831,0.6321265737692553,1.1336612984511576
1646,0.0895467029179446,0.18827820545725088,-1.6398414212183687,-1.0807043771282365
630,-2.4453894417511006,-0.8134572136096654,-1.213010270086131,2.038304172159062
2242,-2.327729964510286,-0.4157214815079049,1.4748796385665703,-0.8443426717117412
909,-2.6583697976076275,0.6431657130046402,-0.5323767216951169,-0.12078502318266823
5802,-0.7700078153399676,-1.9922816477027891,1.7225559119813387,-0.24576647042435185
1925,0.9307099880864445,2.127959718635993,0.21487686035803508,1.2417165275564916
6389,2.685596437168635,-2.2095178423956625,0.8949183443605984,0.8628952823567242
4877,1.349855442581326,0.7805981002067405,-0.11413524705530147,1.0046376709279725
5612,2.2926424409671906,0.25086561323560835,-0.49728975253588525,1.1536176794641282
5642,0.41728471978380527,-0.13575158997744563,2.26120001773266,0.4334488510336703
2416,-0.5600839559789232,0.9694635061970812,-0.9876549048043952,-0.5352461623737339
6855,-0.8954736162399548,-0.8816222617213313,-1.866400335809486,-1.7133825647263197
5902,1.5704671145585376,-0.28881157890095444,-1.4375297824255355,-1.9408517510825762
64,0.49284865556772234,-1.2852747583892261,-0.41311081319351545,0.0018173256604682407
6999,3.3128435753522845,-1.1357133727596376,-0.3330441868829389,0.511850999692706
5644,-1.3553979727452623,-2.3845206109171415,0.5532166444747673,-2.079607225447525
619,-2.058368457144706,-1.9648749201293956,0.50795787301909,-0.63438851372525
3690,0.9177896667032894,0.2195338816675169,-1.2664964032216333,-1.5244598278845618
5760,2.5252399990900676,-0.3179270291538071,-2.072076004088964,-0.5094075437594933
216,-1.6493927788479719,-1.4146043457904147,0.06244170993272314,1.8272882172415226
3632,-0.4232499359933157,-0.3064025929957087,-0.5136849079043292,-0.4814718954313739
6014,0.3502432885171619,-2.72419169712037,-1.3042585109987874,-0.4874500810483646
6234,-0.21883924848760936,-0.8164595665328968,-0.24222033669696905,1.703384771108887
2527,-1.441974802215261,0.6522191854496594,-0.8938930635827824,2.0983865758710465
6564,2.1701765675696607,-0.23524321927416647,1.0961691933620568,0.5821101797454157
5508,1.2675342430598842,0.07428541766980343,-1.8800088376569808,1.1824015369113465
6330,4.002562707510998,0.5551269439728612,3.0657048157751436,-0.0627875755471326
6112,0.9334790610516825,2.264918514050893,1.174735038803029,-2.591590088427501
5425,3.378723267140259,0.7898177176780169,1.3876880328265586,-1.4487081244682845
2132,-1.828644703720633,0.14573347526760372,-0.48051132936586255,1.0932604461834752
4152,0.6882144658778668,-1.555005096277439,-1.8636305044461088,0.5376981941006296
3350,-2.165851299112369,2.092277543418164,2.033964214921899,1.616046248469245
460,-1.8473605012230976,-0.678570150343883,0.5905469510994449,0.72394732076294
6135,2.8336076217470674,0.526828848077069,0.6425579509917885,0.5504538254377371
2007,-4.190515458864737,-1.2774256657118581,1.3963802082907173,-0.7511881377474646
6080,-0.2815230269805741,0.14851025817434324,-0.7660258777425416,1.9844535801634342
267,-3.3517273119920756,-0.9156382179419749,-0.6472455828012732,-0.13480597348550205
5796,1.370077182316847,-0.08876108372164483,-1.563610304345094,0.26703372411297943
3767,-0.8908875527833389,-1.380196256475206,-0.8684359080994535,0.5915335607134432
2873,-2.3761295499295416,-0.12145754244134836,0.5634087041088371,1.6589760046961868
2971,-0.48179319871637133,1.1023657432051686,1.413811012111059,0.07390120777939588
1521,-0.5958363766826104,0.17921504961858734,-0.9042943270016369,0.3981541858933112
679,0.3079915115339224,-0.642072569767638,-0.738957415626272,-0.7810634547318033
4278,4.281707646385531,-2.2090210210199746,1.144527559903429,-0.9261473262046234
817,-0.7766379719919587,0.9261672528577248,0.7889706963405636,0.034944421197592425
5100,4.73841990994591,-0.5489714322771797,-0.680721454368047,0.17424562144414968
4827,3.6905069084946973,-0.10920946941719861,1.0976973735776443,-0.8487377366844958
3998,1.2081172182428932,-0.6008530461881852,-1.417537177888137,0.5622774357811368
4084,1.3450215594862074,0.13616947408620314,0.7365289742917306,-0.19816865618200868
35,-1.4458329080916807,0.06265504415495739,-0.40472853392055874,0.9346756085353116
2282,-2.127377258868919,-0.008392885970338377,-0.21456254420284493,0.34700779184418384
3803,0.104456107471498,0.2930892166660544,1.2834076659584976,0.4821365574767775
6202,2.5790374235506706,0.17547304361323526,-0.7131315843616587,0.3004248030290166
1291,0.6625068338844402,-0.1728201366577506,-0.10900680652514495,0.8643982432137702
1,-0.48846931800108656,0.5121555893874383,-0.8960997974728437,-1.2826847595287245
2399,-1.3111943236471604,0.5345945391576028,0.6665395979622267,-0.4238483263503752
4236,0.7894759454000875,0.0026880624752468776,-0.47779464067088107,0.8431963836615509
1752,-3.4529472223256086,-2.6247041665342876,0.3292607909133535,0.18550743745769308
4137,2.3328920056865305,0.5834948244784863,0.6049032671805887,-0.6501549365999721
2761,-1.1776078062898625,0.862338133120647,0.31386742721425537,-0.5259715096226217
4095,3.6000095515644697,1.1317182357413151,0.6818869450795749,-0.3111985429897275
5301,2.570349812067165,-1.2483297900564267,-0.2913280255948989,-0.24320786534982564
2719,-1.5551937830203235,1.3693881696298376,-1.3020636458332326,-0.8121633190748657
3920,1.5442359019899867,-0.8682387216173153,-0.49986997672256034,-0.6144291379828577
4767,2.9951215694063364,-1.7868407334256842,0.6792875477523821,-0.7795665505492271
6659,4.117154840878964,0.5707540644733755,0.14355932398882107,1.040305420874874
4734,1.210621626270306,1.9631720917370155,0.015417739136839638,-0.5255600027583253
1103,-1.588549259546974,1.1536714300863289,0.1296575878605155,-0.0031836666325351076
561,0.37104244712593976,1.311392113244873,-1.746692487841633,1.101830516186838
5048,0.9274019898872627,-0.14554542866194525,2.1389905322003053,1.7439770465785194
2014,1.1487665054858194,1.230932921043593,-1.6161535300309526,-0.598566938566365
880,-2.5130436912081673,-0.7580740970794498,-0.379371094836562,0.7786492792586607
3741,-0.3835214201062796,-1.1530542947627294,-1.3342168952778835,1.3931464456422145
1787,-0.1268544163939378,-0.959986323982658,-0.40041432343760275,-0.6246576183416578
2672,0.28620839026648703,2.3593468764089844,-1.1331581618415227,-0.18822517061045876
1008,1.3051891372211046,-0.9649427151597756,-0.680263802896001,1.809939950111584
2990,1.2295074257858165,0.25733329261602106,1.7447340252306258,0.6183127814742045
6647,2.110453041710262,0.5701461600278569,2.0283974818436628,1.4700052953970133
6526,0.6996118383079594,1.6347617495543167,0.6111961826081036,-0.3993846380888046
1426,0.5213583871874615,-1.3931596656072618,0.27421447365047547,-0.5903562238931717
1120,-1.135131025675326,1.4628832729712682,-1.0104085638145472,-0.40296782598032865
3511,-0.6728956051916317,-1.6872803935506984,0.26323803885622643,-0.4949921533832921
5089,0.0015744493166139387,-0.5253461381039001,0.6777563898095088,-1.3708822492549984
2166,-2.3063214586641143,1.1336973644511,0.28962217314792416,0.9552131009407946
3707,0.28659102440205536,-0.24120073892272426,1.1602087014540154,0.06909207957179488
1195,-0.3430188894089814,1.050030897120577,-1.4152142258333613,-0.5335121690063201
5003,4.189769891905967,0.6685743437461406,-0.4579505691425943,1.17166665749701
4521,0.026447425799939497,-2.4908671380860374,-0.9679831523021101,-0.24259469192610025
2517,-1.38136163175843,0.44701508351225316,-2.3556063729055654,-6.0233918664337035e-06
5204,1.1221289155841914,-0.3891615138820907,-1.4301567705156855,0.4168593853268806
1330,-1.6201945313015365,0.5443050115067004,-0.20597401247464212,0.4853961347426045
4484,0.18107450760590071,-1.2486411794513108,-0.13848177553789232,-0.051862511500877014
5407,1.9410122911196546,1.8532900586475605,-1.051609142666332,-0.4193784860932129
4380,0.3755096680970335,0.740144161583598,1.521251997803715,0.7306337510760794
6146,1.4262280914788574,0.4414155711282999,-0.5240864318295917,-1.44930258626145
4821,-1.1753531914183948,-2.483144364859176,1.9872972199105052,-0.10581736242108647
6531,1.237611861171861,0.6599267887390409,-0.2858764396570144,1.4889781900163161
2659,-1.3454832175992442,-0.399944375886316,0.3452230205411738,2.252839357757421
1420,-1.7894780582767997,1.2059842887435497,-0.02062078052446695,-2.0131660744114113
3597,1.1921625004087206,-0.10939453464077398,0.08424281067831052,-0.12347726687432387
2179,-0.7626817273662964,1.3528628855958955,0.023582394754795698,-1.0106677573930607
6839,0.6038096351311062,0.44372283793593115,-0.34231177336226587,0.3133540452446261
3756,1.903425776212107,-0.7841654960082325,-1.4164952742513879,0.5775243075240334
1721,-0.8821516873057578,0.16850444732104897,-0.22050899990643533,1.4837815338250349
2541,-0.06112511789533473,0.702027734702787,-0.8224337492904253,-1.0962066876953633
1231,-2.616749494035261,-0.22708697301493333,0.9280164995221187,-0.6585624039383996
4684,-0.8944024883103008,-2.42183557076582,-0.00746274449188041,0.889251930172346
2206,-0.47813147556344987,-0.5462548066252415,0.6312283768697766,0.32391471373856473
396,-2.8946710627543326,2.0379719328281105,-0.03937381161434277,1.0580241059853923
6998,2.2637762380245112,0.003360557624405485,-1.2936314936873166,-0.2982398545209916
3656,0.46229373469850005,0.5023274532276946,0.8738635610799398,1.99643386944221
6217,0.549719883767058,0.592127923245421,-1.7887339607057784,-0.664501024474277
6433,1.6477129496740373,-2.762867385617033,0.6451445010221226,-2.118160282175044
4276,2.9624792322130187,0.9335952947703583,-1.591191774808613,-0.6491380968762903
1535,-1.239663341768602,-0.2468986943710436,-0.04563565143520657,-1.3621021702183758
6125,-3.0900630673618945,-1.0931407916413165,0.39317251603211717,1.5031360444162463
6198,-0.7106705926571252,-1.8850373565168341,0.8375197438652402,-1.5127696518554024
3165,-0.9455554131355699,-1.5326382945168968,-0.9473673651524404,1.212679999398533
3987,-0.7431317969372896,-0.002934951969271456,0.9462382298662696,0.7494002024411855
3119,-1.142198579166189,0.1435927115461314,-0.2936510051755962,1.4818680890631588
1959,-1.415025142858449,0.9883577059792445,0.20597646315711995,-0.3411152204944548
613,-2.1360861899991375,-1.4158562418792737,-3.197485684637724,-0.6398806903776287
290,0.6411306993021368,2.274133345796003,-0.4801411083235067,1.1776612780283584
4487,-0.5695240835665146,1.6840797882866334,-0.05073418924983512,0.9940820602852012
5606,0.1533381595916721,-0.5975661815863711,0.7842973259853271,-0.6211971920850459
990,-0.5343840345605726,-0.8154321170089839,-0.6976055131138988,-0.7249924333944313
3244,-2.6940686286532616,-1.8573452983463,1.0146690408355523,-0.5159337816788291
2360,-1.7343242106240722,2.4623466809557195,-0.3456881082193505,-1.8305655746313576
5593,0.2755781324012053,-0.04894712628580209,-0.366479158094258,0.19572854843229526
5107,1.7699748078581463,0.7920851895287796,-2.2117187049129576,-0.6898824560095042
5607,-0.6747498758082113,0.15881044766301394,0.34452211698505775,1.0823561995824738
3988,0.16377539779004183,-1.0242622695692423,2.4159739535698463,-0.7208956761616916
3576,2.2161139407706285,-0.29909050317064895,-0.05528764903643216,0.19119919889760226
4469,-0.368373916033473,-1.438220063375284,-1.2863137884644975,0.13626066782291027
2287,-2.8408416204249294,0.8982171861637389,-0.12360103056659452,-0.15499771524850486
650,-2.246902705632605,-1.2468102911023198,-1.0373428215687959,-0.12043098147772825
1559,-1.1205591017948358,0.7771016103124643,-0.9234266815025542,-0.8037979125927739
2970,-2.057532069090612,-1.5777132135578615,0.31546508604135937,-1.0471427091952854
487,0.10275909417315784,1.5963171072242632,1.1796920441891132,1.138983415637411
2573,0.11918228400748744,-1.5980654482454402,-1.0564801901063614,-0.10243956670004523
3398,-2.132882980881895,-0.28127074059833784,-0.5858268856928549,-0.7059183736125746
5213,1.6889001930703784,0.9533780182843835,0.4855784970230999,0.8689271214951639
1772,-1.701006356253581,0.7638398632382077,-0.027148506915968106,0.38610275919535525
4583,0.29083656111007283,-0.1886458602795611,1.4399615953976266,0.7479429539272575
2290,-1.1160110790909896,1.4346714743366333,0.6811876465603703,1.1398733930310507
1678,-0.30179909888512546,0.5222821313312587,0.3998909721036322,0.7328922875185568
345,-1.7460040154739165,-1.8922223852411415,-0.42739408555904523,-2.1623960244698384
1313,0.8875556418110115,-0.645782817946819,0.16080907406018,-0.6868326580795294
3431,-2.002322992259318,-3.6230598533993237,2.3478299951554464,0.5733204853241557
6222,1.4390147301322624,-2.6960711125264654,-1.046169345482611,-0.6046406273544754
4598,1.239166314233217,-1.833913150691952,-0.6393933425013434,-1.748490284318979
852,-2.435543384848389,2.6267959561978773,-0.4211907122371332,-0.3291133367527603
6259,2.1643193890219212,-0.6164934773382066,-0.012638152010281716,1.35066859939189
6731,-1.4423207678716692,-0.07709524272852222,1.604647463924502,1.1749190073638074
92,-2.0092505991611023,0.6417436447065532,1.7472696571010926,-1.8823177079073405
4523,0.3776762455353216,0.46068360593542357,-1.6691343898793656,-0.2773208624760419
6836,0.856885479895691,1.9081332092371113,-0.2192996137641233,1.227033243040183
6069,2.704036144339956,-1.5165943009550389,0.5006321847023578,1.6671663534124526
6228,-3.024407787965396,-1.5674182693416654,-0.19783960964711184,0.47669539774854847
2961,-2.6912130101593155,-0.7217243485373761,0.4775654370194451,-1.6915968332637294
4865,1.5371018082330465,1.4450997574380344,0.5888064160117533,0.96321716839685
794,-1.8365958538455511,-1.3918142166409586,0.20051112109654154,1.3830246267693476
5386,-1.0080586175459867,-0.35490326407403344,0.10590331897493936,0.026782649822760962
2440,-0.09583250924557923,0.03461276036947263,-0.9881063729443562,-0.8421813420616988
6620,2.8025362613841867,-0.9003127419114203,0.40233678521791705,0.28080966506190397
2316,0.47795498053077495,2.261320663934705,-1.3307434642074398,-0.10504971823887173
3861,1.164838666207783,0.6296403605978033,-0.28676867708742,-0.16802701073918166
2390,0.6163041403543534,-0.10180896948890111,0.5672785994505204,0.36722209380693466
3472,-0.6737403657055033,2.6695961584555965,2.252589250228402,0.5330204406607968
6448,0.2944086367468383,0.0698863230702629,0.5504101985900904,-0.6174184761405687
6890,1.0386111758066803,-0.0891515336268056,-2.0924149559290823,0.36944579441112324
5139,-0.033408370954798844,0.8742262704423487,-0.169168117587,-0.2712872256588609
702,0.11975745107438154,-0.7564947236046703,-1.0757849750743833,-0.4008048034739094
1774,-2.6748354783688133,0.19478602317559218,-0.4886437180436874,0.3979457545327762
4966,1.4645202077443378,0.9352097419349943,0.08570039245155697,-0.3884612698331869
3716,-0.8149041707879991,0.4037105243416243,-0.33294949061864404,1.4338135071500215
4801,1.2598412347927221,-0.34118915197909355,0.2019946761150477,-0.8815394685801763
3276,-1.1071371430297599,-0.9274862857671232,-0.7302369671421252,-1.2828144774487884
5001,0.8615695550949017,1.4604635861913702,-0.057424545116725983,-0.37404631711005704
2941,-0.12497079092706641,1.3548208882039947,1.004120802431442,0.49422854809849703
2743,-1.1336203151594255,-0.4949897529981718,-0.4297019792629427,-0.61020339762956
5660,-2.3672078447036404,0.8751108702315253,0.6379978853808534,0.13310219851256755
5016,0.7201036770287758,0.5772907113333394,-0.2617530234584955,0.7440331444521695
825,0.03157337004288717,0.7645171713800942,1.7510468623865192,0.011622355209161623
3224,-0.9083804037011153,0.657654849136444,-0.9865411587910606,0.2584031094693665
4748,0.30617718528072485,0.6432516054715993,1.7757076694594056,1.1441907540284193
4927,0.4162055808992626,-0.675823590955598,0.4426564557568504,0.6083142208561515
5833,0.8801715952076997,0.012178799471574086,-1.4712994109615385,0.13061922962970496
1525,-1.3360083949302064,-1.6907591468785386,0.2789285746029607,0.6794434075702526
2491,-0.3910376348468784,1.0934526645469866,1.2774978886624384,2.6620077916081475
4044,1.0351091544734727,-0.5353865698500019,0.1403993711916105,-0.16301773660059699
5181,1.1562174238032321,-2.0751258336444334,0.07772819262465022,0.2695971462089088
3594,4.572570330522707,-0.6085077673921419,2.1055421599310904,-1.412487994175644
4486,2.0421282052241962,0.0535496022126119,-1.366827482517627,0.19305255697499224
5027,1.9255381401849887,1.4155925182957771,-1.4781760016601972,0.7855759375178435
6742,2.300225144014637,0.030372610949302242,2.966556524014178,-1.4966960325216336
430,-2.3196593021899425,0.4701645687367615,-1.3842734186857986,0.7146717179789103
4527,-0.36933679640657163,-0.06575116930184992,1.5262958527939772,2.2110949684993306
2543,-2.727664892073627,-1.0173831081954934,-0.0010486038060439214,-0.09414738495330931
6986,2.4665520911563865,1.2521889167722668,-0.786822054326586,0.3805911558133252
569,-2.835064013355394,-0.15482656051897392,1.3761523143901844,-1.9367870313678919
2249,0.6289993851503142,-0.4860052656668798,-1.133430582152118,-1.6839837583541561
4489,0.3644115066643378,-0.0855251336320783,-0.6539843423513716,-0.571975552841379
3225,-1.0963952541455875,-0.2548522073077916,-0.5463467723565679,0.1727297972019313
1015,-1.550778019359516,-0.5137499163138242,-0.8680671134385921,-0.03443988885961649
4779,1.9704418458884079,0.06270599737458661,1.0897639257495388,0.037883900271422515
6376,4.9349116364989385,1.2414568383377038,-0.803446789633538,0.6257177855031217
6645,-0.4534815764468808,-0.4925401643661611,0.40942208750832243,-1.9294667459229147
1739,-3.392960523580176,-0.4703143447021092,1.6296589781450734,-0.8604151907311383
1128,-1.2828510370608284,-1.8779429641153311,-0.048614288398910716,0.13610433636488298
2102,-2.689664276714244,0.20359467758009714,0.18494614256432135,-1.6045603642272759
4809,0.18180003977179937,0.6876853708588139,0.26072545734260566,0.5620190695549677
320,-2.933855885198327,2.2512068530061913,0.5016487791521382,0.3573725607541785
5236,0.3899959779419208,-0.8918807790440432,-0.3773302293425323,0.9000672579334317
6378,1.123274299737927,0.9478394267588643,-1.1905983399337652,-0.7718156139614886
4638,2.7428663361034973,0.7988180988485959,-0.05650581372224683,-0.8294999944824913
6264,-0.43769896781896,-0.02769447664506926,-0.413088580161453,0.7841507846985045
4288,1.5560687219697131,-0.005035539910910884,-1.4614399641654967,-0.3110831202723924
632,-0.9304467778038962,-0.5442325407031188,0.6049880903963833,0.39486913702555465
577,0.6787904929181366,1.7774782130482631,-1.4410635904720437,0.6860688649666199
6004,-1.525711635584283,-0.39041661384410414,1.5810141863522404,0.530136234479635
2925,-2.544532343720938,2.862908547677159,2.824092061113299,0.5069328915570402
5090,1.260781558608308,-0.05202794062022053,-1.204617210198883,-0.5101717379662885
1080,0.04726855348781264,1.300031255523476,-0.24477521847753334,2.5390789111110945
5114,-0.426305500409917,-0.64975815811699,-0.9225505696752935,0.004668754699807171
4466,0.282902221663634,0.2729532346269167,2.1856982667881226,-2.657302359340601
3849,1.187803651629304,-0.9287952021400113,-0.36060958282118843,1.3658779336392757
6263,1.2434085986745294,0.26608473628790735,-1.7519373657579633,-0.6457214041809416
6598,-0.972006723743057,-0.8537030084203354,-0.4120022367867888,0.07916152964049747
5700,1.6259132879249696,0.01675921609831805,-1.1932718080468525,1.3052699453327796
1855,0.357885881449793,2.4872142317662553,-0.7785835032423966,1.4408589101945923
4376,0.7796042707190209,-0.44789146576058037,-0.24393299564952067,2.6215372959619367
2426,-2.303349403927354,-0.06750694408190067,-0.8788236017110009,0.15658684493550104
1917,0.40631474224295716,0.7562146970206126,-1.6989600377659761,1.405212360619629
3770,-2.9292886133444593,1.529273999998453,1.0162513841550984,0.8382455771819856
6490,4.957838232658442,-2.034545309841295,0.16969695959956282,-1.2144643952569552
5086,-0.6615083110463091,-0.15355848494899016,1.5902382606055077,2.505764606854184
983,-0.1876702124204535,-0.4020411747948818,0.03400360194606916,-0.07846922033901083
6369,0.6475295753696849,0.9905695203547702,-0.20056371170286047,1.240031189289102
1675,-0.9544819666759106,-0.6836302252949115,-0.15028129183656808,0.7439204449637915
785,1.2464124684179707,0.9787143936951272,0.13566097618468853,-1.0373378314778359
5469,2.278571282040477,0.5996702090949775,0.10930027872505761,-0.6121854056958465
4728,0.8417077656624111,-0.762169605456198,-0.6061843601595129,-0.6925991050683986
2762,-2.8110013994324823,-1.377832623988029,-1.2298448717515449,0.5370543252959625
1973,-0.5122210865145133,-1.9709666483612858,0.7938596021331402,-0.7676039274627942
3181,0.19402044964874066,-0.035031265783199886,-2.11799468650151,-1.168012149354699
3720,1.2124518759741387,0.5494809284642038,0.4452075816763673,1.8900045162859236
6988,0.2857673932816847,-0.18068012733718872,-0.7128172786275192,1.972966484452914
3735,1.6700675262404723,1.8301445316135694,0.18478225382052826,0.04862189207505855
500,-0.7128873830846618,0.521844974672404,-2.452244954245056,-1.2531954844740523
5953,-1.0856199556570356,-2.0477361094738042,0.7098138292555793,-0.7474837900290915
363,-2.16593720498454,-0.039188142248366774,-0.475735719142333,1.6320269080903216
2117,-0.22365293843485842,-0.6125316363515338,-0.19970016328007043,-1.1721711248416977
2905,-0.38319958982445984,-0.5504437675249373,-0.3948599881460522,-1.8218949774449897
6871,0.4603349303321851,-2.983657915689098,0.29604355837884805,0.4626788891756147
1361,-3.0804206659676066,-0.7841817415946962,-1.687315589126966,-1.4361657455782604
292,0.48405498802329316,0.5281518389723995,-0.22643102408913782,-0.6166010999796606
2583,-2.1449349465601633,-1.1309375562023656,0.7355328442254446,1.7457815727923265
3315,-0.4110155005592056,1.2820033789013718,-0.5405398131608573,-0.7821587730550311
6668,4.017228178018283,-0.1709930730886027,3.0461930258618595,0.8755605274244382
6019,-1.577468762352374,0.13702811791588318,0.3554212246150729,-0.9373804339140956
1682,1.575917469107909,-0.8587831962328887,-1.0062419951792856,-0.46768047233885884
93,-1.4263151677045323,-0.056740063691156,-1.1671559503600475,0.29780935745922327
5727,-0.13840942593437558,-1.2501386321706245,-0.7646393146368643,-0.9361925457199016
5247,2.9607137977737334,-0.2371709117076032,0.1338855432363775,0.845120088548135
5262,-0.1038262375104056,-1.7610564884910502,-1.438390938456068,-0.7641172175769687
6662,0.439572208861827,0.1907945958375784,1.3638758754790543,0.07890939836375019
5078,0.9030858103978235,0.691738218570793,-0.3354062599255559,1.211642970829898
6958,-0.08068045913986016,-0.09424623866177391,-0.7891205002878422,0.9495351113252719
2078,0.20974218781180778,1.1277852508453672,-0.932993556173497,0.1318526835130927
859,-1.3425558148685535,-0.9430559224453404,1.2947263626771714,-2.5188119386392356
4329,0.32368213809155333,1.0528920508439656,1.7514986056160466,-0.03376185292452188
279,-1.3414101436064436,-1.0954134195366987,-2.1126335384922443,1.1087867428797538
5149,3.583960514499571,1.5662772054587017,-0.452668749250535,1.137139172085168
3816,3.045063740984688,-1.1528242950749368,-0.45406935413844723,-0.3713893974654013
2705,-1.3103894946709778,0.7909592642659674,0.08338607184483902,-2.422301964253636
1939,-4.562323637928487,-1.27089112584907,-1.0046888112433163,0.7155524275637383
4544,0.7009156309735727,-0.8443661783018669,-1.3310518071987605,1.3294932660638132
6653,2.2400786983990937,-1.0088580258616597,-0.32058831011444755,-0.3652386861257968
1956,-0.5083562701803671,1.3173522978539405,-0.020477397898695994,0.5565971026395404
4655,0.6448911707599495,-1.3441649898192705,1.4243109306894022,-0.1268380737137996
3202,-0.17777902417552174,0.28685115612588513,1.103454932192132,1.2621608071261632
2437,-0.38005592958335227,1.0671062318156883,-1.6770984828275677,-0.7299964719821921
5063,3.949296361487263,-1.0176989695895942,0.21481103220337938,0.9142082534221214
861,-0.09318630979531634,1.9059210702851024,-0.19294478818860705,-0.18567740472762878
6028,0.21099257034464117,1.0564182435482747,-0.33071043480896317,0.06682603720434355
938,0.08904711846179093,-0.5467549004573095,-0.1277770119694957,0.5241616214077539
2135,-1.9931686511853626,0.46213710201969943,0.36509591238419586,0.8088007623143082
2056,-3.257545185331581,0.603439451341867,1.751436248956108,-1.6418585787934452
6,-1.495885528278047,-0.29225319452683624,1.4808743907855686,-1.7336651646659604
1063,-2.029051863549944,-0.3224587745547898,0.6441176328181395,0.1237855437105338
3761,0.6713439850917563,-0.7000299786907986,1.3791758970273293,-0.716650890351752
5839,1.0454657820860906,-1.1383409698478217,-0.19261874176360277,0.7988239846280004
3841,4.341751802272848,0.9702982960715446,-0.82089866685915,0.16840617427896112
4951,1.075929207158704,1.6949574159733318,-0.21604895175544994,0.7609307621571765
5633,1.2693554461318426,0.6642804348887579,0.7456179966900807,0.5572669344755257
224,0.5847600317816383,-0.1855756638817114,-0.5505902970314746,1.3354358933386257
4541,2.040194989551041,0.4263591893145331,-0.8289746037075945,-0.7217473417765499
1523,-0.7895038126032021,-0.7766750736594902,0.08716702981935313,-0.9174592617334125
2388,1.054233360264407,0.8636254435317885,0.7295598112244863,-1.0289732870730208
436,0.6085540572022079,0.34866124722382774,0.043264916424264714,0.22522826360470213
3665,2.1452851755777353,-0.2865062071097969,2.5365885630057545,0.5632612988449051
6360,-0.9244736413420986,0.019776589152940678,1.0740078566617008,-0.23206437548417777
1043,-1.8567093247196773,-0.3271902561563932,-1.0530635421373917,0.6656101259479857
1358,-1.509089274274973,1.6315220375779473,-0.07519588604696188,-1.5442665026528968
1826,-1.6704013794187789,-0.07386374636479023,-0.047226032427298746,1.1045576418566951
3105,-0.2916753456596944,1.9975490983847162,0.04068232131209447,1.8781790587356444
5022,0.24878362836262252,-0.3722522720392065,-0.4504053708635054,1.6312010664635812
602,-1.305805583636043,0.41340718538321325,0.785722819069213,0.6142016051149152
6123,-1.8129418539205842,0.452231647456763,1.3636944168441452,0.3496023801420762
6900,0.8327147625587156,0.7051550591038895,1.953949949433745,0.17020068066794256
4905,1.8027792094350015,1.3720387475840494,0.6051914063644085,0.3571771858608761
6575,3.403052070364536,0.10581055965765919,-0.6966937293421481,-0.7652559511854891
1338,-1.0758003732795467,1.3763391538879055,1.0731440547943267,-1.071609626688975
4853,3.647881530980513,-1.244231293619836,1.4350812149152858,0.2291237754391376
4124,0.5564616818110928,0.044983147876680674,-0.1312936655962885,-0.21081197005452706
6385,2.2189573175862702,-2.7829646531204553,-0.35519600862896517,-0.4353289683371089
1853,1.575991318685935,1.2205694968584526,0.5678486035392855,1.601501333382468
3886,2.8673124001985992,-0.8090926563586254,-1.2549462002462757,-0.6936509103890114
768,-0.8958962427605235,-0.5417611970403479,-0.5981920770134218,-0.3090590679766253
1308,0.36522052027323104,1.3765127619816977,-1.0935577837908452,-0.2217827347455628
2079,-1.3502599720838264,0.5795461981700575,-0.9403541730233842,-0.8589758357131159
2596,1.1540727527603023,0.2085637926867886,-1.2226534211969116,-0.5017592614593549
5794,2.8804222905788297,1.8478503426086188,-0.31298157292899315,-0.20951271868283156
5539,1.9975225234635472,2.063387726678223,-0.8253457489660503,-0.611728657058877
5861,1.2299385689134594,0.13148121755725287,2.9927955010360594,-0.2649905931547562
1336,-3.6116090557945646,0.5012371917485136,0.28413323819610153,1.1932366485105153
3765,-0.04080428044039749,-1.1952961134610687,0.4622842534644559,-1.5348660820059554
4007,-0.23168999049074837,1.4572064955597444,2.2806467714163756,0.32615317034667424
2104,-0.39375009230823227,-0.5350751097313582,0.2833465501925898,-1.550073645977338
3043,-2.301353383496982,0.11897081828260588,-0.5006892771836794,-1.2554886470155786
3833,0.49185364519816943,-2.3654038798728076,0.367198621339278,0.45668063921238994
1931,-0.9922209328357455,0.9013169557726419,-1.7077285764128585,1.6647224829781673
3327,-1.8997792582078517,-0.1437908413370194,-1.069804716549131,-0.14346637233167842
2916,1.9074529338026234,2.408935875583009,-1.9885731614110653,0.053851032065282134
6870,-0.6320888066066361,-0.7315614277124106,2.107583951851534,0.4570563055944701
2997,-0.403444748139882,-0.9182171999079495,1.0436266971080173,-0.8715629151139284
464,-1.0619669735525186,1.6248261954388217,-1.1363988578553235,0.9618490711131022
6171,0.4313816974607281,-0.04497420009071728,-0.7111778408805485,-1.3190106591073818
568,-0.2316639926609621,2.831166524367868,1.0006331399960724,-0.18229249696634017
725,-1.2115438398949252,0.4745006498089326,-1.213676055590538,1.0071513049395593
4331,1.239328659467215,-0.35393340790679867,-1.002258584076737,0.23413571340949305
1818,0.46262677415596004,-0.131184469749542,-1.5135917396002578,-0.3169719362803312
1526,-1.2645272498109756,2.039478822940685,0.821477061176465,-0.0003534058921257709
5030,2.395773411919449,1.354311921070759,-1.637355504679595,-0.5235967459002375
1964,-3.233513404541188,0.6248518511492165,1.6531457343052183,0.7093794282838323
395,-0.6287230475969025,0.07918068370393434,-0.00225241563784036,-1.2902384187420481
2279,0.743444912893374,-0.35519982115927307,-0.1565378566530108,-0.9993756296092372
5754,0.9711058369014075,-2.3758232257150778,0.3113768425575967,-0.2724761683481041
660,-0.0056897123868952315,-1.2628908375392935,-1.3231257181601164,0.5140235415656208
813,-2.8805267613973156,1.923250056810367,0.8600708769887832,0.4805665115143626
2101,-1.9803904761845952,-0.4559475122671157,2.6335156073090524,-0.8991689761444956
1143,1.9429547009526582,0.6412574212202516,-0.5602738983855741,-0.4014198330715169
1035,2.1661423771183017,0.5279534228304177,-1.4985834858275455,0.08135772546335414
3942,1.5537416891542017,-0.20426364585507875,-1.506210130393768,-0.30319773590546945
25,-0.9924456949397686,-0.7669765098541147,-0.09728227702811176,0.8894355334753282
1823,-1.8786606169610405,0.7441337797229537,1.2447877004923333,-2.0302542709473967
4097,1.4063784490911506,0.5296196823715058,-0.9193843328480471,1.9006603873090429
2457,-0.9463441392576797,-0.1174521935774937,-1.1790881088941576,0.28776484791968887
6920,0.6101455600395513,0.22145567499003518,0.5733934407596064,-1.2350129564221255
6292,1.9506183489386253,-0.8878160213788939,1.6301508082999396,-0.08340806823919958
3467,-2.3202823398931733,-0.28798126886849584,-1.2394779730871417,-0.7175278136283896
1815,-1.216651737981326,1.3360941651034266,0.48355083267776655,-0.12191515637720704
6699,1.8170684433194881,-0.9223094702556079,0.12760726802631445,0.6751135541866923
3107,-2.624649322735113,-0.4233994836596155,-0.9316759368423086,1.33790982736806
5500,3.7000495535274593,1.0625650857020847,-1.5363960143717423,0.5105792021174952
1962,-0.8434881264099611,1.9026075806756122,-0.8063983616411539,1.9397848167249636
1765,-3.418966803172896,-0.3446973494039036,0.9792085649174783,-2.134247566754494
773,-0.3830925799593905,2.0591585580247296,0.3104783690385905,-0.1920330852473229
4026,-0.8725748412942449,-0.8344257561120876,0.7267930743182985,2.143957550963271
3835,0.523329415690406,0.21954033746443766,-0.0820638042387571,0.5824606333593441
5725,-0.6734007409502986,-2.249536919727735,-1.5738844819101232,0.6960606722259663
3960,0.16235665277384945,-0.828870660679747,-0.17310078934914203,1.9538743949179476
6819,0.9429399756291974,-0.5566011934847911,-1.359259633980232,0.08218685128631315
1153,-1.305019523040008,0.7731441981314373,-1.1758731432954401,0.444629873604287
201,-0.5154794177983173,-1.495149416380045,0.23011911823803363,0.349291598371123
5538,0.715027306382531,-0.043169682388358804,0.23111613630082115,1.46395572929168
2070,-2.23096858051432,1.7772501555950349,1.6981741849792913,-1.0790747361445099
1986,-1.3722174062572372,-1.0880588729257643,-1.8662538595104627,-0.9331793847184187
4312,2.95020522808189,-1.9180371108927925,-0.09671195920778401,-0.8150150392394842
5113,1.0937870368051836,-1.853876609169079,-1.4924974820442398,-0.4639629205995861
5123,-0.42321348699593087,-0.8343789038428016,-0.42673398289097464,-0.48210167571387896
6894,1.7269824407966305,1.3746057496100024,1.1113814693622672,-0.4828322471959361
5808,1.4134460702231513,0.8677710845324087,0.3455242520482893,0.3594713903763487
5199,2.3974315062237177,0.18201554286346694,-0.5992039838712574,-0.47941491828543453
6568,3.236642509546681,-1.3961174410044994,1.648085117269254,-0.29309203915307924
5362,0.9091597283993508,-0.3856083690996427,-0.06646213327330527,2.003294400980461
790,0.4451913381177804,0.44241906622221006,-0.8397072789281845,-0.7465057632785366
2346,-1.5147259314076422,1.1358140327720285,0.6617831026122355,0.2605482916529151
139,-0.7691780447123678,1.4037046513972171,-1.1582048481212701,1.785321465602273
1886,-0.5279389608721039,-0.09854076437643886,0.935076369280013,1.060732429549538
338,-0.799417936834279,1.1097519584724675,0.9388595320686745,-0.9693761334577659
260,-0.6290682424380045,0.019638943064579754,-0.6818289998039507,-0.1041580034014448
36,-1.2366439476143052,-0.27672939472220315,0.6272310107648897,-1.3503018239359434
719,-3.0122913766798107,0.0316439536259404,1.000463802946761,-0.603101537612566
4513,-1.9980266024838096,0.9202521624267198,1.1057126231054049,1.2616640516694748
5586,0.964914010528404,0.7316956207576512,-1.2526029674987769,-0.5556783503369455
6772,0.8373640484328142,0.4045553077288711,-0.9842300315195057,-0.7530512138983786
4350,2.3805763663243225,-0.5090680611252236,0.5724071490152225,-0.7899556715060082
376,-0.7362198702080051,1.507965886601142,1.5144278757254228,1.5259425480576094
2525,0.1181173487143865,-0.1406526384736051,-1.6768186506341076,-0.08473840835647467
3642,0.9056192128692295,1.447087927892453,0.7864942507148637,-0.008732930482680236
620,-1.4051437660648463,-0.6905400457486512,-2.108265643433403,0.04146997274339466
2653,-1.345130478464547,0.4780464491559628,-1.9717489248043627,1.3403303827108113
3147,-2.393951769645994,-1.9587317569919576,-2.689364947949893,0.5546559481639449
4211,-0.11941721498656238,-0.8415559214665316,-1.1906375294299167,0.5506161471057472
1107,-1.3728948984196891,0.28829264880905453,-0.06713459322969896,1.689007393888654
2618,-0.8402911115789508,1.0592885376237657,-0.3553340983089724,0.5326039806043095
302,-1.742929801382264,2.071660253915581,0.4345966762655489,-0.15549598362045594
1075,-1.8856168721519029,0.06568676743986157,1.078576078679019,0.23079088774267423
5992,1.3508185452574404,-0.22447126791511965,0.6851711963263515,-0.5572099774476237
5643,1.9444401923829246,-0.8331532730620798,0.028021060982277513,-1.6396879867693852
6120,1.7277100963573533,0.6034918249568476,-1.3990515655624494,0.9147135184381319
6311,1.0120587890589727,0.32834129175674376,-1.0159171062471115,-0.01007701701208666
4714,0.05922871984993731,-0.6233502776243747,-0.5376365078355791,-0.33899378385743373
362,0.30640715528782636,-0.016196947190625376,0.12183169501673095,-0.9905205903820078
6063,0.6678921412034375,1.234017419385714,3.604709867073596,0.8776175404852046
1565,-2.0916656540614817,0.7965981227904461,0.44336042420325306,-1.7118274375448659
3531,1.5517421923463413,-0.8798208218056573,-0.8176020936478761,-0.2571729215128864
5187,0.26446707352736787,0.30769474099487754,1.4363092802698247,1.8479443442061811
733,-2.019977347753778,-1.69877777059989,-0.16078278957857797,-0.24027792887009422
953,-2.091514449048415,1.777434658017158,1.1137921871267027,-1.7598049189570626
481,-1.0135803288970353,0.053151894275433084,0.7861299615530442,-0.08304685071603243
6937,3.366945822622708,1.219345516579326,0.09840181901287098,-0.2975512800201229
2474,-0.8127440830593448,1.522044371517032,-0.24293277707591307,0.4806874974161416
272,1.7344089601814352,-1.5980471580026694,2.1389017091806286,1.0485260188762198
6183,1.027903286136923,1.9564693104265036,0.14068785609669285,-0.3535003936638345
6893,1.0699687789856314,0.07824140248795167,0.1739916727006415,0.36479577783785727
2881,-0.2661915722296013,-1.7233207211828823,-0.6315769280643927,-0.05972152400271447
6918,1.7743632253602737,-2.01216724706395,-0.8166582061922539,0.4610902202345161
4046,1.8807749711063564,0.5671780197159568,2.97220964002693,-2.2492582427236094
5169,0.5268603636833242,0.42544178424877077,1.9166761322340597,-0.7046808382665797
6316,0.5729204591340175,-0.8262128797135623,-0.02908381918127873,0.22750419791408466
709,-1.5415615471650248,-0.9810273382768115,0.9941727073240457,-1.4166612886631762
5903,2.969779594520482,-0.5152597129756644,1.900040356236701,0.09474311853953485
5261,-0.3139861829529053,0.26616188326668344,1.2088603784610945,1.1658133978951224
4013,-0.20421712433738878,-0.6103473987953577,-0.05780079916940457,0.8587056142057128
2849,-2.0055682896130884,0.6673541953423314,-0.4131852221892031,-0.1929479420381339
4445,-0.31849082973769854,0.2006536393871085,-0.303610061198276,-1.3627435608912775
2861,2.0750773764245913,2.1269260699169945,1.5692193782211385,0.056915573527219675
130,-1.7656407656107338,-1.15449439439656,-0.7816953997121439,-0.2520656663963664
5431,0.7454703438656606,0.43704840206792706,1.7323894654108312,0.7576692889650402
2950,-2.04210478524011,-0.2622620012056019,-1.4204714277145143,-0.4887108190066609
5599,1.2554004732361361,-0.43420736626495166,-1.1107276897391563,0.9729676411191411
5526,0.5382987073115811,1.142588384324866,0.6961746780049743,1.0520766242616204
4723,1.99989413440518,-0.1828319643606025,0.13339279205122825,-1.0011093580165804
1365,-1.2635243866403085,1.4623262150198073,-0.005753713514361225,-0.8727510234598993
490,0.5300105369778347,0.6888831232546103,0.2721182716218365,-2.0201133635144326
4771,1.19506943207769,-0.8087890755720244,0.3885160487563325,0.34866685946243386
89,1.438387249998441,0.9141770502789764,1.2548424223778234,0.7339930550996504
1635,-1.7083335735781466,-1.1466178182371625,-0.6736429476900463,-0.18511055974060903
1992,-1.1564047868426788,2.088799996678236,-0.6241443320216252,-0.9303905061796112
3865,0.6823428389941706,1.2586471944197024,1.7555476141067914,-0.36497762560131264
351,-1.4236643047325155,0.9985006887926421,-1.2012658818474873,0.00966316862713933
2234,-1.5044671890598798,-1.5897024025875444,-0.8236087995963177,-0.49275566986621805
3075,-1.8918954550174703,-1.2878331972429367,-0.18892079954873303,-0.020992218980116814
1218,-1.980891459273889,-1.0956964641550775,-0.7685904521948829,-0.12481623595398739
3789,3.2238101885704076,0.5086466457446241,-1.4900429616486164,0.5230240231835463
6073,1.750210216403351,-0.8549961467116297,0.9115166832694748,-0.818881542264025
3925,0.7121008397030644,2.1096920239138597,2.7299550562883717,-1.7535568936092045
1942,0.10474785496616196,-0.4273983259318155,0.4898465239706953,0.043164204456061936
399,0.7396142606502527,0.2971225975937721,0.709084262302677,-0.7633830523885213
875,0.48690311350693793,-2.430009648690627,-0.1419930300098715,1.6354050801504227
6116,-0.09256566302213934,0.5647288340738708,-0.7073612832255446,0.2907312597773213
6969,-0.020787204969042076,-0.9390638546203588,1.7748340960996303,-0.6326137399128703
1049,-0.5222631402025428,0.39556321988913146,-1.7562202656590278,-0.5527535898964431
4500,2.2606342303334137,0.5872810162929971,0.4420309471647764,0.8123202249727237
1821,-1.112972438041267,-0.6737053290744586,0.0154976219544688,0.3326407171901423
1100,0.4379362845179923,1.518077078025876,-0.27698881892190225,-1.6029600851481214
6124,2.081245687992393,0.012067449939218353,0.2680453562074078,-2.15337538162812
4381,1.145268986558674,2.540920738635027,-1.3115655198054834,1.1367827492125806
2024,-1.6316537461814078,-0.9578593289855456,0.6776418899397352,1.3632689881822533
3475,-2.241518874184089,-0.2462862036024704,-0.5698025699049099,0.017209380711845423
6882,0.4198611637101261,0.18196421376231853,0.11908762138492562,-0.3401610649882669
137,0.39990465329580105,2.058950011735148,-1.2439040273205348,-0.007545067687960375
3113,-1.5400342502401432,1.3394391978797688,0.9853213872495202,-0.45955605206102557
421,-0.3342211533584844,0.27093910391970816,-1.829701557866204,-0.016849609038515907
5812,0.6665428964473366,-0.9142664173890893,0.7094896750044967,-0.39522665785941297
1401,-0.2759265003913585,-1.0275368963182816,-0.3040958603176311,0.6547977217871299
4800,1.8005754051523832,1.1438900404088737,1.170034968542138,-0.13042481751269058
2083,-2.5662485399758688,-0.17368570763336297,0.8783272692691451,0.5486351377632994
963,-2.157509821398339,0.9370335349727498,-0.12714901844794596,-1.8195463132782912
3808,0.9941066498971266,-1.378102313619487,2.9839249807637054,-1.0215036795722938
3211,-0.2672215751979412,0.6099129590540358,-0.35968220657700695,0.26101379666344016
1101,-2.1051901716487724,-0.19546376209363384,-1.9062241928416024,0.14391159570352308
5901,2.6300340666444284,0.8692315102548435,1.8991279408249868,-0.4210713838035775
5495,-0.2698034148552477,-1.975501797499722,0.009169061256117545,0.5558954660856931
2515,0.3536076039696553,-1.0648988341248293,-1.6953177339058478,-0.5590267555474132
6017,-0.8106919020492225,-0.6956430198025763,1.2576951076055902,-0.81880780060161
2535,-2.759407678561664,-0.2255744609133278,1.0751509228526754,0.22348233860905511
2738,-2.2427146181986815,-0.8448253217709101,-0.7898098548950314,-1.5280208555971952
5068,-0.8203088331257286,-1.3642079410051922,-1.0865966998061674,-0.4411359957988653
435,-1.305365922229504,0.2876242210447436,-0.3189699651621068,3.2450805158079667
4907,1.486340441377849,1.2243352187323215,0.0946167941828894,0.5653176015224869
2303,-3.277526998415781,0.6107707964733625,0.3242493176801059,-0.8040909449200128
5820,1.0633636551329773,-0.1690913975441261,-1.8320034256967708,1.6299484989789932
829,-2.8531186085947424,1.4917901985317172,1.9802974373642301,0.01494022782437663
788,-1.9833436446606016,-0.5253386831748208,-1.1210361458060198,1.6950185576606545
4770,-0.3798031949807032,-1.7814228936579939,-1.0903630190064093,-0.11222303599351396
5219,1.368143268252452,-0.057202697635830094,-1.3441379958919388,0.4479962938590014
4749,3.0644375143906544,-1.799973545587724,-0.5455085893160803,0.22822987625430044
4887,2.413029752788341,-2.357391019381692,0.494848798260987,0.23389900643281142
456,1.3339314790725314,0.9148401435366765,1.5187838088046015,0.1121297445638393
5684,1.0701179781953312,1.0483560936291259,1.2974669425385446,-0.6406279193429384
2073,-2.826905134795447,0.8367768065663234,0.7145285736219106,0.8436360672643392
3060,-2.432613980968599,-0.7929362198062576,-0.33327676712594095,1.705516453017225
4647,0.5475636255966981,0.24974852331819133,0.39196595020482167,0.05162664253801686
1451,-0.8444763651289842,-0.7526948347444766,-1.318552832445924,-0.578458825631148
3176,-2.706442994062182,0.9516749430555478,0.1707667364315714,0.3208676014218729
3581,3.641566969957295,-0.21025377949597662,-0.28280801088188173,1.9384716053430215
1105,-2.7262023556683324,0.23206517204590565,0.23198431125134653,0.8608436359261841
5597,1.5436260302540177,0.17535625433712743,-0.6834699639725464,0.06164732466273029
1770,-0.10796137691029326,-0.5042439234981303,-2.156330409853045,-0.011705450207590931
398,-2.919794228565359,0.6326867487833571,-0.32381528934030424,0.04512916852874863
6347,-0.26714045311111095,-0.41379570830439344,-2.755981990448804,-1.2359793763528848
797,-2.466287804426931,0.3448898628684102,-1.216259831757205,0.3589487604147636
3658,-2.9437660944985162,0.7537525831586179,0.8861229219403896,-0.9062724623633758
6841,0.3130427789176322,0.6546508932052769,-2.2220421672372286,-1.2568224022162393
6696,1.833654729324616,-0.7006104689331158,-1.5115634084735785,1.160402197511308
3220,-1.8651943140701572,-2.7989104179559496,-0.0034623357778561944,-0.9005334514164846
5806,0.6679048006421471,0.6969585893049233,-1.1404347778076542,-0.4790878314801701
4974,-0.4155066187788187,0.9514644057659524,0.5893447349876005,-0.593250429545309
3409,-0.011486260834960519,-0.8610103616865364,-1.7333922438021927,-0.40062438386393107
1458,1.2074686493550117,0.14540862526181797,0.41606079363968157,-0.5395931299467568
1664,-0.9390792245085064,-0.11852193127274538,0.28265543580491315,-1.0078229446522096
1334,-0.7695873267802641,2.529389217797892,0.4009000184328844,0.8569519868134556
755,-0.6592134376407889,1.731413144630257,-0.33894061988427,0.05935301310018491
65,-1.3930333016341363,0.18658965049763288,0.9545355614784369,0.6640555958868872
177,0.12885017416252298,-0.8636748738913955,-1.4566643920145315,0.8159482528703014
1747,-0.8649066960865202,-0.22057677137700885,-0.4565040555350952,0.3144431712748519
6432,-0.16253139667251176,-0.18573128016279197,0.29425465500677705,1.7166838852796968
4143,0.6102056416658186,-0.13229582194612624,0.6092399116669271,-0.3663788987998194
4140,2.6360435458383473,1.644976349841464,-0.4439840492313541,-0.7638934754870923
26,-0.19804773071670714,0.05983770828536606,-1.3320821239165104,-0.4953511047147177
3051,-1.356814042879844,0.13405278195841958,-0.6673266968457057,-1.9810462307648813
525,-0.29912665001453803,-0.03234645579665914,-0.9078661180494562,1.4901715035391856
5397,0.7258652828172684,0.9723809202249185,0.24541809494303687,0.151423447344918
3301,-0.6627193806401253,-0.4727366031213835,1.3283648319736687,-0.13879497163762652
4535,2.4353819325688697,0.35331893278742876,-0.08756225205640358,1.060509471444669
4300,1.7927597251836163,-1.5224479809422256,-1.0174030865923887,-0.4336721948628199
5242,1.2996866616211014,0.22427473096976935,-0.08151799498784633,-0.45866664129227647
2369,-1.8273054761081733,1.277021508258785,-0.5796566724864123,-0.9333305200226315
3663,2.3884320224554676,-0.6904363132767896,1.1373992013470808,-0.8384493924099132
4023,1.8321091760704464,-1.454269208439623,0.27259267581188684,1.5488666464049932
664,-0.3820536188086264,-0.5078567506658233,0.5897633371103651,0.5455061419276626
3941,1.376982818937754,-1.338067770295795,2.3282594219789696,-0.8919921114063741
3229,-0.556920144052158,-0.7725101802675403,-0.6388715721772551,-0.5599745957538231
4605,1.7444899666026399,0.7215232981846053,-0.7421363231303272,-0.7291354468469464
2456,-0.6697673959283611,2.080411725503843,0.7123472842246275,-0.2514817194003677
1221,-3.1746131872828696,-0.6517622575889369,0.6264595774185479,0.48772012529488284
1742,-3.4305719210128247,-0.8217259455636353,1.1579961690359633,-0.6083538832202717
4884,0.051571287300019295,0.48500622284423395,1.047971283460498,-0.8842450765889696
332,-1.0078783386777332,-0.28169773292066685,-1.4349847375440443,-0.5160637202416931
5871,3.5400833176225723,1.1375969197750655,0.4206750669260835,1.0727276249965072
5999,0.7419662389777141,-1.685298621962971,1.0400022729868335,-1.596552563804756
3891,1.6966927986406297,0.8426512651202094,-0.5152551982273819,0.9122461204770769
5093,2.8824625166938542,1.378981742358091,-1.4284425642346683,1.290354844027952
598,0.03752345750925642,0.3926299709386569,-0.09897283921278804,0.44339172966517193
4895,2.5874220205342984,0.8814696727675425,-0.2200595983891984,-0.1875326568327453
5266,4.276044603125767,-0.21650530112753644,0.3517102984161834,1.533592135404691
2434,-1.9921107692726,-1.3409677906818265,-0.11439583431386073,-0.38210111318534956
5962,1.9962849299513281,-0.4647121802155148,-1.2304771356101463,0.4596753346075722
1459,-3.1758515667524296,-0.6000677221486095,-0.7904122779402439,1.6387898325471006
146,0.49386401474699504,-0.09886965412758543,-1.14359171026685,-0.3204797735296884
1415,-0.1223942687385206,0.7764261530436706,-0.766214449195378,-1.163056492924009
739,0.1925182386751044,-1.0619326144012817,-2.0796679970132588,2.05442787890185
3823,1.1790307557578386,-0.5763059519131544,-1.2684029445866598,-0.0995222436520376
228,0.17562887892266296,-1.127751034851825,-0.09828408882748864,-0.29560456062132645
3076,-0.3314995860052128,0.8053169536599689,-0.6943309422317222,-0.30668671874286185
6666,2.306639955409893,0.748655716993489,0.30945264987559673,-0.335217660898526
498,-2.2492385328855,-0.33319554545887353,0.507711050896128,-1.2869671613904814
7,-1.2070711908765477,0.4008906187764274,-0.13981959168227753,-0.9200685548592721
1977,-2.690743392290027,-0.9738114350116742,-0.3072285553801531,-1.5940188542655545
902,-1.4314812885131616,0.5846483815600958,-0.17342666078071492,1.2677655895243989
4686,2.3436577970038712,-0.955374527389605,-0.037747047796872324,-0.8156982294326371
3379,-0.11776953103882973,1.5012660773415392,-0.9888241364609653,0.19137446742374822
5244,0.4483591332684124,-0.5982728382237598,-0.5732387530847717,-2.1331382626257325
5563,0.7483089631312518,-0.2155905261893703,-1.2214988049133215,0.9471420289709465
370,-1.6041580260825954,0.09884207474661091,1.7622298550478,-2.0320400577567814
4844,-1.5993321255366069,-1.852994906210591,-0.30283654309003766,0.0016983390076354972
2365,-2.06338270229727,-0.22154320559733723,-0.7049276555246594,-1.1731846149084764
2701,-1.7891662994781032,0.38280800511423585,-1.083379898304819,1.8687907637296128
6034,1.7023438197707865,0.469227456398383,-1.7979066023618138,-0.2698415072681782
1237,-1.7322004016603456,0.5264636515577846,0.8838700376720968,0.37864503038094965
3643,0.35420439116680547,-0.6467938638658768,1.4575261619956732,-0.6790820055893362
3286,-0.07335673546780282,0.24820841019247575,2.3376253531931916,-0.06815221067270506
1932,-1.5585090679126932,0.06357447158802841,-1.8489468635368127,-0.41024223057112774
5616,1.46040526170629,0.08799392025535735,-0.6423428906591331,-0.8288309668402792
1219,-1.7195881750129558,-1.4182973500024953,-0.9355580947221337,0.055151605201687846
949,0.3085203506351469,0.310529714214676,-2.482700878389008,0.4080503746918908
1717,-0.8677469289402006,0.8434352239501429,-2.3745669410316297,1.0948415458585214
2183,-1.0020752298755478,2.294155921710879,-1.4032488581268012,-0.2326031168878312
4030,0.9798956757289686,0.08303526919830426,-1.784176829555117,-0.7381357080548183
2576,-2.74007838465951,0.19113590354783738,-0.708870249035511,-0.06656015051497337
2325,-1.0960073944800586,-0.26624898533982955,-1.162568130996981,0.34579964359919346
3585,-1.0774750069362364,0.009024873460909496,-0.003100079050260188,1.1546549982244365
5506,1.7284090865446091,-1.991062119892455,-0.9179583871946573,-0.80136043430465
138,-0.49520288606681134,-0.2014738660045487,1.3005055466027526,1.7480005658783306
5578,-1.809762855583972,-2.272597017298322,0.7060038350542271,2.335198588088176
2017,-1.5792301126791264,-0.5983384254846428,-0.32260373647698304,1.7963257253632616
251,0.21314739217514372,-0.8697182181128874,-0.45648078362024525,1.5146611419394331
3784,0.3625023701146424,0.6716629326517864,-0.8718282483052322,-1.7918214606635265
5683,-0.7625125111821058,0.02409092334567582,0.8573229665697576,-1.9267046985268839
1090,-0.3809750649832736,0.5963254925551849,-0.7321912579698154,0.9933039967112327
2016,1.351775450236349,-0.5330080980803527,1.1353331780883305,0.4538274801751624
3372,-1.535508321396265,1.5552307374763972,0.8979198030143838,-0.46683233295453425
4875,2.5992334297030966,0.032551088921748114,0.11435712669766225,-0.1138042154749127
4305,0.5266996681748396,-0.7243959635980003,-0.507973995208297,0.9638746595482724
3846,2.53392330816442,1.0088333598604124,-0.4557657708500586,-1.3418393529842643
5786,1.2460771666255217,0.6009049682103087,2.2786374018582727,-1.6520654661245253
912,0.5571051154336925,0.9667395968338212,0.6710735806316673,-0.6972800352720633
2863,-1.2259879356459333,0.3046900341197475,-1.5131928524602516,0.8129733632728979
2415,-0.9326974946683085,0.3961410240978317,-0.6090921066079412,-0.6457604288734418
4471,0.47298992835277814,1.0538165054004833,-1.091319262601611,1.1182756727225487
1281,0.6388468890129119,1.9141283948459944,0.715331108145915,-0.07160713152361442
2682,-2.767807516552867,-0.026906112455187554,0.7806878868795372,2.272825612682671
5447,1.2498819181143024,0.30083750074980453,2.490162688742859,0.7862393509842572
2307,-0.8760657645746548,0.3978322262880897,1.162623610968094,-0.7056669942090216
2118,0.924487659082864,1.0829448226873053,-1.0830572824330722,0.4407302891791574
911,-0.6658239970035674,1.1393909959848416,-0.9071360521985529,-0.7437946594804496
4442,0.023917215420850506,-0.8830523717042885,-0.5022037930136038,-1.5534807123658452
3432,-2.971614443303173,-1.5566870520530245,-0.7564207756668464,-1.3714497017959448
5779,-1.0722407795474462,-0.17280950101438078,0.5305852264328714,3.605406949300624
2158,-0.9347269355096651,1.1165898967055286,1.6478855153867193,0.8676968804113315
3584,1.9567526245132572,-0.2502892818356879,0.9030678797259537,-2.3351070842442363
2670,-2.491946808970368,-1.2367473567593144,0.3910452481539851,-1.3858704592707014
3450,-0.6084509603460901,-0.5815383891293934,-1.058541758837072,0.690920340527058
1241,-2.4124139966920475,-0.6045372315074948,0.13281647199921806,0.8614502338068134
1089,-1.4826416979207209,-0.35647115780688776,0.04000630136194132,1.3123917536412149
2977,-3.0347040958784226,-1.5095418500129874,0.4024717380499411,-0.07861544204842778
4194,1.4449221392979401,-1.2412970299839594,-0.5983428425688554,-1.0655078726411433
158,-1.6866609928743612,-0.6673035470096688,-0.7512350920595403,0.3046935505448504
1708,0.9911734935219261,0.4488811139701709,-1.0799611738598407,0.5362153531035057
2425,-2.269804053530327,-1.2497447257465126,0.3156269369593674,0.8060817221517605
936,-2.255139698275922,0.8833358053864202,-0.8461702263021124,1.735479570631837
5112,-0.16686610989027517,0.2225587899189458,0.012056569099744216,-1.895916734760138
1829,-2.2725538254760247,0.3030795483977732,-0.44877702826548743,0.1959467966686144
6037,2.1129941332095483,-1.7810103785114673,1.4717983799696115,-1.0311342753120705
6593,1.4911424538072755,0.6689669356185562,-1.4674296619624199,1.5359317161792347
1250,-2.895229595647971,1.8320848315420155,-0.01731687455418838,1.3835130722260165
6807,-0.10789358673846909,1.0876494448025387,-2.165103126736736,-0.20257395096908082
1108,-0.8922704286311928,0.8732895714240558,1.1316127043027935,-0.15997868306054736
6635,0.7151723861754429,-1.2162295950280204,1.4838509255239825,1.7458790789321272
736,-0.9845360042640274,0.33008627809933433,-0.5704054086105136,2.316943146940563
3604,2.099557090697165,-1.7611438022991446,1.3455699144376998,-0.2562317194809414
3448,-2.8440059350138673,-1.580216288966105,-0.841779839323244,-0.6224474666989204
954,-4.0249287476143305,-1.441420787723876,1.1538605352098592,4.156191055631536
3155,-0.9455132672948175,0.5159756675422236,-1.1548509736873978,-0.34208251924342314
5638,0.6984816344189569,-1.0276134560238521,0.3111652267431037,-1.0343452362442032
283,-0.5546400665218009,0.4332102601709375,-1.1889158658957157,-0.12141965729183325
6992,0.644911067316146,-0.6471674736656872,0.9483703227881535,-0.5005445444567946
2753,0.5899155479474572,-0.4903522863316597,1.2968956669299423,-1.2713882506261305
3245,-0.34867337332066833,0.3676137857661986,-1.3115871229688354,0.16149655023308274
2066,-0.40581004881871446,1.5010267234591987,-1.6088978556927338,0.5450699446328188
1978,0.6329585850882216,-0.45356015692050045,-2.1033219580236664,0.396741833221806
3974,-0.9190858796325246,-0.8976534815005179,-1.2067303562408818,-0.33737110096047623
1792,-0.7808890042750819,-0.6595424270224391,1.0886581462685956,-0.4257720448808875
5391,1.2932831620065803,0.005902725319215449,0.46016958005418723,-0.4257345136844599
6641,0.2865997200295097,1.3655369246426383,-0.5621171365261852,0.6265803989435452
6242,6.511063127166723,-0.5285384334871207,1.6193901180118462,-0.22147388797007994
5773,3.05476717478971,-0.10633574885149215,1.4347000156087266,0.21561951553494382
4185,3.3828189223946796,-1.1257501782477033,0.8668367746505637,0.3007174664903531
3197,-0.14675089273503159,-1.2128625375423425,-1.444240611380774,-1.3594890674672722
4889,2.27839226682802,1.0377688498468147,-0.1833320778861607,0.3033425203435757
2005,-1.9312813647442613,0.24301228006934866,0.9110775177221256,-0.19921383483196203
4667,2.217248487849115,-1.0571011917743887,0.20580825497017227,0.47044666811463615
6642,-0.6389013859152609,-0.15319278269341516,1.7682575726613363,1.0917670812318883
2475,0.28181578441356847,-1.3198794729540244,-0.8854173497634001,0.5170101787010539
4193,2.124992572069678,0.037184191575724064,-1.4323339222084464,0.1735998003878157
2787,1.2809694354462753,1.4989262901549096,1.1833052095682846,1.5177612302380539
6386,0.8056312527915677,-1.1723075413077328,-0.9966221067514822,0.7920704918393828
3826,-0.7707206569080952,0.8116386295045482,0.9449532393845164,1.9404710915629082
5021,-0.38904185496695187,-0.48026061888034294,0.7832433359756291,-0.18876010396042397
892,-2.0478545403970947,0.14021476976035213,-1.7368631281501838,-0.7070725964125114
2644,-0.44671573340811666,1.919262212867583,2.236793623536522,-1.1979258714566223
6877,1.710466598399665,-0.9022880943409652,-0.010517989786128522,-0.13739119997189084
5185,0.9910102927726312,-0.6514307402891244,0.8835188455326646,2.566882014616945
4573,2.2811051261198214,-0.21779650440455095,-1.4276962453930793,-0.8529660368828548
4563,-0.012224973768630017,0.5938021577913799,0.544665160781063,1.3257646549118756
1725,-3.074719931480508,0.3363487450636771,0.9509082133155331,0.33780573747895204
5116,-0.09304030740418916,-2.2230774260518555,0.9358851045425157,2.0942001272315465
2051,-1.187647070620122,-0.25968353855411574,0.7183666681891472,-0.14239548852701644
6322,-1.3084720753858974,-0.36100125300783437,0.011765691621908715,-1.068547761344165
242,-4.779743567927765,-1.7083615196110828,1.767902934500017,1.0930289556419843
5600,1.4648684628898754,0.34737527133031754,-0.1534365565803034,-0.46523063574000134
3951,4.254459301811035,-1.1607569271765676,1.8551929196727146,-0.7695406347010129
6444,3.252929920351783,0.6153590787982504,-1.0372276437133179,-0.03947256903664289
2046,2.7459130932632316,1.5472803983969192,-0.5004146325072869,-0.1705578345687642
3900,1.218272690983438,0.8544014306238318,-2.4065220998119528,-0.26405685014256036
403,-1.8115399295033312,-0.25139730339517913,-0.8753628552128769,-1.214953119566226
6491,3.033227548614607,0.47594181087796894,0.9517025708064334,0.2820221794850543
50,-0.718781033062641,-0.03546707038021465,0.053300986924483575,0.9461613168799214
6113,0.5013066373239856,0.4120727161527499,1.5274206362165976,0.05983520593538334
4089,3.541069717384951,0.68271195597737,2.350477977476643,-0.1867049035468332
4229,4.500792563143701,-0.4247400887376397,0.104316978299212,-0.058983128667749345
5312,1.8904563288353506,-2.0420687478471566,1.40468313294884,-0.4424988625560209
558,-1.2874561779781002,0.4048669530556985,-0.84725143336821,0.45546424793051077
2774,-0.37886884091998496,-0.14964292869636162,-1.1864969694165064,-1.67732053160002
4793,-0.653670142549444,-1.2207837794425396,-1.4046669695651053,-1.1786357796898261
1208,-1.7351544546041069,3.288516491656249,-0.22563215511721516,-1.3432047375205431
5166,1.9576247193897982,0.42861892102878574,-0.05913543297201307,0.6946612279415906
1151,-2.4149534716238508,0.2745957566441633,-0.5332028553651453,-0.9683228969223634
9,-0.2688731234837929,2.6556826249946957,0.1470164359540598,1.1984602679852736
3755,-0.11300990377416609,0.6694547088380618,1.0339752031807625,0.7731083191004671
1707,-2.4939269976821623,-0.2394685823783041,0.9215126971227574,1.323877667792574
2593,0.26314885481074235,0.2247589098036669,-0.5759538766619644,-0.9308569982285475
4777,3.402926223048545,-0.677338441783307,-0.3074408525802274,1.2473306631806629
5829,1.3066248092802362,-1.2103628723354194,-0.45630136123022214,0.4819224312972319
1614,0.2839309366488628,-0.20578515174665302,-1.5738724736489351,-0.30837118032379274
1071,-0.22046058901226975,2.68280949898965,0.8850474961843238,-0.23607746438234295
6889,2.53570876943172,1.0964195301827215,-1.5231850374346199,0.5683969205725261
5402,1.1798331840060885,-1.3608909712582884,-0.7194812577328733,-1.135170090860297
6656,0.09485277711078104,-0.6459114630490461,0.68866110228371,-0.8424903351191879
716,0.4944716075969159,0.3872274092601191,-0.194928340126531,-1.49448100666028
1896,-2.136249873004505,1.6527317364164076,-0.5912671526868892,0.6942889957545928
6359,0.8367613214011557,0.8539530729581184,-0.08834125784707939,-1.4256479395059483
3262,-1.0243335619789515,-0.5613273139254471,-2.422255307035428,-0.03938815082127925
3444,0.5399558535358244,2.4067540283574353,0.9404817091771094,0.4102699301778093
4175,4.642136083898988,-0.207758355121355,-0.6699864436895374,-0.1837638053254685
4425,0.07797385408995595,0.21028236876447046,-0.1154767515416692,0.6258361389555902
2123,1.0515542410702066,-2.024377825975119,0.5288882819459959,-0.41671258647721204
318,-1.1786824446256632,-0.6984270958478471,1.0900400168268178,0.2897652502479232
5042,0.8381113301089222,1.4199772005823366,0.18637978290627932,0.9446947628627085
4133,0.13065881962673168,-0.5142198570044384,-0.6356584452418946,0.5604381473673468
1672,0.7690038378689026,2.6080607015730126,-0.35718559460367233,-1.267758235957717
5118,-0.4711582678317523,-1.770877940827444,0.4769636819883424,-0.08408986170435225
4645,2.2175377327845416,-1.9577680489003142,0.756619542074036,2.0769234719043004
4128,3.8262109707532552,-1.3769223672626743,-1.1883001929038448,0.23761161661954083
3635,1.9080407727330688,0.24115539912143302,0.4049933060384653,-0.20431505273941178
427,1.5957329562788112,0.8040418106305264,3.2847492715179536,-0.4057079933233341
3426,-0.9862680635794276,0.5813260821653711,-1.8375202750043957,-0.8676488770619364
4158,2.3466992566332046,0.07709735161862004,1.1411070555592209,1.9871342926141793
2536,0.11561035400302021,0.8027354673272509,-2.031569289603718,-1.0743574265585365
5161,1.4210466745147388,-0.01097597015977874,1.002753855083508,-0.7811467619047422
2591,-3.551536347791884,-1.772753808918121,1.289486660857631,0.27271287217051365
546,-0.9781017831057706,1.0347174865826803,-1.6873598465225337,-1.394239581347255
5404,-0.8949522827266821,-0.1900016779385288,0.6802642881285694,1.0626523913342232
262,-1.6421019688097924,2.176147835096487,1.3452751280121595,0.24293595934058254
254,-0.17601979377665228,0.8422283149385953,1.3604291445166243,-0.48435271590748763
2533,-0.09205821561003796,-0.7664891749935169,-0.947088886326348,-1.163685984967907
6961,-0.5136866971176435,0.11811185994464134,0.4309994924833693,1.3028587615523837
666,1.5061341558809633,-0.6069267515850989,-0.0391098470799006,-1.0479110487055496
6106,0.2753561359949901,-0.8421600654128177,-0.752814596889917,-0.40856276758872795
171,-0.9041685792995472,3.0185134388972084,-0.9092611953072891,1.7736876176837062
1176,-0.027948543495759304,1.904284989655561,-0.8143247849087518,-0.9378601978519792
5084,0.0066071798024694515,-0.7099759368657199,-1.553504305892756,-1.217935245388776
3125,-2.1872106056172163,-1.1395160853070492,0.25972134472318803,-1.0490649593613648
1482,1.0129719917489768,-1.7896418560563598,0.6467694094528639,-0.19505389199064374
1906,-0.8516812731729841,-1.3687886810749887,-1.128486339973002,-0.5481715990415402
4695,0.4293922766547793,0.36509620341660287,-1.083769333284932,0.30661192900220213
4850,4.1302422694794,-1.8447611282041723,-0.292211630034835,0.5021253946869358
5534,-0.04174002853351949,-0.23923104008385482,0.4511183183810795,2.7305502000700805
1900,1.3026473941039616,-2.2638670686045406,0.5544895054351501,-2.3424711408581054
3343,-2.111973738900779,0.4505357368059735,-1.1646818688462506,-0.24564448435570432
693,-3.306671962261782,-0.24105554489467315,-0.2135338220208638,0.7583497683688742
4309,1.29357942579431,-1.2450072593986623,-0.5856655277354503,-0.6010695657156502
6105,0.7476425783184767,-1.6548441463019967,1.137114012485317,-0.9891075479443285
6649,1.258580836793922,1.4645537446855699,-0.6067122583159085,0.027115701574640404
4314,3.4169708840926125,0.921326786698137,-0.8028544756142375,-0.7170013483073516
2115,-2.1589119009417344,-0.4043372678627304,-0.08927245419282155,-1.195779350313675
4674,1.5160557541691106,-0.6459125579492359,-0.8428308098488608,-0.8117771006730253
6590,1.2291359172164775,0.7115160752761155,-0.9945192558833396,0.6435688592144803
2096,0.47467957544236955,0.42124668751844896,0.48524663257769185,-0.38470063217298706
4168,-0.20427273063009316,-0.5880509349118683,3.1420009775711,-1.8421795992187349
4731,-0.03771701073055619,-0.032528188403592055,1.2215640533947214,1.3522080281550084
4857,1.3394736295406862,-0.19905598614937933,-1.2941080784896841,0.3957949138705545
781,-1.6172459926616307,-1.6464260189381692,0.5410019802834583,-1.2362966111857379
4504,1.6608876363409641,0.17449757336943497,0.27951725180247416,1.0045864037756356
6625,3.3740304842398516,-0.8309276369427112,0.3571863032430726,0.32600653235184657
3935,2.274362382100971,1.2475915206588517,0.6240477602171517,-1.3426557455792656
541,-1.5570352585190823,-1.996182868030727,-0.07145312384157372,2.0152571337679746
4804,1.4609326676627907,1.3946208178292272,1.1199603792331425,1.365142538953048
5234,0.9971875896899102,0.35122541613353775,-0.09633981163474446,0.08384501815643186
520,-2.004031350385581,0.5538890980228186,0.7476246986699271,1.6501732523549315
4028,-0.09381848151584461,-0.6678736554343784,-0.9057579984982765,-1.7314359430226014
2678,1.3514974855904058,0.8687880014902549,-0.5849266810809146,0.4281778362771742
5928,1.4953906397338224,-2.8120845550599345,1.2838779476780156,-0.8586815042764332
3818,2.894935768181257,-0.374384842915635,-0.0678370832126948,-1.078791891600026
6811,1.266560106478758,0.6140131525685507,-0.7048219865184091,-0.3679372955328424
2728,-2.8604679808612348,0.8101263385582541,-0.4538854858025579,2.1671559067132327
882,-1.7364466691963123,1.0219340314233316,0.3580498566257539,0.7452521630019511
5674,1.4960651054032341,-0.8003318025012297,-0.7095892816362135,1.272205055330466
6067,2.2387458745734006,-0.772636447137832,0.05588336388486501,1.3484154494644078
6247,3.291251837864449,-1.695501964807649,-0.8462151385575184,-0.04624753958577375
5562,1.6155302676102299,0.38682359752926126,1.0035540387946846,0.4469919721447569
5037,3.4316357640495907,1.818968487898329,-0.9492264468942522,-0.35719644533014305
6921,0.26437004250334417,2.6982937575143,0.6238173867849378,-0.9224570846750804
6142,-0.07391402192131113,-2.8910760588273092,-2.5917627588976746,-0.766642929710798
1171,-3.1527582143770356,-0.3659867782309842,0.04554312760478403,0.3915211751103443
4203,-0.31031129448254186,-0.9119865896783141,-1.1815297725679845,0.8032478158293592
3158,-0.09308026048939724,-0.6990200819841277,0.2226378629367861,-0.932980247168286
1446,-1.217463309193574,0.01769252870122084,-0.2336588133236943,-0.29222680410430685
4476,2.163382491441383,0.28229243285049327,1.3425224420379325,0.7755335872134284
4092,1.120999075614726,-0.08461627701453618,0.8232576609347294,0.8338006384523877
2636,-0.023876416863236563,1.2692081606247672,-1.4535931320548974,-0.14837357639805468
2838,-1.0709688177029382,0.015428877092662843,-0.3196640330700035,0.9645979726183758
3422,-0.42024144554376314,-0.9021817150074267,-1.7788398916263228,1.115881862783756
3192,-0.7895052089904362,-0.23900792903330242,0.0664819656159333,0.8797758275421317
1329,-0.9458688092037536,0.3242505264859892,0.771600422508202,-0.23489417553293374
3757,1.4351895966198476,1.044458520734947,-0.0006719807241999133,0.4873618809349131
6804,1.4425262687557723,-1.3089008831074826,1.400714735047669,-0.4711927497190806
6768,-0.49714561196815693,-1.9148260473503005,0.6253447285349527,0.0015699527667396205
4577,2.728855330521895,0.360140475365485,-1.0357241138610362,0.299011017046442
75,-1.4231865697678043,-0.6824926108251012,-1.1380674421051127,0.31907657945544987
4478,0.9081999488444747,-1.464508433757462,0.8721899925855013,0.7122159664367357
826,0.2665905908008877,1.6408488376293906,-1.3722823312329209,0.30707433824469543
6985,0.39836387092263514,-0.0916717318940425,3.0888436327435276,-0.009361323210949422
6196,3.537043411612953,-0.27742566664315294,0.04276289213701948,0.7388329416272678
2194,-4.007122201833399,0.34796741083572374,-0.17965582054446322,1.4236905177399741
4758,-2.1237039884197007,2.4173227754223086,0.8028299636913987,0.4378851071865327
5759,0.2391169567502334,-0.19124559562133878,0.043372032101943396,-1.6864576768546924
1466,-1.032324898264673,1.0390464652518567,-0.9881821611438499,0.6088137980196352
2665,-1.6550881984370553,-0.6759875564529606,0.17950939608726146,-1.2543040157183138
3783,-0.17686347845543712,0.8572446376645634,0.9839987917347277,-1.6567687107123832
5128,-0.3119812147865477,-2.665165610358965,-0.276168886668076,0.6464914898156351
2387,-1.2634253059974752,-1.1820723069839196,-1.276859331974639,-0.2480810803441089
4716,-0.4487019447118747,-1.436827410827358,0.36583200733739435,-2.772908894781753
6499,-0.22975486104899479,2.107180162345553,-0.7383847964316786,0.8003619116461204
4516,-0.38362371508079524,-0.545655264800061,-0.6098926994282436,-0.9859968766329468
5724,1.9233333732065951,-0.34633246152405306,2.0491818051043587,1.005256414088746
945,-0.30251167857690653,0.33846041232471896,1.2718261615017092,-1.1296682488774676
2190,-2.5644946247025975,-0.6420840111558617,-0.5726205439009568,-0.3212399542394969
6852,1.4421981194710687,-0.3455265308270127,0.47775667363842034,-0.032073660137048314
842,-1.7983748035242053,1.257196825583538,0.13926712252295365,-1.6061257244026685
6207,-0.20815959313603,-1.727912289889578,0.7763769792995077,-0.4194746102568006
4726,5.9359959088512975,-1.8849294043047133,0.1848301161670733,-0.42433122947267404
470,-3.7067540530526877,-1.514439263488123,-0.304083621595062,0.5777932993382876
4192,0.10052966423711145,-0.2928902800956192,2.3735732873278867,0.21176939224485206
2872,-0.7301341198201271,1.6133572858257337,-1.4494468231248236,-0.42277956204753486
5973,-0.4666166627918781,0.0024710328738920266,0.04802364747571091,-1.531932820113093
3016,-1.1513248283959925,1.3380662775831835,1.0482109926498437,-1.825371904223323
122,0.019209379889959643,0.958924679752123,-0.9927814423080763,-0.4670468556110687
1592,-1.92648236039675,0.060668746100528886,-0.386400613017795,0.41352307435134306
3329,-0.6964722512343358,-1.282664268060155,0.3331324822535204,1.727956247029514
225,0.3558923482491823,-1.5329675620969492,0.4231516067595981,-0.753901483862274
5509,3.8355433242789707,0.7904594610282194,0.014804555101794677,-1.391417422707575
2803,1.2624585288686696,-1.5854828406834474,-0.8205191854791496,-0.6165064925373954
1856,-0.9289717403755064,-0.6977115731991851,1.2800747990416275,0.3156038367808474
4863,2.677948161424152,0.7644645340148482,2.6377431034306653,-0.893537064039887
6785,1.2609391820797828,-0.32224946459386716,-0.25843453223268714,-1.0458531300444296
2677,-1.1987944678462399,-0.11794680234514386,-1.418971356424875,-1.3806001924418991
6445,2.9249156484516403,-0.5604173707137788,-0.8776941219949476,0.4885499624915918
3077,-1.635952776877854,-0.7527561336752655,-1.0996494993679855,-0.9913772379525506
845,-0.5195729390732884,-0.998551848559564,-1.1944041896577773,0.019879916102175696
572,-2.3162588625685023,0.3576814266623188,-0.11132161869779503,1.870258612604772
2356,1.0361212070036918,-0.019491655523399765,-1.1467325875117687,-0.8920930047920096
5237,0.8571364478503484,0.04930574752727918,-2.2673158869120122,-0.4841573233341614
5804,2.3552932788240812,1.846872408695173,-1.0794955971994098,-0.44447173370040766
3179,-1.74391946007912,-1.061648604595006,0.5789234628903723,-0.6463808248283829
3232,-0.2045542102101526,1.8123270123204067,0.23274621203567178,-1.808827400777289
3672,1.8715323124445278,0.09945730448241358,1.566070303310211,0.0025230907977169693
2481,0.21281181138493735,0.9650060991512049,-2.5031563537225825,-0.6751770608981421
154,-0.9985699361197521,-0.22887669469180982,-0.7213651551794393,-0.20233614242218406
476,-3.213714443811964,-0.4461140860071031,0.4207939756148743,0.30017078773056943
4668,4.441754723063615,-1.3950418694172704,-0.6873421236699001,0.2984752090995142
3710,3.8561651895062563,-1.051472165733625,-0.694928584196595,0.2978099909044662
4399,-1.6318575421784933,-0.6028210166167008,0.28757947349596613,0.9017416895642649
3087,-3.28351935651604,1.3590317013277207,2.1884150753712492,0.6922371171964615
1690,0.42997644970309495,0.2610113092306556,-1.2809037206868357,-0.462434455640865
278,-2.4405502155296452,-0.11285576361486993,0.5500903960863155,0.0350934124527376
526,-0.15605027716250056,-1.90306433688991,1.5272652435834284,1.0799579005903044
5104,1.0255014241696123,0.916487778953951,1.1242589619190941,1.762960286057192
6157,3.005992013998635,-0.5772855645798608,-0.11672360192366436,-0.15246939472398052
4950,2.6907305756938285,-0.5915381069554486,1.2325719629204692,0.3850427450878636
6945,1.2722540412262877,-0.2889606217469348,-1.086723062507007,-0.7027623194800312
1087,-1.9659739885159002,-0.6145977728251025,-0.1140391168336959,-0.11247145401838907
6161,0.6973150047771867,-2.6851827963062864,0.36615582312585115,0.8535881517204712
382,-0.815508717490534,0.4126674596532957,-0.9289015496787184,1.5814304824056582
1099,-0.4424691936490758,1.670105252760842,1.1884838685026804,0.1618030729041587
4273,4.104003511567891,0.43432204647175393,1.4058365715223844,-0.6917883331963773
5135,0.48396355322484347,0.3158227185775671,0.1935762261119661,-0.9370053373352645
2530,-3.959181975144096,-1.0436101938244433,-0.3813489953544879,-0.36617946883197194
3237,-2.6216891884293188,-0.22470662441610256,-0.13448144772482334,-0.27917108474502367
4775,-0.6195342402996511,-1.1560370290475812,3.877458460650834,0.28401009248192766
5182,0.1789031677008988,-0.0369575672214728,-0.014155493117015326,-0.15046628823838773
5071,-1.5048791079851267,0.16755812871388362,0.1585931067955394,-1.1979812218987647
6572,-0.6012571846756687,-1.6700142531601023,0.31996177522329555,-1.2443007715802337
918,-0.21047052066957728,0.5423569518370447,0.1733034247743281,-0.2704209220017218
3032,0.7145919298601426,1.8308116089371522,-1.6797245443374347,-0.28894195226060077
207,-0.3839487873249522,-2.4083661362631137,-1.8776872566190377,1.5959477806028184
5934,1.7457686916784525,0.7542189808478247,1.3400817840361827,-0.1830013011697816
4712,-0.01873661313485999,-1.1879031676085936,0.10507860797467117,-1.3432137195280287
3168,1.7289452019222693,-0.25654531914777495,-0.5012518008579834,-0.08112771417542515
3401,-0.3665022635750472,-1.307497146254172,0.9358314655823151,-1.1167653804972224
4968,3.7352150487533136,-0.12272433853280212,1.125778257208694,0.9552403588121013
6117,1.0046313962992954,-2.597397503196041,1.037081457723863,-0.291543087261666
4989,0.374465612635141,-1.661052048757159,0.048695940522774886,0.30988727685918255
3739,1.300021644878862,0.39439455499759646,0.17155675798281197,-0.8773086169529309
6026,0.647461880952511,-1.2968148674943163,0.6510933424050097,-1.547932812422426
1215,0.2634181461028998,-0.17328140291976432,-1.8222489763977736,-0.4604280548667523
297,-0.8654336632247398,1.3274258443004394,-1.868551475532542,1.0892940336475807
1490,-1.7378254309698524,0.07631860647777951,2.9613239382484293,-3.05372749234181
527,0.5445001759051339,2.026531935971226,0.3532789189473366,-0.08503218400984568
6134,0.16964884034909292,1.6920188435763224,-0.3097098371622394,-0.13751980728173063
442,0.7203239980709858,-0.015250629743518632,-1.2189569738349024,-1.1785189381205237
2120,-1.5432210365486434,1.546781208432572,-0.325057992209553,-0.8040464090811168
3532,0.25303060923386256,1.7356937119347682,1.350880342069249,0.5446112668476433
3732,2.177791314491775,-1.355417836226996,1.0696565050501525,-0.10016705724986441
3529,3.045279628984562,0.3659885543145849,1.1001310368433537,-0.055530972743898
1138,-2.7505495540474603,0.5953330570179208,1.6795258033152405,-1.1918544360019536
4387,1.6764511541342297,1.588410669857584,0.6856658225547262,0.6333008718020137
536,-3.1015727539911517,1.5038112131764385,1.952128399031576,1.009344243053173
5193,0.9280906984208791,0.986903174637895,1.022333605632993,1.085935085099563
6849,0.7649398458960176,-2.6402593559255694,-1.770037888994667,0.13914274529792955
5368,0.276720684547589,-0.4020656318223011,1.985221126218671,-2.129610614276983
5679,1.9124036474232344,0.5191650474506759,-0.4048844782705825,-0.0901471996007689
2374,-0.9562629699168217,0.26425602857219116,0.30188719026397703,0.09941135200172287
3523,-1.1015777602567736,-1.5461622875008225,-0.4806257485344291,-0.5502883666233896
6657,1.966509398794283,-2.1663383711224125,-0.2501874030734533,-2.0336883761391102
5604,2.6593809331904366,1.9954876846732692,0.23851154024874563,-1.1329761209127363
4441,0.9396253315874551,0.2443290988975168,-0.39742169634418983,1.1509853638878726
3416,-3.5708869794504734,1.5365052082196984,2.0249075007237622,-0.5127038090336469
1836,-1.6852429881401165,1.4339055097285864,-1.7361299393224594,0.12127858455169536
3373,-1.957886164014806,-0.8226662318974372,0.7961338718950517,0.9373306526299462
2453,-0.47468101729000733,2.2726294799291344,0.8216738329777352,-3.090077868478912
5259,2.412560681282237,1.6345292711504045,2.429016930035396,-1.4486952403399176
167,-1.3777307871256141,-1.049733762286206,-1.5316420451279056,0.5161332889100227
2008,-3.335437488925697,0.018979981210937285,0.8374388309354542,0.009795448249751117
6417,3.20510084610549,0.5242573951421875,0.12471425049619408,-0.2708406187445363
47,-0.534529999948038,1.8763733199933477,0.2705774059778974,1.7497594649586847
2201,0.43153839742905575,1.2656334779625178,-1.005409707429113,-1.3688944193824717
3689,1.4448179167469537,0.6236721067328369,0.0060689464522155415,-0.7046806379329023
4685,0.2137926896658628,-0.11864146229530961,1.8875005477917992,-0.003970876868105577
397,-0.25060516830790847,1.3002647203190891,-0.4191210760725404,0.051679283612199645
1507,-0.7594990294888094,-0.1718691466683554,-1.6587119106923884,1.4038822984730133
4295,1.4574392687914062,1.7708874790944165,2.1612724212854153,-0.1561944202985885
2612,-0.2867851005184452,0.19744633456937413,-0.33967597191534216,0.7294638735926539
2004,-0.2466491508942555,0.5841056409607371,-0.6308434819289706,-1.3685181763523537
5776,1.186548414141794,1.8152665201569518,-0.1784723999054453,-0.41647988940815206
5378,1.2051068389850916,-1.110397181736097,0.85266093400671,0.8666727461723281
6302,-0.7947433157306704,0.12565053251602748,-0.6314887790198812,-0.6977928022338524
6215,-0.47181432404538637,-2.252334008473683,-0.4172629924088217,-0.8170375898680775
986,-2.4601063234273695,0.1451249257551791,-0.7924038647834275,0.7849738056706387
6654,-1.0219630438466072,-0.8848818896080698,-0.13042404402426705,0.647285688241364
6394,2.235509985730724,-0.1960588472804891,-0.4228464072602082,-0.7236958375822071
1434,0.247282607266398,1.4777920531610726,-0.08335422545911553,-1.778047461529939
2532,-1.889577586535002,-0.5768216536253459,-1.0214829625848252,0.6362966259514397
6518,2.299125635563923,-0.9177405764200269,-2.120056159039831,-0.19093800687330534
237,1.0993977847252998,-0.0803758314694145,0.2719009918442401,0.0390994205352863
2119,-1.084902857314418,-0.6674259265648097,-0.3743288660227982,-1.1353278903502537
2286,-3.0705039604598987,0.2852937533522854,1.1663796441663536,-1.0770376701054782
5680,-2.71459903701459,1.2653233884595936,2.557858508505132,-0.7993777122829715
2114,-1.9681396558889939,-1.8398206143195805,-1.3510157175308293,-0.7142922969208313
1104,0.7125070597409365,1.3516441764363263,-1.8423220004277616,0.9648643346012328
1782,-3.121322617672696,0.13550989430751728,-0.27854293512353084,0.06312249365162544
802,-1.4735805961758062,0.13415672227307682,0.5496210668578655,-1.651996218727276
6020,0.24705605056894264,1.3581199803566217,1.4449415495861258,2.0086350986990165
6705,1.1520375081218703,0.1838356875744553,1.2954806830484646,-0.1740976114971554
3641,1.2683882077022186,-0.19427175079683676,0.8013344946625816,1.3816024457298666
2421,0.351804781969252,2.090090356103597,-1.0845181941151003,-0.9685069684584017
5723,3.2770748242196857,-0.5557024852335178,-0.4072689798220335,-0.6394833436828592
3084,-0.8465661986087526,0.44824324353822825,0.016148070168213527,0.10926625663173868
3976,0.5405155321875065,-0.30054859661841016,0.6359518430592308,-0.9539895077995064
5592,1.4092982716200846,-0.45852726318784764,0.8801799525163665,-0.30054031650096696
1737,-0.7097784160339607,0.3269234225526297,0.23251888636840315,0.5897411852463056
5081,-2.988882202638366,0.10884219378792895,-0.4338544323416665,0.053438541920700265
347,-1.4297401884809495,-0.29552536616284736,0.6943679736649849,-0.22870086745672866
3730,1.624654097438113,0.6648032864129092,0.10047443514539846,0.3192797419733713
3887,-0.8084440706974282,-0.07758467246209012,0.5366298811995568,0.6384923231566192
5882,5.124189120540082,-0.8856147481358079,1.362632046958493,-1.585279725760865
6136,3.4842781708493678,0.4693256554835648,0.12438540991787984,-0.1401936524639766
4932,0.9100980228690975,-0.23751273628201341,-0.5596367727865151,-0.10732316696526276
34,-3.1154359103038396,-1.339305119320044,0.05638551391657916,1.53768085730634
2245,-1.9094729288972936,-1.7692308348095875,-1.1290836127688828,-0.7383453226085128
3247,1.9458072389783776,2.0371401005598577,0.2637115657139814,-0.13961420305417718
4078,2.3838742859008097,1.1089900753536006,-0.00843200811573597,-0.23746268577671684
1468,-0.3177942097109584,0.5493049235870532,-0.3536655743100667,-0.15830399133136458
5899,-0.3072565585114864,-0.9712224175590843,-0.977180705451852,0.7679791881173741
6163,1.690894665864912,1.3170217397072275,-1.2531505985517608,0.5316073601258333
564,-2.0733888436719035,-0.3653616192776783,-0.4545633806623701,-1.6786384163622627
4829,1.7108436101304865,-0.3377441466165309,1.0165811049777813,0.4973029899289642
5781,-0.22724856209678126,-0.3160376995747408,1.309428450103149,-0.007482124841833683
3778,-0.7338055392884878,0.7819371060828313,-1.4534941695668882,1.0286719073618253
74,0.9580047291553546,-1.4754689030550805,-0.6930009003985095,-0.09056249227842754
855,-2.101013517583289,1.4283501487157046,0.9942343317279971,0.18205310464576008
309,-1.8574064371138392,-0.5204011321847798,-1.6191903445209797,0.41869779337069407
1780,-1.9781276686537141,-1.000388607784287,0.47097237934644953,-0.44387114474014144
282,0.37763182592018407,2.2614627483444703,-1.2808095077955972,-0.9565027934140662
4371,3.0984262635622644,-1.003244602483423,0.09509300992282514,-1.6892680380143157
6237,1.049287188484644,-2.5552455825949023,-0.502034491215118,-2.3773890007711542
3306,-1.8067170592438415,-0.4624854092725036,-1.393107882546029,-1.5870201506023036
547,2.718022012953098,-0.38328322703586526,-1.3826589387739632,-0.21456651701949678
1945,0.13282917733028318,0.7764980536712656,-1.0068144814757825,1.181334918293677
3754,0.49168133810173786,0.783815570443334,2.9911395735979154,0.7527187448115173
6288,-1.4540482909373522,-2.5578408415274,0.6535896699466928,-1.0373335693693995
4117,-0.1570551498177065,0.665424524669922,-1.6353473875212037,0.09908955845314057
1570,-1.8531912992043764,-1.7150319544088433,-0.4015243904766067,-0.27065976785195267
2581,-0.18074242686354983,0.763034349713164,1.3177024048489405,-1.9310524037509746
1158,-0.5083597738566437,1.6525547197101065,0.031669316292136394,-1.5277567592725145
1680,-1.4901040082787387,0.3651518196744259,-1.577311610639297,1.2764452792115022
720,-0.3399932279084419,1.3687534247760327,-0.9846186027107499,0.6455695517246042
291,-0.44356984898067525,0.8997303095796765,-1.2024443348603482,-1.3543616421707607
2931,-1.3620054235408907,-1.2362711387491456,0.33166905411486164,0.9154519098554063
540,-0.07025127814818653,-1.6613153884612915,-0.3448945867753257,-0.14364706139550812
465,-1.3935977034249825,0.4064411969047397,1.5975236483507247,-0.485071159818841
2232,-1.8351829775279103,-2.2329149435327094,-0.8029571511307219,-0.8923193349852286
1036,0.07855048291978545,2.1535463619728925,2.2516786053313416,-0.9422481941755568
4822,1.1616670407798675,0.34407639669110424,-1.1177856062088585,-1.2677057780889907
4397,3.0390070464864145,-0.016874027392815277,1.8859911247336378,0.42414852050697177
1047,-2.495352497083536,-1.757530994905516,-0.5810531376221745,1.2904313901955937
4104,-0.47298894867283753,-0.8766020264302058,1.6221415581862333,-1.2046051019037496
5790,-1.3188214069047852,-0.8016541536154617,1.3598622072302324,0.16254625425781066
2315,-1.9549519832978635,1.3178816161720461,1.1428395618145133,-0.9179230717470355
4954,1.5512762019372197,-0.8689819883335449,0.5640219890906591,-0.1625798855029961
4502,1.5020086757254483,0.9089709314538917,1.2592999412636305,1.141795788917188
6603,-2.8104895548124773,0.38302929925979673,1.465368727705128,1.2469708135414277
3921,-0.3374941309968238,-0.011208992570305476,-1.3546823684984455,0.3509191665455958
60,-2.2462627313569303,-2.7973253343720184,-0.7845571696845013,-0.06281036768990274
1599,-0.7721794822710453,0.9543835158899727,-1.9263265789893356,1.3581192368786923
6973,1.368217743794537,-1.4621156557533932,0.008492212772653713,1.0587094509443655
1189,-0.15734442542443539,1.5136213623802206,-1.8865782328911234,-1.1880172192590197
3536,3.951913786802853,-0.8108004735980197,1.4264057196446007,3.291586357341602
5522,2.432277663608627,0.8669900819939815,0.8207984785080185,-1.5102488210069702
4930,2.921726783273886,-0.011780578016732057,-0.23200055011205012,-0.14535267239112543
3564,1.809427577532571,-2.2744578731873974,-0.38316833832389147,-0.3772368105840173
5954,2.0607522017536577,-1.6402112282898456,-1.4918995174656324,-1.0913457073879709
6456,0.209591395385323,-2.1075394884231655,-0.4689166041411135,-0.4460705126110742
2443,-2.08442570891723,0.29270018716790086,-0.8362845026942038,1.132810974912705
3215,-0.3505697472061028,1.4666378040213444,-2.404600870592657,1.7798250152138169
615,-1.1610719363637236,0.0763440288289192,-1.2045891955891197,-0.3265745791246037
535,-1.7929028870050954,1.3756414419608471,0.5113440514953428,-2.202987851735255
5570,0.6541159845531029,1.3384544328041748,-0.690198337708782,-0.6018258749241524
6281,2.4457879902268553,-0.8916193038269996,0.6065396306514536,-0.3311410425248414
3402,-0.9288313076872792,0.14429277879816618,-0.21866456956811067,-0.4119579027950417
4510,1.2214904798150155,-0.6811272497191685,0.2420374204531695,0.6940955147583696
4351,1.1719135701294632,-2.122984654505392,0.1901815615316086,-1.4954171657304545
4824,3.6708814804605825,0.5418721255064183,1.1155479500549732,-0.05129877470841365
581,-2.7210199235447967,0.6787199292332005,-0.7819743886918882,-1.041642751454928
3485,-0.6807633714549677,-0.7008088444647566,-2.6351537681075827,-0.7257544639840969
4549,2.5668116211220338,-1.2852095242932626,-1.0441543518272085,-0.3138981374914938
195,1.708478295822643,-1.1093371949314628,1.0038236239832257,-1.4606973466671815
1263,-0.4876536791305526,0.8813638269074774,0.058063799259740326,0.10734595254243484
172,2.154330396713715,-0.07420836671424243,-1.073568495706699,-0.007815604359463279
4766,3.827738673091474,0.6099304153258631,-0.2987220184529262,2.4353417831075226
2822,-1.4091979636938476,-0.770669377713242,0.14948443533835454,0.32406910326374316
3740,-0.18259752209187513,-1.1047904559891872,-1.4319132234574998,-0.17002461620329617
5347,0.7370215894858431,0.3593374246170924,0.21352600830987437,2.7550754716325856
3457,-1.5031268366621782,-1.0924033719996291,0.4735734324191675,-1.2030342815341442
2870,0.5527636691503626,-1.7593365181093554,-1.8456499278138494,-0.4328274440883764
2569,-2.512174016539051,1.6868633605137824,1.5134739645142643,2.386716773799953
924,-1.0662761230035132,0.7712890335898465,0.5272488662405126,0.6783641234199277
2750,-1.3618463500509113,-0.1586336351256112,0.10490429603624861,-0.6988730955917519
1013,-1.189472106724856,-0.6218554998559075,-1.3664910675242923,0.1665722895198855
5355,2.415095236537284,0.1829234551656612,-0.8996656900878494,-0.28343840095434675
6283,0.8275323257432984,0.41318706342298156,0.9799037438968934,1.0985380236924027
1173,-1.981823458812963,0.007474005844748732,1.354304408930748,-0.11961380119568836
1562,-1.3723876030236075,2.444394025859223,-0.24613222250870764,0.33885632997849474
2597,-1.5355143708657586,2.2610922181100275,-0.14032355625498222,0.8622399056181502
3495,1.1604288817713206,1.3388103095292625,1.0338847065503085,-1.7899977912269074
1641,-1.414888480072355,-0.3069527461039877,-0.055259854875686826,-1.5470510166085203
4657,-0.2712510898346492,-2.029404374610271,0.9698547108503038,-0.9017768640236857
5343,1.0619339817016973,0.3761832042402582,-1.8743644639308277,-0.1312133753868253
6776,1.4841560918915486,-0.4980718839655032,0.3368276100484617,0.5174281845830719
3498,-1.864138938529526,-0.6265713393438272,-1.2533387722059406,0.4497704764372347
1430,-0.07418895911415442,1.3899580672667182,0.3884218510585731,0.2067229201622985
1760,-0.5804832604006552,0.5024044218345826,0.5061035444322737,1.6344809572681
4426,-0.09674173400627956,-1.003729963053618,0.13036847658942025,0.3289929640238015
4656,0.2814826202146332,-0.2738508934744005,2.191316509845494,-1.2950213942555677
6569,0.7510864187736209,-0.8541627154666921,-0.9428791815415686,1.09867404133004
5985,-0.2679243590653085,0.2994801555289833,-0.9781513255149684,-0.2731925212775948
78,-0.9755138077138332,-0.1948492717400694,-1.4320821738545908,-0.40042322585599116
604,-1.6452449741436879,1.5707299312143987,-1.501054988546095,-0.5282135190982732
1239,-1.3251369629733163,-0.17421861055350255,0.754310841206433,0.0733986737985319
5370,1.3687566997401424,1.7996318914630063,-1.713497047969599,0.016612196475550643
415,-1.1917379492269926,-0.9844440934908446,0.6858318987794005,-1.4938022419926866
5366,0.8222050607448382,0.20873577000713986,-1.4908932307813698,1.1954497222440679
3021,-1.671002797946433,0.13900716735703128,-1.622248338577113,0.9006667615079155
6143,2.3777948475974413,2.028853248553654,1.1479179997173683,-0.6300823002689355
982,-2.763259952764077,-0.8827861724254596,-0.9015459938607405,0.058039769311349805
1164,-0.0792694276903095,-1.3415582024227177,-0.9955906423911429,-1.0135122181570457
1779,-0.10348091991764252,0.09218228667334011,-0.5201001495877906,0.49500815037034407
5874,0.7945243559755784,-1.4763335936535735,-1.2741878458842943,1.0294381734269387
6574,0.8499302601311739,0.39450309369937414,-0.8413964470514338,0.47950750282655685
4049,-0.492368298999211,-0.41721431965684247,1.4087551385740353,-0.7406911963044749
5252,0.3057993963905729,0.9988263241281369,0.7648967411366707,-1.7985683770917382
5411,-1.8406315126794004,1.4174676820039094,0.9143851584127475,0.027648920414978646
586,-0.2325777569260739,1.7771916663213125,0.1893614926475372,1.2133554181692625
595,0.29203353693865197,1.844087902006689,-0.28249589794403673,-1.8471584873076967
1811,-1.7821150131705434,-1.7851408942328295,-0.9067635344595488,1.0988010848795469
812,-0.18125787029708987,0.4324090952722203,-1.6105508479888955,1.7325210360452077
1949,-1.3690983568765707,-1.4849673856776477,-0.679973311895314,-1.9873689273307686
3118,-1.23138811635753,0.19588711868534808,0.5245248120046304,0.539384385720082
6678,1.0795196177189705,-0.3738571603765423,0.8665497577423855,-0.3334799320075914
1167,0.11240016653508017,-0.3682466235448519,-1.4345390967934184,1.6877872649833636
4444,-0.6145866610661161,-2.3515276372307157,-0.8269942896455016,0.22865017212510108
1930,-1.0647456371776305,-0.9880071665529401,0.7414218056884497,0.9750880836997728
3801,3.498159647298199,0.8505206404039686,0.20425510820932047,0.3971066521032371
4796,1.1692167561483349,-0.6496520919861815,-0.33903437539617276,0.2542435366551536
4630,-0.6133812015964696,-0.1717815033780716,-0.07994788126998562,0.2934539268291818
220,-0.1959934822753579,-0.25877931949081157,-1.6597214743192306,0.09920132745650563
5321,0.33727671360223543,-3.2304166576552835,0.5909718982032802,-0.9670772764481754
1065,-2.6174997341673643,-0.9224018763646524,0.3121161295193313,-0.9593805258543631
5442,0.12048974569617217,0.44807963687131697,-0.5670143268112743,-0.9393603017568583
1692,-0.39947881954407544,0.9444295914931949,-0.20583382181380216,-0.03298798914680409
4432,0.30922261661772626,-0.29830096628946207,-1.6219855995593322,1.2602098330416012
4323,-0.1770211489700657,1.3686999257358559,1.467028567195506,1.6899662337585188
2013,-0.03981765887752371,-0.20769478730822183,1.234293901077141,0.2790269471160862
6601,-0.3509756743260494,0.43931310239228716,-0.8513454371073373,-0.40493134220674487
3357,-0.816541170927294,-0.530827174205539,-1.5602148828839244,-0.4363590239573379
5293,2.610108860445147,1.765451793933613,-0.7572391470352225,0.23686821296973395
774,-2.1293949084749904,0.755378412198641,0.5726352355534373,0.3283595690154712
3383,-2.63660993369996,-1.1168194236762403,1.5106832012798266,1.9767596073252292
305,1.5727740139895636,1.6504823087816616,-1.4268377948581819,1.0321057778665026
3552,1.0653529938198132,-2.0168944232509944,0.907284938125423,-2.0158788616493197
2959,-2.0255389380963535,0.17331305816599527,1.0789944173408956,0.22965507490955303
439,-1.4445533508386972,-0.2511979772247014,-0.4069418919057388,0.2876835038087459
713,-2.198259381526997,-1.2083919826164053,0.5108628446936354,-0.8032936060700121
6412,3.1100964631513395,1.4876850569478002,-1.7366894035197493,-1.4029012668879839
223,-1.764781463902933,-0.727572351113516,-0.3372488152458805,0.8540903526906949
3157,0.608792891940623,0.14269587611033085,0.9221030536872123,-0.5067878556401797
3549,0.8038208898757493,-0.028304579302552743,0.05259792264603469,-0.19805830289738513
5426,-0.5684554650711238,-0.3137126811529352,-0.5052503865166894,1.48293941793756
1024,1.8092781523844927,0.9384974093356853,-0.9824156573416672,0.7490693549543037
6480,0.31301652276484054,-1.6802356697237595,0.16142559869396897,-0.7669147762495456
1082,-1.296374156509242,-2.6041085447942365,-1.1364419845576412,0.7306818566853437
2727,-0.12886517089397756,0.3196009488980304,-1.056016548027188,1.9916563704213612
4503,0.6755454776192948,-0.3575784512436267,0.11439461372092383,-0.7392369770425833
2293,-0.6727183464589738,-0.4102114280249523,0.1524104907424739,1.652995518678222
734,-0.3535805245888947,-0.9486452856244054,-0.6875553901479122,-1.5921058487860305
1674,-1.0982799988692569,2.1821145092826604,-0.13702674261441777,2.0065736319947147
4339,2.005515087645878,-1.6278256489908856,1.5766894964906353,-0.6934154011893686
4925,2.547373632354949,-0.3269818960231482,0.13675750646949994,1.9486180562418842
3256,-0.4909211581571065,-1.3108398797963394,0.7679424294102716,-0.32711887242662524
6087,1.319348005174101,-1.7447873866688084,-0.4243304059123433,1.051375193440561
3844,-1.7425006603328832,1.2243779482961745,0.510671167801998,-0.1591246576590196
3190,-0.05088151822298012,0.037649019967854004,0.023912517762496907,1.6931231899876569
5379,2.3442905734074,-4.2129350250214666,2.0498435059540356,-1.043184543640798
3378,-1.7264141976800353,0.25158174053833177,-1.024627626394302,-0.3639135071113293
6858,0.022881177160992153,-3.298639827945377,0.9540188565332897,0.43800711310870244
2113,-2.579376482309678,0.7258443702065793,-0.21617763236020232,-0.7093414714957352
3255,-0.48415770477053505,1.9297042405013516,0.9900040120620459,1.2986352686716733
1643,0.4617901369447639,0.8502220303191448,-0.7074939050617007,-0.5071324025226099
357,0.22284165334178718,0.646080597412531,-0.10886700468285546,-0.7827922937641785
530,-1.9874474587571944,0.12787435026800603,0.10330521652999439,0.5108234117270063
6743,1.2209577867476729,-0.8086814328693732,-0.92354860683958,0.5768515369837223
5082,1.636031435424226,-0.588719745907706,-0.46055659602381555,-0.39744512237082297
1093,-1.5962197281767623,0.8212539204218835,1.779514498272308,-1.4490371323810516
3560,2.446077543750323,-1.2619099704080732,-0.802510927888941,-1.6233139522542526
3185,-1.2252217000829722,0.3038146116425778,0.2459925580053103,-0.9134427585498434
4632,1.3733295535009,0.5884088645801252,-0.3107356913608823,1.5257861793272485
5422,4.215794305043938,1.1606559391693743,0.06250069234179467,0.5225598525406451
6646,0.030602617322641152,-1.5560840405086935,0.9489613141721747,0.09451661485252276
5449,2.588732213453439,-0.1362665258098164,-0.28213724650336247,-0.5561504356041294
5478,-0.6422417580505718,0.2315844179280013,0.8463957002823779,0.6096625698536928
2337,-1.6986220976906972,1.06133703189832,1.258722900368317,1.9297174082296364
4081,0.655757266859734,-2.019057678156494,-0.7556064924681135,0.1078353079037542
5180,1.5042938541823663,1.6061456991246674,1.7883566336043364,0.20118262846105123
3503,1.344467067844744,1.432911044705495,1.394351351991922,-0.8195748630114816
6916,-0.9129912729500843,-3.1199259364172676,0.3499038334943276,1.326979081590779
4560,0.49636182912592064,0.6961935881805162,0.0053508699751551895,0.5201074815560497
6220,2.10985228867196,1.079439091220621,-0.4807163184153458,-0.7316377424141014
5200,3.1628522782181383,-1.568911259111635,1.3636390270727516,0.029328631791127314
6739,1.9951987138836085,-1.5396781115190459,1.7342708081036349,0.1008287293031226
4428,-0.4978107730107471,0.711288172915687,-0.7560687771687198,-0.026124339791654707
1858,-2.9178535639564176,-0.47479971472651256,-1.127785395923968,1.732073318856938
5974,2.0281334581194645,-1.3066834036827706,1.5243160676165242,1.368673130610806
6823,1.8386908367157258,-1.356898474512461,-0.6932760059097656,-0.5730960132901035
2424,-0.5032067212449451,1.5511690234922781,1.236663884505692,3.5476641715778965
3620,2.701776935081668,-0.32787402200531746,-0.8111230266631003,0.20651748882343923
6233,1.8947380247017722,0.2889399726018607,-1.613344026417962,0.11788910961194432
6806,1.434378206434089,-2.184569923370885,0.009570734071116636,-0.4397889034811987
1366,0.0061933567363337124,-1.411030546550084,0.896313191441252,2.2156021253654425
414,-2.714728098019306,0.8043969212912484,0.42509946742886184,-0.003991064474551692
3586,1.725817246987728,0.20264280675362983,1.0146452394116063,1.435055802010509
2330,-2.9905339836095495,-0.9213047942023138,-0.025429541492599402,-0.9965316749371015
3582,2.127421487839425,-0.3266439765924914,0.1081115160975932,-0.031882838198348654
6580,2.1948333385940146,-2.312613290822267,0.0655439695473532,-0.19129212211829602
2697,-3.52999265598184,-0.5744389640354717,1.2743571239395497,2.5719274124318
5625,4.235701436641791,-0.07718754508872415,-0.20835326541856963,0.9800822863235217
5210,-1.0164661691912515,-1.8813473062191954,0.6932065383818125,-0.46783568331129805
3958,-0.1856699506298636,-1.9044988614365446,1.4619106191589912,0.10600422280208666
6534,2.2951360948138024,0.023785887304968847,0.10371400969149307,-0.5041917283242329
4995,-0.24446515313908765,0.7253926812375073,0.7999563034141851,0.8837501126221163
6438,-0.9612268806463073,0.6081752613714555,0.3209617159890567,-0.038856594507266244
508,-2.498178955064485,1.1581813757334267,0.8585292277510854,1.3482064374021208
4904,0.5635326744806014,-1.1826488174409686,0.5848040039266245,-1.2615785683755965
6778,1.2869842915360654,-1.7135157408664918,-0.4430353944611024,1.8142290976448006
2448,-2.4194459638209653,0.10806221857456369,0.8816551027983194,-1.3906039195522453
1781,-1.4589251741063765,-0.5691229860694392,-0.6519375605929902,0.699034984868507
3616,2.2085176091010434,-0.26958359277460014,-0.07223165118342052,0.3147653943511701
6485,-1.9130374965688572,-1.9095062221236805,-1.4536641267192403,0.7769082990517427
4436,4.350850603378547,-2.3562799419510316,-0.004614796912695781,1.0972383934034866
5198,-0.7188466510364289,0.26682122086180443,0.8521151366737165,1.1709773063373126
4252,2.5996001470343746,-1.4990032773899165,0.18916661341503582,0.32686489629382454
3685,0.7874644873208384,0.4936507723662797,-0.5372643991389647,-0.6452226493532194
5117,2.6819316635160897,0.8007301161621918,0.4733037512518275,-0.8195389204661431
1402,-1.1906538295312468,-0.08333015552742888,0.7347571234900828,-0.8013550223711167
2818,-3.2547506870418768,-0.8375751303344902,-0.2894017914768563,0.6865288326346265
1872,1.5355071410198593,1.60385459781037,1.0856345005237538,-0.3365228824959089
6286,1.4786268628615389,0.7907271259602614,0.5688459494254001,1.031126250769368
180,-0.6011980542879509,-0.33396956940725114,-1.4170571046737415,0.7758948192722637
4012,1.6047782366990688,0.058568904679301294,-0.6238283249327191,0.2801101693375968
4566,0.17548422470393488,-2.2949605032682934,-0.721349103758001,-1.011465162519841
2173,-1.5995199564636875,1.1755980259075152,-0.1419508275815997,-0.6474923523707594
2778,-1.4191042141833479,0.3667374934412889,0.16671808821122464,0.08400442095559521
5925,-0.5370810774812395,0.5912901905799101,-0.474001136348032,-0.5371255277219138
3884,2.0686518606297106,-2.085898352835471,1.0205313491115076,-0.934471716339526
87,-2.2657378467573155,1.0406366747121276,1.7386936008252625,0.4851620664624489
4856,2.3026087432126827,1.258575775127136,0.35207903953837827,-0.8380125888490063
6190,3.706137078428443,-0.7254758745281247,1.191570885944237,-0.09050349295192982
539,-2.5623687100523522,-0.32191521468585527,-0.6729118777486813,-1.2425247787409783
3446,-0.5576974256402737,0.2114670304491546,-0.6063683277511275,-0.5003453313273738
4691,1.934947608466936,0.4777919330289507,-0.13581453069278066,0.9629625450802002
4062,1.3446201200527113,2.0851179601151903,1.3808899747061463,1.3880808617578455
4697,2.5178812333049576,0.13751229868679293,-1.464721203487417,-0.36804304953171924
3279,-1.1038287496975578,-0.6912817731197718,1.105982137397852,-0.823052128697267
4178,2.694651678925877,-0.6417138783157499,1.4663823393320843,0.8594431114170779
4876,0.8675311764020616,0.2022367136974527,-0.20043200327759134,-0.5283370202865457
41,-1.1482902969756361,0.8001600287096673,0.08148413829973075,0.02199278237818619
5980,-0.34001809292401086,0.6185639787124075,0.23983551497321856,-0.6971968760614328
5932,2.1764469535842523,-1.0071844643511503,-0.19975639980545962,-0.722698755930035
6831,1.5164407227175318,-0.9437884895278322,-0.01171064895694418,1.2523387286099594
2846,1.7055425642641255,1.9035642984883772,0.7328774834608872,-1.5238228211895135
2930,-1.2712262352547965,0.8590597487155869,0.3316021085212316,-0.13765845370105487
6846,0.32140089341424793,-0.6364816478049385,0.1820466965046181,-0.2089458369609369
5746,1.4516836832265292,0.05332740970761168,0.6994199518575339,-0.5425327518246607
2383,-3.2759499813832234,-1.7496120874669576,-0.11319173816486898,-0.3018301321229595
1391,-1.4020742711204537,0.22212781226746947,1.1712039203327729,-0.2650338890696435
4149,-0.772254055632483,-1.2562039342249154,-0.6138216918243955,-0.06461283007479994
387,-1.5293511559042021,1.9692743031835291,1.1968422592438739,-2.9693531143908642
1863,-1.9987686999117513,1.3766285405456262,-0.1332180084147303,0.26499426295120093
1327,-0.09975134510862191,2.1663732057895007,-0.9117475483588163,-0.2513547229003708
6701,1.516635915582051,0.18463443373056693,0.13245920588690663,0.2698369672279201
5753,1.2582612100943802,-1.8062282063931243,0.7981640017760642,0.5537460797731366
6888,4.5822537232874705,-1.0472283743727502,-0.8440377320224133,-0.36973466512851577
5484,1.756028998514859,0.2869387289247511,-0.2550560983564248,1.6502589992425283
1801,0.10973282717116593,0.4099031949277867,0.5479637169086875,-0.04371188835870092
1955,-0.4350553254723724,-0.5656718289302782,0.1156577790920677,0.7237618011609551
6149,2.2875689117298275,0.9478346747050858,-0.4661715405270304,-1.0070917913791455
4799,1.7527559081163575,-1.4127436069849926,1.1705124919490184,-0.5900433855830749
2595,0.6101165136465665,-0.1444916724837577,-0.15033650945368135,-0.7134782551654839
747,-0.3849735359755506,-0.9447061447973212,-1.6728535002268823,-0.09844924420888039
764,-3.5006942065770428,-2.8084107380521215,0.5955973654099004,0.8394041910597302
5864,-0.5331479866793509,-0.5959637251095136,0.6079210189408942,-0.2340313852907784
4155,0.3248398736405384,-0.22998755391545073,1.567851326518852,-0.06549489849075137
4690,1.410609072780324,0.10793444357370965,0.6345677397108519,-0.7711604657849781
5824,-1.370146424126856,-2.1459556200486514,1.5683086088692337,-0.09394659932313136
765,0.0960591077252876,0.8088144464631635,-0.36080172207354133,0.37989326601783907
1270,-0.4379144976812986,0.5117846721892252,-1.076311926348803,-0.4499579971075901
6611,2.9974508123399923,-0.5316302511236802,0.6701309143747037,-1.1950112989740513
3699,1.8258777216213964,-0.8933428846350362,2.9640060819771312,0.3784665304486423
2703,-1.8950576583610372,0.32007539587003964,1.5737566324454952,-0.4413047077837258
5475,0.5825932150604767,0.5584124149468139,-0.9934566997929375,0.8167148727093386
5177,-0.27771594347866513,1.528084511235916,-0.4451720352139502,-0.5393067209971523
151,-2.930746584993897,0.5068353707496088,2.353209719792599,0.8641349668150322
1032,-1.7771093559205438,-0.1322848868780175,-0.9404415555980226,-0.7082031452510323
2508,-3.014487283938647,0.9265522310279001,-0.6107002310147094,0.7033794458550102
1442,-0.469576702477933,2.418829430823823,2.3416980488065278,-0.15693758506697783
4836,0.08279253990293495,0.06250314339907488,-0.40928310467684503,0.12026196917655595
346,0.2769428756790496,-0.32700933019563294,0.8764060159617998,0.022917063142263043
3468,-0.3170054584297204,-0.41561623963123534,0.060583266759764755,0.8510582914583851
6853,0.3167138197101577,-2.034432894770879,-2.0464143093266873,0.07493230516148873
2630,0.004532301409855859,-1.84677055162816,-0.5685880547380234,-0.12283828671110786
1670,-2.274676350433121,1.6722670065877934,0.10700037266689749,-0.8564696264590427
5272,2.0078074473465866,-1.0353740796549873,-0.7599090190708333,-0.9378536900817416
4332,2.5252165395207595,0.32087196802872725,1.305906483664972,-0.7659935117971657
3307,1.0443166417711753,0.45730910645025336,-0.15324928206963512,0.6712552778893736
706,0.25034923734398856,0.3288257836192062,0.7526036737516782,-1.338216017740418
5648,1.8686446159529124,1.564320182484403,1.3405489041640926,-1.619474227581255
6452,5.343732997005352,-2.6475647489657654,0.43595280459216135,-0.20158272123224938
3434,0.3380203704859611,2.2952152517697475,-0.519113899928447,0.4549488423224947
5735,0.24513986637345453,0.08054509889448705,0.8779403002975383,-1.6897035146454162
3670,2.4220289210703307,-0.05970776868074478,2.91646859567909,-1.237098010460417
1400,1.0706301763034203,-0.14633478726817048,0.7670534723608051,1.1103069443038431
3159,0.5249049312588507,2.492771707762654,-0.138510948750499,-0.041463600037820236
2240,-2.0653447350759193,2.2650417985655853,0.4425889795479034,-1.2993067662334747
6848,1.2407742255326002,0.33006308603711043,-1.9075757017545292,-0.500983770223806
4183,0.5174118894641438,1.5940483965187127,1.7012351380254072,-0.7133197444433369
521,-1.5425790526664171,0.5260626340558884,-0.7462758437601154,-0.17843734194933195
6341,2.1573112151893366,-0.8220412163842787,-0.48993320774400023,-1.3140988057513037
5682,0.5817492504710721,-1.1733620636984183,1.8000342527113742,0.08296479131754911
4462,-1.4093374869059743,-1.2462245178009925,0.3228840781162279,-0.5805595592376855
6328,0.6828754408784605,2.366594306086299,-0.6491416704333379,-0.402239098992153
1201,-1.383794252863727,0.263155240611379,-0.9855449603353931,0.9610732898849367
6373,2.232205617555606,-2.365758029513137,-0.27358649184082195,-0.30395123666624296
5816,-0.21359494282234556,-0.12638669072267678,-0.08503505322949627,-0.22520409797775423
584,-3.83241804332443,-1.1739417379873966,-0.0700125840722591,-0.7189078216104309
6492,0.19131638783059762,-0.7319911567491431,-0.4229317124193573,1.84913887150176
1509,-2.851936399291305,0.5510727828940957,-0.4232750709709693,1.757814087205712
3624,-0.7751022882239699,0.5267934362667273,0.7762609912716106,-0.19563373615308266
3466,-0.9354723545775908,-0.002449132538795357,0.12046655627061399,1.3663724621044369
6842,1.8207589486933007,0.23920260175501984,-0.41361716270619703,2.3726541109870554
5073,-0.4192161554854264,-0.5600091435367267,0.9941865514796399,-0.3976623628547781
1142,-0.9084185327929664,-0.8483121866610585,-1.9120402480602143,0.08144510835108165
4670,-0.041575864520394065,-1.0790574717072456,0.10632874399670911,0.1767413124085798
10,-0.33119145890778046,0.7943271631104353,-0.9056247866650459,0.2639458987819062
3510,1.1899373279901757,-0.7499585247308245,1.936165260149954,-0.04369650599447499
3518,0.915038148968774,-1.2708994816597128,0.43228838754219234,-0.8558180580778705
1658,-0.27474095502918233,0.5540838637977687,0.10291242660017451,-0.8278697702206658
2964,-2.1140521507739964,-0.7333446792799883,0.40563059294035225,-0.6735648236935234
3006,-2.861466621157967,1.0861060734827628,-0.705200176988188,0.9166439975107747
5430,1.157771085876645,0.9219142571725139,-1.0110158624916015,0.9857498534031468
2671,-2.615699274102691,-1.1595503188311875,0.5133973685819909,1.478516688270327
3269,-1.976433583719011,0.6575543161468426,1.0171643583200183,1.0641101383891165
2099,0.9543538207162204,1.3174943777312498,-0.25834747799130375,-1.3209515083272263
3793,0.034767673558007715,1.1971772280170412,1.0303081475689542,-1.9951287929367252
5887,1.9399479134568742,1.8443404656476785,0.32591747403438237,-0.08255306973733165
3573,1.2481847256975216,-0.20461540292144176,2.1058382327054175,-0.8968880763587951
3213,1.1227996412905543,1.4293767170412286,-0.8579940542987295,-0.12809862656345838
3857,2.3912490072751913,-0.6107624118869674,-0.7122369849695607,0.13439372194937754
3366,-3.1237919153055653,-0.4975187984060746,0.9496250767917969,2.5600384024207927
4070,0.8272172977187114,-1.3861395183962424,-1.72652053482508,0.3704160126547138
2276,-2.624117062766231,1.81015063859756,0.1238965958815621,-0.6925533804892994
1408,-1.5691557495887072,0.8224630982509561,0.11803399467515568,1.1073700388270047
6609,2.5831723581842296,0.20379855409633382,1.3504576887328956,-0.254917004521836
5050,0.04165793163838276,-0.42043335866470744,-1.1683471633088438,0.3016806655775737
6483,-0.2428102207664981,-0.16398495955935677,1.4664902365300883,-1.9628005851238477
3387,0.015272607864770695,0.31651023424377206,0.40315689827666884,0.9520422964480061
2910,-0.7441183466823255,0.14552470638893647,-0.16397553268665685,1.13510576363442
1647,0.21891226730930538,0.9778021807301466,-1.6749671068061047,0.6532065135611145
4625,0.044301000035118714,-0.9816574311491659,-0.4880707675673446,0.7126475762487641
688,-0.8427829339987989,-0.7928970552238324,0.3902717662485372,-0.5934176996226272
3355,-3.8423085979104123,-1.072416114708707,-0.06212594705727879,-0.5337573452445077
4669,1.425785749874773,-0.17456904752929747,0.42028505687681733,1.0727373012282873
6236,0.9273643209305207,-1.3845332506668653,-0.2793977435878333,1.776715163226688
4834,-0.23262042199630464,-1.596774442716143,-0.38782951366908014,-0.5505583114335564
1677,-2.1934271825153133,1.5536959662209273,-0.31433228445037537,-1.9185406564428478
1149,-0.365153985279607,-0.6398831432082083,-0.020461193422242167,-0.9905539629814349
4005,2.043957926211054,1.9200841690928718,-0.2523153531111116,0.3590468955528672
4018,1.5332288596505474,-1.1594324746343412,-0.5128089025982008,1.0066769118715269
5108,-0.4193780711284364,1.0438671905760137,-0.38022072317213745,-0.920678869685237
1493,-0.5009247241960653,0.2539448149143894,-1.1275085455763054,-0.9656563809141494
6506,-0.2765565832686533,1.9697935540581932,2.604308921908031,0.6403164311344758
1323,-2.0068700368893833,-0.6017698201138206,1.2367016288307222,1.6450444498596002
4751,0.5211808590123882,-0.4840783834879376,-0.3167738482441117,0.6338567620261242
5097,2.4439619105880444,-0.0936518642895367,-0.24333099328490668,1.1239761885604127
6507,-0.15926959081759914,-0.9263306566890691,0.9197791175923312,0.7641610389862726
5275,-0.7280398486645552,-1.1095477591414493,0.504557489055378,-1.6015100933421822
2946,0.1406047430330423,0.0921008330951527,-0.5023649746997224,-0.17731540028837406
5126,0.6749193199400512,1.1054909801416937,-0.7052017580410311,0.37005086437730866
3193,-1.5383649566617554,2.159819108051674,0.652858135263071,-1.4228146761298655
2087,-0.7725234234978384,-0.6597932760527062,-0.013603108325883195,-0.520263127355574
917,-2.5042395827318256,-1.0067311691826077,1.1949752470710286,1.001991862719789
3541,-0.571209918444384,-1.442817689136625,-0.39610900542767435,-0.502487598170482
3539,-0.3253753460897525,-3.4194837520608536,1.3782787803525551,0.7876239385551089
4528,1.0634114440275588,1.5320341383946445,0.5469577990751779,-0.889727680448982
3889,0.19343776314819688,0.2812299112499134,0.8723645751914402,-0.8400020332250911
707,-0.6865597392510967,0.01443348255109623,-1.1299145923533196,-1.2488224745975844
4550,4.715749446363658,-0.05683972798567939,0.7320977417213362,-2.025804432896626
583,-1.0118325352724318,1.018575331444639,-1.2799865484094533,-1.0019501992097917
2633,-1.9712621290979115,-0.6596251168717666,-0.9145351206907326,1.5383866478438977
4004,-0.1763225354033499,0.5830632767828825,0.5554465920035607,0.06827813711233441
6589,-0.16657584024048,-1.1000228190827206,1.9787515299603993,-0.9030007354210973
6290,3.5601724026421664,-0.3917683717993628,1.2116147065721994,-1.0073618781992932
4694,-0.8535151080863327,-0.42645572994395764,-0.12253255527633874,-1.4415669458595148
5552,2.9156963147644848,0.7906417007670711,0.23183697181453092,1.274138505805294
5013,-1.4941531477024943,-0.7325644345044423,-0.5319453552216827,0.5911891831389111
6431,-1.0284657729453206,-1.7174053992864926,0.6366512538298249,-0.9970479758703523
2254,-0.44306315017510284,0.02031549017974108,1.2709705492342247,0.06869237889298951
4744,0.8679372827603788,2.3830469269228893,-0.050512850553513615,0.7413507699996925
2321,-0.21058487897595976,0.9901498513200913,1.3854149443131096,-1.5616333064434609
1636,-0.6754995719684371,-2.396198024974093,1.0868522032464905,-0.6032947826955224
5950,-1.3898911863152263,-1.190990748268677,1.7516931066526893,1.0818097659395223
4091,2.9740094417443665,0.08619395407594159,-0.4390343485532717,0.6453626197304456
3686,1.272447759307908,1.3491730405442866,1.3895348393396254,0.5514829212752173
1607,-1.4309865730757685,2.1714148701001013,-0.5082788948129209,-0.8865590414719374
1569,-1.9189021081614337,-2.8209640918374883,-1.809483441511652,1.689837587949251
5517,3.796872087727774,0.9461313846704815,-0.41101654966521733,0.9394875060983292
3093,0.03246385693019858,1.398717326059248,0.6877439468729212,-0.8722923887528351
1808,-2.3231834341925377,0.09180876983186326,2.104354958246201,0.10922103688206435
2480,-0.30951854461291983,1.9806606957117638,-0.15827953128869549,-1.2153956077273258
499,0.8373954923680338,0.024544885242304783,-0.07132522643297579,0.5764770988860644
3684,-0.011725145072741512,-1.0592850249823356,1.3446290286468436,-1.9413211659658371
4213,1.4056420890045738,-0.1900457431867995,2.8749088930093065,-0.5928507083665763
5443,1.794924685837983,0.6293862226668999,0.023920524337148873,0.12681223159302732
5229,3.424443092619967,-0.4808705827877645,-0.7646438376721493,-0.0831911977358496
816,-1.4407764112011132,0.13037322156938405,1.7740649615372202,-1.1886127423192905
3445,-0.8406580554939057,0.49957466923350125,-0.28331297462649213,1.416980957959593
4242,-0.7209958706779279,-1.219327867264433,1.4350347148981082,-0.44377791420262697
5866,-0.6641060361895619,-0.30454134095508273,1.394642960505741,-0.01508543757902421
6545,0.27918925481818835,0.43422748481534407,-1.4061422653343894,1.159545890234454
629,-1.1568455303289802,-0.5142827649404806,-0.06490868210552181,-1.1222411883267245
6720,-0.18675467570200838,1.0143718606081313,-0.8725428018637347,-0.049490170630758425
1196,1.2143815806625236,0.30897175762730755,0.44445149869595285,0.5959327680519827
4414,0.023897010853810713,-0.5802844526915719,0.5485626605271888,-0.5756349559948947
5241,0.3549483650413533,0.8016831439645647,-0.37796406144813005,2.133516996067659
204,-1.2059090481360364,-2.1052918266068374,-1.2449402055195185,-0.19297494506186946
3120,-0.06205374068650792,0.7270459994164992,-0.284775965299614,1.4852483275399868
3814,3.9529610353371556,0.6350048082143448,-0.5874921093906821,0.49704368568732393
5956,2.142680545095853,1.899093708056797,0.32465483149893737,0.7345449801334644
6496,2.615204870010894,0.46791726913855486,-1.34763172412466,-0.2746140323154436
2650,-1.8718804168137544,-0.7990768188558109,0.27932853090365994,1.1677119561977425
2747,-2.9557760195216085,-0.6086751009245471,-0.648384084708611,-0.1176800311724419
6971,1.2079151466386961,1.6011829346794997,0.9451095282345229,0.10023208320094469
3116,-1.9520963002094462,0.15249152964115636,-1.194705882686267,-1.2289824612169276
1754,0.21158946914761795,-1.5885762054578392,-2.2556604728989114,-0.5793368213869681
4798,1.8315074904508675,-0.9242534598334675,0.2461305808444582,0.7200318361493262
6210,0.2803217839481809,1.0370480470975305,-1.2325615024574632,-0.9677986819343505
6749,-0.038699539712005314,-2.3633432423297003,1.133903616258657,-0.18593585913375363
979,-0.8536909187400314,0.5199669288919636,-0.9796503203431178,0.6802747154153499
3528,0.3265096945698902,0.4295402298148446,2.0615790274904646,-0.1661374853285054
549,-0.3899784549138937,-0.572188131355367,-2.2248639554953584,0.3403990082323584
6694,-1.2339994975254014,0.9133917987840426,2.0269008017970687,-0.0029644870910135153
5494,2.8213374525739563,-2.4615352128869583,-0.946793619515893,-0.002394828444219436
1425,-0.3634645249811614,0.1974921861925478,0.369039908400985,1.052331688433138
4859,1.2288059401741174,-0.7924603690249861,-0.6056810165946434,-0.0891910176145728
3319,1.2207302204821469,-0.08169492266087457,-1.3837334695995405,1.5642780934127334
576,-2.7951760556243337,2.5499980394227513,0.7494838629503028,-0.6231733985642504
1452,-0.3537961579856552,0.5455336027243092,-1.8349277721486936,-0.36080272642466743
5722,3.606043798307067,-1.588809112679375,-0.42753749807390357,0.38710621924168237
4835,1.1855019247915537,0.057442662976366146,-0.9176475541036074,-0.08654858350631843
5880,-0.6161319109353928,-0.5952063079129238,-0.5113605138801445,-1.5239321205698215
341,0.03801137803160139,2.717836825103207,-0.7145571382532566,-0.18147524370449872
5216,1.588796133808486,1.2401430300163498,-1.132357317024647,-0.45908817403903596
4867,1.6716432426806902,-1.110009274204842,-0.9547676243137971,0.2616102504091217
6576,3.378252785180289,0.9465117504030336,0.9448994863360877,-0.8018664190045136
5092,0.48411891615123176,-0.21531813592349902,-1.8493586916670148,-0.9628577234164021
303,-1.06727250772196,-1.7426658576343907,-0.005941060180162787,-0.3600685826150879
3240,-0.8819011247959836,-0.04153285539586949,-0.811695793715553,0.1547337895809275
5020,-0.5554834399682179,0.3507020713291843,0.1227550176386987,0.019431537633936354
5750,-0.10347398755341998,0.13549314915138674,-0.9757253921413993,0.12770533505564555
4983,2.932294114274854,-0.20673476167009508,0.16413947107627186,1.4498653709790772
2869,-2.2952599555045556,0.2724237950772235,-1.211872671723322,0.3778924846151435
241,-1.0132175158753385,-0.12075652474233967,-1.2006336786398777,-1.0987982472016518
6096,0.9717682262835264,-2.445669230719903,-0.4538044484420028,1.104949903719975
1479,-2.265874278571234,1.948470512805693,1.0790595720228269,-0.3290463512805216
786,-0.4796263633690347,0.2649824228008076,1.8974590723336757,-0.3183316921721725
1597,-1.7753517708004118,-0.1932404218710923,-0.5517673662175682,-0.1413875622137587
170,-0.8557870757238539,0.7610168628981318,0.019597842928880664,-0.5735805698243589
3266,-1.2792284670040743,-0.10340605794542777,-0.983025990885767,-0.5470323416311748
6418,2.5665697244546064,0.8899635657808729,0.3588176744063281,-0.017568485383332885
896,-1.9342065712326477,-0.1714236769571289,-1.767264867809493,-2.8343442977777706
1127,0.28299346650132967,-0.2563169250144123,-0.9181956317713634,-1.3465708619412793
6529,1.3160500949665084,-2.1775693709006205,-0.24867640945605443,0.6522789889509784
2775,-2.600798905201991,-1.431971331959718,0.05085433539443774,1.286958017369677
1376,-0.9133167596570864,-1.4535800447995408,-1.3521814760662105,0.4690112719012436
4126,0.46136953551240883,0.6773117812859201,-0.8876362378878407,-0.39457344109622067
1617,1.922751837300026,-0.7519342991864227,0.7773115155494758,2.1426763512313847
1895,0.28655395800868616,2.6738681138949136,-1.3196283460638736,-0.9892146090468932
2129,-2.3334741413891096,1.5932989198742553,-1.1246673885491407,0.5766352989480552
5709,-0.11171540769514109,1.6267979679808608,0.3505823721227003,0.5138614690479112
635,-1.8466949162068442,-0.16203468140168217,-0.07815412250261267,0.31085786620826084
4617,1.2781341385767482,-0.2753487743817219,-0.333042009756744,0.8115204468867843
6579,2.1282941234045856,-0.7412513016460053,1.620160228910582,3.04702754623091
4681,-0.6160274308961053,-0.5767485872319318,1.2897085860282784,-0.36687089397972544
5577,0.20750962988857766,-0.3340557146434368,2.056103606420017,-0.9772388565040211
670,0.2576111853437589,0.8504328266828194,-1.5069431322440467,-1.2912273748644036
3978,-0.9505630556201734,-0.5075960774421288,1.1335524084641453,-1.0033929927397338
5432,0.7235412694849243,-0.6475876918238628,-0.2841752061412773,-1.2933578851759782
3214,-3.4855332113935145,-0.886072319626116,0.8408148612113141,-0.5325211800597689
2794,0.9501176995055678,-0.7834688403229428,-0.43044285682626954,-0.8868913833884848
681,0.4461646256481614,-1.2748815709265306,1.4064644344544843,1.64564070556348
2312,-2.111605740134995,1.039370046072906,-1.24600807969521,1.892057259326766
4031,2.419277012635365,-0.36686300480485573,-0.36380077916725245,-0.5809692172904273
4259,2.410474645249931,0.17599088356662054,-0.5271687806950368,-0.25990922184265935
5531,0.028995001365530144,-0.17726948225512268,-1.0173299928256996,0.35716535221919965
3415,-0.6934317122272396,1.5517108580434522,2.031099102186054,0.2547323393592811
3992,4.233059667023984,0.4184620921721696,3.0899307068765673,0.08123340166314537
6158,0.9120910382870643,0.08749925408461237,-1.1448236770965603,-0.37850352240886315
5160,0.19709622430294624,1.4935423009074875,0.7356708973915568,-0.05729541901910788
5487,1.4432645807922502,1.193656018964624,-1.2900012545919382,-0.35912033089429274
5886,2.4009754329910136,-0.29868280052761725,-0.23125756949395118,0.08978204191914485
2769,-0.13694420112107278,-1.3000531020102555,-1.3473744489913466,-0.1934947445686879
1585,-2.188233437987911,1.8322196780565057,-1.544673835307763,-0.5631471655542207
6449,2.2684466009728284,0.2692791123707844,-1.318600016828628,0.4548075199495668
5838,1.6037988573473776,0.40940310027453203,1.9235487853767739,-1.6134125290672208
1349,-2.3558810627305635,1.072061052741396,1.1010974034235286,0.5295295861191672
866,-0.959619312915203,0.9370539501431211,-1.0152521450092786,0.1467581654302337
5717,1.445523738929085,-1.5502749033153886,-0.4164419186726624,-1.1298632390358498
6830,-0.10557844117844944,-1.4835651192847386,0.31034174635644035,0.24454070693457583
6364,1.458087779929718,1.545197240315157,0.7147196776872612,-0.07812711483120652
6797,-0.7654681993265757,-0.9388279927402133,1.1669994218435893,0.18380716035234346
6457,1.7845650435893454,1.8291651790752235,0.28829584334092057,-0.2847482827142234
1767,-0.3539334380777768,2.758001686246048,1.1747221746398262,-1.5856580320331914
4294,1.15054848069524,-1.5610666911261044,0.7319267882038119,-0.7139029086646971
6990,-0.8321891568661625,-1.06217672647723,-0.6769503939466793,-1.171004886277832
6320,1.5505816978449558,-0.4525303385211671,1.1552201358822216,-0.31360222964754
4678,1.7767043072370297,0.02278383938753362,-1.3629437819605514,-0.6663399975483235
6355,0.1255318279626667,-0.6695624832696837,-0.34621130846022924,-0.9249417546052517
3787,3.714922622330435,-0.04151274004989946,1.5949604397202797,0.6981809229809922
6055,0.3673427723198081,-1.0694377273269855,1.5335382648292355,0.2641914810763503
2557,-1.520082967721392,0.5875879687576677,-0.41252187197062,-1.0762407743165305
5872,1.7401852642858455,-1.9181496556250703,-0.9239315514229921,1.9748906698866284
4733,1.3079506430474117,0.5536153675223798,-1.1151209287981132,-1.2385481772361615
5317,-0.6645329443066359,-2.3356690054103497,-1.017984359134239,0.6301096398212956
1193,-1.2741466284181073,2.254245015290733,0.3763456646533998,-0.04381691503282495
2937,-1.5736226607739716,0.924699230269678,0.7405066015457143,-0.9588457814361695
3180,-1.0553912879150418,0.8557222290300901,-0.7762693029643882,-1.5532878951508646
1220,-1.3062740373767605,0.7980834023361626,0.2779185600445414,0.8609403663736955
3753,2.6272933771622378,0.3789850999409449,1.1407308833735847,1.157845388372353
5265,1.1388397659093699,1.2235494100395043,0.1784363814077776,0.5524260443982251
1194,0.6417885372405749,-0.8179362353034283,1.5725601811861882,-1.6543764939638936
2627,-0.7603852214918795,-0.7958337124308099,0.8569760577052932,-1.1537062027082712
6707,1.235665768653393,1.6932388142653418,-0.899046812763082,0.49370796615234275
5914,0.4297080819120018,0.5032981802242869,0.21010055180878037,-1.3396255919299613
5747,-0.28075317141907974,-2.22322473523053,-0.3218330748221702,1.6568159665934008
1698,1.0949241312033746,-0.01611637154553976,-0.8474244404275446,0.6571173435108999
5282,0.5143792188775203,-0.3232048028328746,-0.48293382166461335,-1.646736726854808
2476,-2.6665321022783166,1.1607023183802294,0.9022925406467823,-1.5397393559264345
4639,-0.19884064825479034,-1.2918585210781748,-0.0968430281242087,-5.3302322163662506e-05
5465,1.2963812824643346,-0.1144501106073018,-0.14767389687864482,-1.5345010144185485
485,-1.0044664840512978,0.7323793061711013,-0.7016349930904424,2.5095941015176546
6295,3.404745150323896,-0.1575599280523081,2.029553328508226,1.6911390528274108
3330,-3.0185553720139766,-2.0232829753436454,-1.1034083748999286,1.0985464269211351
2647,-1.799115073825823,-0.024902235971210645,-0.0053405024005745245,-0.762525942932113
5017,-0.7964304155343822,-1.5106940804578615,-0.5856280766275629,0.49898917580413144
2281,-0.24669067376813847,-0.4280996072807269,-2.1242895043262493,-0.5308020339743421
1943,-1.8089801895689015,-0.02113232735694748,0.32541573120600303,-0.3522111545877745
2816,-0.7736796047059921,-0.026259878546766095,-0.7350841329357031,-0.2870056401892289
3782,-0.3528454496586974,0.8143241207095343,0.48092811411953124,0.019168201315828307
947,-1.4341279202037396,-0.7951242007628974,0.7412392536605948,-1.350148122400245
1489,-1.0134041296436365,0.8880076646946158,-1.8228080867793537,-0.7230279074009645
1860,-0.9914663842822529,-0.9062666433098364,-0.5357824316762814,-1.082290835051326
4643,1.8095029051880869,0.05461849218828877,-0.9922136683122289,-0.5240572294506174
1096,-0.43832959751646594,2.132694870933688,1.8821051350145743,1.6612510605561026
2124,-1.1023618788950564,0.8174715725516416,-0.42930348791209966,-0.633300673581076
4911,1.6667345984987305,-1.9688711652297841,2.018154186689468,-1.9634350260929316
2655,1.8448464518188201,-1.243373032931864,-1.7041171678422409,-0.3156137049770843
5854,-0.8470784560582366,-0.14330895551436215,-0.9146949323342415,1.446536375068486
6944,0.07987540431003708,0.2815622326384786,1.0317959227603433,2.202942321480086
5415,0.25820857696392063,1.7431028798497838,-0.22689314713494327,0.5184519772792072
2824,0.7717023090573499,-2.0096362504345877,-1.1076667516847767,0.8966318368651051
510,-0.565353417520279,-0.11508913375442233,-1.581623546119069,-0.4415116022422508
4035,-1.269394657618112,0.25921163565971594,2.265234751437172,-0.11589220754285816
1861,-0.18429272800938348,-0.9615607131516714,0.27989995874243045,-0.49305405234669186
446,-0.9856789009204103,-0.33041109396397744,0.22756121559445913,-1.3036124544048333
1359,-1.0133721496254793,0.7859853675791654,-0.20952043024181186,-0.8171558085771093
533,-2.6223062220997413,-2.152784081864665,1.523091040822191,-1.7116002157802903
3252,-3.2676639937360616,-1.3865415506478098,-0.03181925250916555,-1.4207551034324428
6695,0.024948906792476935,-0.6283889438918238,-0.5915895139814465,0.5740473709986912
2668,-1.9218957520435682,0.31565754479721203,-1.3002273513128426,-1.283038974861994
6571,1.966448927863,-0.8531086758370012,-0.9354807534464075,1.0921047121187113
3313,-0.3017485028303438,-1.4276647344955382,-2.4353608952525145,0.5263356905647455
6714,0.6269535298515828,-1.2539020883551337,-0.288113042150071,-1.0611471209219623
2731,1.1688246393494404,0.7338564969855852,-1.1414944911777303,0.5080684096559881
5970,-0.25194097926476877,-1.4666014759218395,1.5365688941951132,-1.465243174994402
1730,0.231927463921647,0.031457580509678264,-0.4686622621894049,-0.07243278209643973
3602,-1.338088704436602,-1.4845628795283956,0.37749931698301326,2.2923477958919225
4702,-0.45845044979858507,0.49502537522015,0.5932785973844028,-0.7944621939115938
6463,1.7815698765002705,-0.15736589066915022,-0.2945691555931616,-0.6880464836786486
5514,1.1502201656579902,1.2589087669407033,0.7798795602919555,-0.3727203859532354
6547,-3.5750805809984563,-0.9546634379661637,0.48429060654744094,0.3113160635266075
6451,1.5621544546616308,-1.2982669281338033,-0.5086235116916646,-0.5861581657617553
1688,-0.7763151835609168,-0.17726807312366652,-0.23797325735435731,-0.2065897868384721
5524,1.4032953855809691,1.6806499226277498,1.0025577167613338,0.46310195816036626
160,0.2228040219945664,0.023732950385258737,-1.3853238495794211,-0.1838200804176657
3940,2.100856904418923,2.2836231424533144,-1.0436936923749218,0.11832639571903011
4996,-0.08923078531490904,-0.4518235426599315,0.36806105683846385,1.8484542660615164
5351,-4.037011475376868,0.13934221830871243,1.2102534664638505,0.45604413218268847
2679,-0.717670790894556,1.0903763611376056,-0.5034934089250621,-1.3413591891231047
1551,-1.8979085139011727,-0.1578658849240948,-1.5416556868803586,-0.30979745351193566
6298,1.6525420064159266,-1.3997303964175005,0.923776578876549,-0.9723307289766197
5381,2.184398583921977,-0.056679479208628,0.7395146231973734,-0.8187631643512525
3097,-2.5260915439817646,1.073166790342079,-0.26526383698133216,-0.03849754273804487
2225,0.21113848584286413,1.331436543150942,-0.8021092900447346,-0.3805585485111666
6670,1.8050067365473061,0.7854025781823005,-1.6154388996903588,-0.37072480005441266
4459,4.01269079327197,-0.8996850413340519,1.060949416744936,1.1421806646436985
2601,-0.7068258071678774,-1.8434677908462431,0.685435208892719,0.26824687244128165
2081,-2.746793789357928,-0.46141690582568673,0.7236752196304272,-1.5593561730436976
4210,0.5536713907969644,0.7832498176713611,0.6229840284254996,1.8616471079691825
614,2.4166625666396926,-0.1023342193633355,-0.49705368777579395,0.3253797113712934
4187,-0.09146909180229282,1.4834933179762761,0.150749361091042,-0.8849289404231347
3837,1.1506367025840092,-0.3701896811289984,-0.0499776670252722,1.1184538803452104
4127,1.7553960538029576,-0.07294198443448441,1.114278523232149,0.8777112946166336
3970,1.3573932178139012,-0.23106623899701775,-1.4074848679439398,-0.07703316643908165
5665,1.9922161245684633,-0.42358717034218335,0.016857028356466176,-0.6058474213124404
2001,-2.3815455394602525,0.9624046487706999,-0.09466398358427007,0.17171751660371556
2553,0.4437550611816275,1.0577766297052642,-0.673048647781292,-0.4075296671735306
5505,1.1800891304631576,0.16213512860193144,-0.5564640265478157,-0.3531666980389599
1661,2.124630800781515,-1.6616318946244901,-0.8267105199926655,0.37942311790161953
6275,0.9007953719796641,1.1290825363561001,-0.47793502051915765,2.041749976364202
142,-3.0223036623543464,1.5397923456433416,2.6666638236211027,0.3620334257284189
258,-0.6406200276246535,0.9944626791300644,-1.3234040571167693,-0.4063482716769264
1496,-1.7040195931210558,-1.9465248050483084,2.5478576347423973,-0.8010652551260717
1602,-0.7760932893631546,-1.206990216585119,-0.663102423214294,0.5196017569577739
2741,-2.8038750380797297,2.223858710127429,1.0989772883568047,0.7158109680061809
649,-1.9183880000885642,2.199070906703707,-0.47824925809238655,-2.027399123666478
2323,-1.3246109621848303,-2.3856530550429174,0.46390393884301967,0.02303866640673789
3751,3.7729915752647565,-3.3040055928970715,0.1375254374471787,-1.3025369104258668
970,1.0392182882566217,-2.0522925346025285,-1.7419083251098302,-0.27909784216697414
5703,-1.1200863058634776,-2.1249726295583575,0.4297962537284897,3.4726421080881344
3007,-0.8803674563052598,-0.42293119531009477,-1.3856567995863671,0.49114299141456513
6076,0.5637349817537773,-0.5402534128491603,-0.6305308439012619,-0.6173283785415277
2500,-1.270303482781286,-0.3971977686881304,1.1006111662504345,-0.1438790362715424
1363,-1.4871533909197674,-0.0033360335299051106,0.976273906316257,-0.2787266927317962
3056,-2.378489079905932,-0.3776659759044356,-1.3058380074886529,0.2884791757398519
4366,-0.9915591549363726,-0.7219821949485078,-0.4727930484425727,1.2392015657569873
6925,1.489295811003508,-1.475448960097398,1.7040490005597473,3.1534233097713718
6368,1.0342291345388643,-1.4232683069635823,-0.5295200059887438,-0.14348613143452676
1696,-1.0327989608219859,0.2881396896882005,1.883269726531145,0.9021525213957271
6141,0.00418645149835945,0.3255742341474162,2.410408742650724,-0.5814375416790448
2449,-0.27452634285411537,-0.27797164561067245,0.35054422682501646,1.019842442511285
1911,-0.8936509411716314,-1.4540123474699944,0.6216534885268259,-0.2445626222902865
4846,-1.5774838620998708,-1.7409407129339087,0.05514695810190332,-0.2761709572229205
406,-0.6698554654690138,1.1402281478509253,-0.9278882434137293,0.2233032018391172
1805,-1.7271453839927293,0.37996189893666477,-1.2647173996241494,0.022020645539953025
1813,-0.019304107287132853,-0.47613737271431145,0.8324039200675668,1.1366773442481852
2933,-1.9989206852583905,0.42026081850595065,-1.144862264127032,0.12719141754994243
6066,1.958699396442198,1.8894300035577363,1.0041947291179198,-1.5089958396601233
4408,-0.5895814994387263,0.608999376145244,-0.4851435524957419,-0.4913301108427189
3479,-1.0199629385430045,0.7790880672476147,0.16896971599724434,0.435832592549155
463,-1.5408749159170447,1.856993600085007,-0.8880989261571829,-1.1764439777067561
1223,-3.5665601687735253,-2.417332058513574,-0.09952185739885687,0.6096032082248224
4223,0.5846601077506086,-0.3737379715600033,0.46869856528933124,1.3162409699947912
5649,0.613879503856484,-0.6655075746190022,0.42106703508663246,-0.8204732117003344
3997,-0.2588948482113881,0.9652512550428647,2.1338488814246013,2.3997197799530454
4199,0.5919346021513852,0.6417603785942569,-0.15263441377411713,1.577068156957041
4377,1.2518203521659614,0.6464396878965694,1.9835739317300891,-1.649705025514822
1631,-1.4749309153187713,-0.16279490259867976,-0.8807581961032891,0.6007263982523424
683,-1.390568964638339,3.221400886433753,-0.44661032739159445,-1.3882524691804334
2833,-2.298007024090254,-0.16139736875798433,-0.6003085358303538,-0.7264452470923222
4900,4.55494259475882,0.19623991282740982,-0.12680882823894798,0.3511431060836163
1118,-1.1073120999134731,-0.8273707207980042,-0.4853565292123517,-1.6503322657897692
3459,-1.4410740502655532,0.20741208743071154,-0.45336918262743664,0.33707540790519314
2580,-1.583699345748036,-0.7297112166709873,-1.095463146558759,0.9768304129727542
5529,0.4324606075234829,-0.3441174195931791,-0.13223798142270576,-1.2238606002652888
3926,0.5520005991950584,-2.192906109757917,-0.20740680809918624,0.5876533359793633
3340,-0.2191446601629431,0.12320533550000624,0.08888246003828598,-2.5670624158438877
199,-2.7796975532505424,-0.595967301575076,-0.09517063363521008,0.6457731291467516
2121,1.5064511119001998,0.9940535683395421,-1.191263293680685,0.9700283922316505
5460,0.0821304161540048,0.9894939574699784,0.540844208123198,-1.4474008947946828
2350,-0.5550808016660098,0.0028517810638171762,-1.9843652429215608,-0.058019847060340766
4135,0.7649305178324098,1.0696174164081877,1.6109536182347566,-0.45690913961212276
4164,0.39354227966897487,0.4858052754687062,-1.9453633327064832,0.15924011718764045
2410,-2.8190084799983097,-0.28068046340011715,-0.9169939696435895,-0.5366006584741587
4860,1.0150665065510145,-0.595108652798532,1.6044128279082055,0.48450126849168096
4142,1.8474517980952967,-0.010439495535796355,0.715077092379472,0.2231773235731085
2528,-0.989150717649114,1.257986321578829,-0.9131924991876463,-1.8233909334465233
5655,1.7482782797385719,-1.0407105532180299,-0.11588476646776871,-1.1754167696461624
365,-1.14578840939806,0.20833271127668698,0.3778913409705978,1.9662632814010557
2071,0.7330270076033473,-0.7012255704110737,-0.5565869529456822,-0.8122093447113746
6098,-2.7479979798115273,0.08241873600648773,0.5578118421068615,-0.16636616301783705
4383,1.8670115855848637,0.7637886234305272,-0.06270284058862537,1.1487441906320082
3226,-1.6768967859514365,0.44981041292339613,0.5770181678201097,-1.7183577863926949
3031,-0.597502029954202,0.09794025059783526,-0.04578329657453089,-0.43936410707391227
3064,-0.7956629808927546,0.4580483189563943,-0.5386316954854984,-0.6417893973170306
2549,-2.190534475590001,1.070919342226599,-0.02612315704891557,0.6887218066098348
1388,-1.9271857292392527,0.49396509075535106,-0.5007770356346795,0.3260808825650846
1581,-3.1861995216112238,-0.8882800709014652,1.9698137998459115,1.4738551431403846
2062,0.300828589570847,-0.3468743184280762,-1.0850680862954267,1.6714413337889567
6487,0.09018105573981465,-2.8550771948125537,-0.29865390096225175,1.354304276588405
2609,-3.495862894636121,0.5990552361565811,1.3466679387058476,1.2737614077911759
38,-1.1964263570714004,-0.3045770773009787,0.24212346985436986,-0.907475000880805
2952,-1.0175316992932175,-0.24524922385600043,-2.891298890035617,-1.1780717739122737
3917,0.3506654485928842,-1.2925156605606178,-0.013258399918391516,1.2605916537658866
2556,-1.2986738217856593,-0.029043372014359647,0.7164777529677789,-0.9606426170595622
3278,-1.8038391107305995,-0.29485353861125885,-0.6433730936682389,0.345079862752918
2686,-1.9770953862884588,-0.04231372824479586,1.650396640768699,-1.4198222021679416
6434,0.5674593618057919,-1.2885320726147398,0.9424264833451159,0.9721316163647823
1057,-1.0977506474502543,0.8327882827698975,-1.9268017403943503,0.8071347384725187
5062,0.04901900333795745,-0.15520581005901202,0.8191947193157204,0.23454579868835354
5964,1.1524259515923294,1.2650402211526501,-0.2238967734158057,-1.078099371986464
1097,-1.1028655540916747,2.2739568923731652,0.8823749427655948,1.823142248898813
3752,1.2714107922838915,-0.10677923699128214,-0.33076608328339735,0.35381134629662003
1471,-0.09312204953224848,1.8686664765606045,-0.03719166687243906,-0.03952276909886061
5340,2.805728557288346,-0.764087264008716,1.5421584940107969,0.6783252797759849
3879,-0.11189091844008277,1.1821116100851397,0.24633408438753596,1.4525365259321135
452,-0.9814818587984255,1.7122218863897896,0.6965761964157936,-0.7219382917917213
4921,1.0776191199289917,0.3899260689710256,0.41176433808368446,1.6852517991071618
828,-1.216539229714231,-0.7647587214650385,-0.6355804701478246,-1.5232660720435278
6550,-0.5448489264600367,1.3359633278920067,1.3809330442976442,0.45337132274719233
2936,-1.0849569032325423,1.7939746858773356,0.7802571895098759,-1.1066989149363398
5315,0.6103011658649925,-0.6198180650157079,0.3859856357460604,0.5896852055792337
722,0.632661112453841,0.8430754588976662,-0.509147340445697,0.5319170750486526
6832,2.5428215197467083,1.2379789728744757,-0.9063799347986016,-0.17085963847740718
6582,0.7758122279719272,1.8651918071532019,1.2485437783715148,-0.26934983468821616
2888,-2.3586683819271603,-0.8869060509165838,1.36389058713748,-0.6687164968625321
1595,-1.2498400950581554,0.27726106205878354,-0.9215530361279833,-1.8718333114146315
5751,2.1452014629479152,-1.3398532836751518,0.10089326810084687,0.7556269578637927
3971,4.306130393558058,-0.01204259843484749,0.7125510127221292,-0.41880248401878517
3096,-3.260316374838311,-0.28738005576173625,0.7034721696153311,0.6455453967770264
3748,0.6044994227051657,-0.7517826578733974,0.7780392592346824,-0.7759411557172754
5201,1.90576678254928,1.41872960690227,-0.020666397698788787,1.0201596740087158
6675,3.461122518080644,-1.272556636430832,-1.1050006359230382,-1.6111137874379944
4379,-0.10183300559242614,-1.1671488190097072,0.9062496413607553,0.741173436407031
4077,-0.22886277937671828,0.6090336965799381,0.4572092606170733,1.3956298468066448
4894,2.5630901384212867,0.5204627490587422,1.2040203263504232,-1.4521144126048535
6679,0.3708308635110533,0.3835197655760699,-0.2546403434415642,-0.9100088398464286
2259,1.1439127835639757,-0.3529976157384184,0.5065958416448526,-1.2151696880112102
2026,-2.9986627959012044,-0.764369535775032,-0.17674623720543595,-0.9499356320968226
6857,-0.9047690451872454,-1.8074803092183276,0.20533844740514226,-0.7271546227615676
3352,-0.5822260218947162,-0.8991504405512568,-0.25496344878039473,-0.05523136499358537
6358,1.3533753173876004,-0.6576079845282911,-0.9027380786635695,0.8521969671279724
6482,0.11398115499259628,1.3299179908966714,-0.6739179662812511,-0.44524845943838853
1445,0.020982912463835577,-0.6949162940164822,-0.8080480239800524,0.1949843929677277
4722,0.3422864101138967,-0.8030011799436803,-0.5233423374722007,-0.4064001574957176
4564,3.749536527473816,1.0662592035311655,-1.0256652223419758,-0.5428686941219657
6023,3.6457436545935713,1.43050751732216,1.2332076188521555,0.41284614961281085
429,-0.014789524096123755,0.6201824542147284,-1.7359592100655232,1.6943918757230574
3950,2.113280160397964,0.6259303245055565,1.7064546824481612,0.6400629349727265
1210,-1.9185164874262188,-0.6465581646124547,-1.3761566184100897,-2.3086426366703265
916,-4.543483172618769,-1.5306763899766296,1.6959611779401358,0.09431173020936258
4262,1.0481387812201708,0.23293422841945896,0.494801381505818,0.930714914927325
5007,2.599464504073008,0.018296906357551563,0.3543017772243725,0.15635718241443922
2613,2.5020664363675333,1.5877954601089037,-0.9613615525981508,1.2657904194121437
2494,-1.5542115785744368,0.5673841710387331,1.0346074963724368,-0.6617929583947143
1000,-1.1026039676710415,0.9004945440216666,1.4567859792998916,-0.052793698738148334
56,-2.6754841632557027,-4.043394678082337e-05,0.21192212473799998,-1.045347060278488
3020,-3.2612604985110423,-2.2794742955690497,-0.21194997311945857,0.5729604722134837
4993,2.912766705518602,-0.047944701787400165,-0.5021581775416663,-1.0261024095950468
208,-1.4806029402119152,0.7780151560627224,0.351520008296453,1.5200188997399602
2111,-1.182019238998843,0.03532424233416988,0.11386439357906859,-0.8647741436428839
1440,-1.7651680429735168,-0.36021611879785187,-0.30773235820101835,-0.05229405806470847
425,-1.7989243268695987,-0.34128380505552747,0.010238228034125002,-1.5979188900496013
697,-1.323865699211502,-0.3975702437776985,-1.0730209921328986,0.04246224415258207
1265,-0.8083135149122688,1.2528852700436501,-0.9547361512955838,0.9754424640403004
1623,0.2936027137604955,1.5565132095057213,0.06858476781375297,-1.395468352368139
1593,-2.316598591886781,-0.6224166968739999,-1.4090647330495099,0.9840919540016291
2301,1.6034826353506006,0.8031472309955436,-0.5803745846360893,-0.49740328778523846
4588,1.9354135438347906,1.2249616405152617,-0.34703582424394624,-0.8499171083344128
4820,-0.3013545866755843,-0.5845746810978011,-0.5674294477256618,-0.07160381999057043
6246,-0.7554667175031562,-0.7470633340756933,-0.15731478811402683,-0.9583792875308534
5510,2.571694460271898,-0.177606233253411,-0.4698600125450615,-0.2319272523408413
978,-1.3988773634908496,0.1462089622983701,0.6655716288879531,0.7278861275300187
6450,3.0711736267803675,0.09132657488896993,1.6062917660995428,-0.1667478802790553
5057,0.8147241114277741,0.11105265834927097,0.25827669958504673,-1.2173548548986932
819,0.6501990632684386,-1.8991393517140593,-0.00619497322910823,1.2688120493410349
6467,0.012951013973916205,-0.12693133413034122,-0.22442094764647758,0.5423653958874356
5419,1.532583232312413,-1.3874926111686545,0.671172415884729,-0.5871243704480047
1467,-1.2769206638341248,0.9480377927732272,-0.6857393250839428,1.335604859941926
5923,-1.022677863145479,-0.32626962626971945,2.0343874922176752,0.5883665156300961
621,-0.09029832225295857,0.21326183369136834,-1.3300462051689277,0.21477805765725183
5205,-0.5556485308314459,0.9794397347607856,0.39957699026225413,1.7940723875449576
4006,2.5058314400287536,0.3094252547612466,0.5910626555219013,-0.40145326593787783
3048,-0.795208718415265,2.382762064228866,0.33826387852875534,0.14211164098211088
1778,-1.342785818513256,0.0843372523535526,-0.006580603121313857,0.06870113430573556
4066,0.8934777653391747,1.512093415192842,-1.1750148096884923,2.603288449032608
336,-3.22915540626711,-0.3565256031948218,-1.5099359984702143,0.9204979419908352
2642,-1.7694636674003452,2.243834722612873,-0.8908567425593559,-0.8985812307187125
1083,-2.419381721988107,0.7613855111384336,-0.740965190672454,0.6701703178093237
2607,-1.2246214333503018,0.4495607886644181,-0.9146750931204861,-0.6417419504290032
3569,1.1868499110647843,-1.6227961317790707,-0.698615353565382,-1.1393492982206388
4024,1.3142885434974834,-0.3123823327603138,0.7043296229264809,1.1326308689949434
5105,-1.2070829647332693,-0.9343480184690669,0.3706792917956303,-1.8642048682038694
390,-0.6679871659590731,-0.03477130330000063,-0.23951595881559284,-0.6491005599810141
737,-1.3539061841309763,0.8262945061390453,0.8012581208729115,-1.4085629005719915
113,-2.028884866280257,-0.517917680506122,-0.39967179472348474,-1.4720422637460013
1068,-1.748047958249184,-1.0032120884142428,1.3751930301367379,2.299205494797405
3923,3.4661436399672776,-1.497941210124711,0.917259341974693,1.4016148483625241
937,-2.0995847211280387,-0.28789515213154443,-0.4628576294409616,-0.530638984959155
2299,-2.0862464601077986,-0.32661418844213913,1.7666290440815982,0.025792758613810113
6454,-0.8062896195653245,1.3535259251271974,1.9984397052700666,1.054797912670986
257,-1.0281550150624588,-0.6158945457926767,-1.060884046475753,0.11654849329618647
2238,-1.1780253329582016,1.5207110530389816,1.048476214105707,0.6364848001068999
1339,-0.48498144305124563,0.5791624102459114,-0.5499033398152728,-0.44138730566541357
1152,-1.1777078854259604,0.9090848300682053,1.0419642789303183,1.4649780992979795
6192,2.371792523328547,1.0706353064776344,-1.5514576339848016,-0.7615002729459152
992,-1.2122593797483925,-1.634338021558675,-0.36973615282746186,-0.9978398236129152
1846,-0.6785926650551739,-1.6683112097285886,-2.282491925739908,-0.3635859289491185
2558,-0.7457872587008264,2.6094128035701396,1.2232310636252186,-1.1672858537548076
1972,-2.9154091378763134,1.1643236983439913,1.5652256840299243,0.24129047353881172
4610,1.274814385309179,0.39123282709907603,-0.6378187250882345,0.876364328005835
4622,0.9820454141015139,1.1619394380914685,1.1726539027897547,0.43343294708515123
3664,1.0260318057928481,0.23763643194573666,2.479432586861942,0.09675972151512495
6650,0.22126891265462947,-1.077250020058729,1.0966744596011697,-0.1455058406177971
132,-1.3618564853975075,1.1354262781253257,0.49884812571544596,-1.2150411815639985
2462,-3.1038726000781067,-0.0939269831945503,-1.1790663751905999,-1.8169601754168265
4131,0.8279353684721705,0.49488286233097334,0.44187717829680123,2.6193322282664253
441,-2.3339037790669517,0.18781631824484024,0.4304907170401014,-1.741827223418414
4160,3.631514588908236,-1.4396805815719207,-0.7153677511079246,0.6490082051525908
2029,-0.24465868371479457,-0.670532263922263,0.5220672537920023,-0.12974621752809257
1668,-2.696981491734898,-2.0618169699716393,-0.23108413887609877,1.7946637648883834
2175,-1.6555159762495808,-0.9826080625394983,-0.4114199439645361,2.513085872932616
5083,2.8910611885091337,1.0743422156128484,1.3214467957949845,1.8180869897541838
6498,0.1916765955727065,-1.0012307111695615,0.31723684316356887,1.1354815353160033
1598,-0.7129482033858876,1.2542587375866199,0.2047964537885654,1.8123419152514508
2725,0.24704970222321887,1.1596711764651457,-0.47277598552013145,-1.2640272770559333
6957,-0.24756522334250236,-0.8871477859738165,-1.8576249339944684,0.007593657288028979
2572,-0.8536440313855527,-0.7250701251857646,-0.5059661979287496,-0.3612052184265267
1294,-1.3686905534186842,1.3237326890438899,-0.43003099115895294,-0.8459240278118084
135,-1.0934931407402295,-1.0055212280296257,-1.4990986201461263,-1.2537433103757623
6425,0.8341393665345286,-0.9104246534493817,-0.4564399687296852,-0.3110403118226049
1659,-2.728365347335185,-0.22845312277677352,0.14382430651266892,1.0651610042856272
1744,-1.5510941169376944,-0.9337325065423813,-0.6634460589750764,0.9061316822814763
1278,-1.6180500649430731,1.6181884435385345,-0.8949659251299311,1.2940159891448664
5222,-0.8398277248290714,0.022964276391559797,0.5484917768748805,1.025170930699071
5023,1.2209607258721866,-0.0657493090737411,-0.5852105057143495,-0.07381843625274703
3546,1.5939565269880838,0.514342388255465,1.1986582936696897,0.0993936555706826
5943,0.04472920805711609,0.9160414962869449,1.828376397183477,1.3049744925073805
4057,2.2100134413508212,-1.671449059828787,-1.6238671921797387,-1.2669917319291644
129,-0.2647521314201835,1.92251769732292,0.6287390774801401,0.39467577686004585
2700,-2.4005174503626443,0.8019555129207054,2.2802569828384534,0.949622297464024
27,-1.9524389677517395,0.4630018210507806,0.4854794147188308,-0.7419029549854897
5650,-0.394141925036028,0.312100089071848,2.18254184847004,-0.1374237846467737
4548,0.5434010550268842,-3.806462000766137,-0.43627696901694857,0.26188021992642524
1234,1.0661342635284394,2.1834968018941625,-1.1951874877899233,0.96026605425905
6313,1.4685831460583432,0.916524146316623,0.7126916459395966,-0.4031639329715384
6672,-1.5261515724526475,-1.2524914269884335,2.4305159765555335,0.39637093805723855
6682,1.0803116279035414,-0.5224382120023149,0.5109261883223907,0.9238125006550445
4043,1.38295016866435,-1.8945966706126853,-0.3452376943339489,2.2634155958821305
5283,2.511285624906306,-1.9857454978513096,0.37297210681960496,1.497001940899959
5053,-0.29623294348241014,0.0063494390585060855,1.299409157916076,0.23518552246946006
459,0.26847701082707565,-1.5392555357334448,-2.1458755799081075,-0.7107912712035016
3558,2.9780392377163114,0.9057853286474215,-0.8715982414182547,1.1971169020141255
2391,-0.2751805056185672,1.6572562372093638,0.08376197545078867,-0.5500239501366299
2009,-1.0982400415874978,1.5170842134720919,-1.6834024757210968,-1.5067954533161168
6370,1.7865417885206274,0.21029593811589858,0.35713405254576713,2.636945495476182
2466,-1.5524336721676057,1.0283554830534734,-0.5076052148273564,0.17634178124965036
4457,-1.8166462384358868,0.9576836331972849,-0.22739943649131056,0.0016251909947208978
1804,-0.6148442812281013,1.3526509548047219,-0.7012515318042215,0.40310545721248314
6965,1.0723703557173783,-1.7064284951387312,-1.5864723158064946,0.5197956442459167
202,2.2865266283156775,0.679966618638649,0.6898034907484207,-0.17964694137082696
6206,0.4897849472291399,0.8961086578074889,0.0639915871227538,-0.6845989278092726
4201,1.1179431975405714,1.5109389650966651,-0.8190196569845792,1.5825162294449857
3651,2.244448156575077,-1.289731790801548,0.9838547200546717,-1.569123427917884
964,-0.9128619967521472,0.23148758798711305,1.4166369655365965,-0.3792282065073623
124,0.3762962701454618,-1.0243985805101559,0.17099582187423604,-1.059621269284087
3025,-0.555158196700946,2.2572994039520213,-1.464771635538041,0.38660650108839295
6847,2.7026262296069574,-1.8322830695665013,1.045157425503762,-0.2689491213106856
1965,-0.6044452002905283,1.8313121925064804,-0.1145129152902943,-1.3357234349584848
2972,-1.0580458660405456,-0.7095918856302671,0.3650865390015806,1.248659646939621
2960,-1.558333194666211,-0.8368520895744782,-0.9158221961066008,-1.2221054392976751
4542,3.4337529359370316,0.22589539630540348,0.22016888880297922,0.6715885498155694
5672,1.3804046107804375,0.3855112118782176,1.3082296151839117,0.6854626123540029
2996,-0.04891936357805985,-1.6595261888927273,-0.0003936769524056942,-0.21539207485701947
647,-3.5473940837731806,-0.2414566241975061,1.4825017671829606,0.8317350489767352
5630,1.073259914106507,-0.5634768054354466,0.5851130130441365,-0.6020057778124175
3323,-1.1746016118161213,-0.41195681517139965,0.9028825552579919,1.4666426180061283
4308,0.21975229374616997,-1.5367878819216054,0.10505426974933717,-1.3552109230698637
1757,0.9616518247403117,0.985243682202814,-0.8145963874053237,-0.6369000813305294
1588,-0.38091762400522516,0.31182077184862317,-1.7707657105247154,0.14185160776445147
935,-0.2590036622673855,0.12788079759000276,0.4508655185454088,2.335897359925376
1450,-2.1776499605261113,-1.191435319278741,0.2236255706931838,-0.6767191286938946
523,-2.083260651901214,-1.6130070947434667,-1.0814621877199135,-0.2001507308023012
1353,-0.9320476516500467,-0.372257493707474,1.419798289435737,1.2851297407614417
3138,-2.3789816796586134,0.16178353706282486,0.9335007215547019,-0.8002123567636967
1188,-0.01699388148660154,-0.4325129192640846,-0.9984767417726363,0.10211665723175835
4313,1.876094661452578,1.034915985907081,0.41909099549426354,-1.2341592654391147
5629,4.418874578292105,0.8977635894203289,0.7375630364707637,-0.728071748739175
3440,-2.210555421810629,-1.0396580570377258,1.0173349882990868,3.170361237482392
6126,1.970286502144347,1.3501091756794399,1.7935123875795358,0.4912159603517576
877,-0.97724185210751,-0.47984263683715306,1.3776284613147232,-0.2716588864232557
3294,-1.0150304792594933,0.07048734382776779,1.156053287057453,-1.1382263210526484
2022,-2.9793282421886076,-1.7359390917729705,-1.298810142409174,-0.18173568494535067
5031,-1.1109256617800753,2.0518957836115854,0.6790876245455181,1.4319356390722275
66,0.05198184841001115,0.34867303961795815,-1.2474060001020861,0.5088499809731153
3694,0.7378597070426869,-0.09386802134667373,-0.9428645464122574,-0.35003449061829545
4357,0.6414379097582525,-1.0786397250333022,-1.1130584285490654,0.8201478237770456
1481,0.6213533701983046,0.6412712359396112,-0.03938491567309688,-0.7290753142012322
6266,4.298417122441139,0.061404852172372223,-0.037224626126571514,2.1093304901053442
3892,1.4832631987079596,0.6002104514711578,0.5256046711355606,-0.8026992230739701
6524,0.701303757463427,-1.186102391964601,-0.2066663134325638,3.132312161652695
3429,-1.6295635436441316,0.6106986426419508,1.2070973788486112,-1.9795075033475595
5749,-1.923308092581902,0.16270772682296544,1.3083215415451337,-0.47724136211884854
5742,0.17514680344744502,-1.5100400209355838,1.2516852817534463,-0.6372971847744854
1944,-1.3115882235310603,1.7632224865284514,0.6305291863405433,-0.4565630955092013
4756,1.2549198494857825,0.1286919534340909,-0.6962998967079,2.713987471889048
5226,3.2347008389182075,0.3604470020833023,0.48525078572472097,-0.904268596527544
3931,3.259385509931954,1.0821185343978015,0.5725735202103509,-0.2797462625507704
4384,3.491118709775666,-0.9693065394095716,1.1807116354975824,0.9225252475435107
3542,0.09015921701329435,0.9721959832466587,-0.35628173005993574,1.1512152023131095
6996,2.106395444094212,1.3756580569132117,2.0111619128883738,1.01592911921226
782,-3.2079434540306107,0.6608889814476954,0.5671429872684419,-0.8212211545821653
2163,1.0755361550936533,-0.8762375119422628,-1.7078735144979276,-0.017962846273325974
4120,3.579729983623401,-0.29384552752585663,1.2773665150404534,-0.6310470318776336
226,-0.7885155020708057,-0.20264189174551478,-0.38747999897673574,0.45448351117171226
760,0.05963505747923693,-0.1715045175663946,-1.5025863542709759,1.0564402660917052
5869,-0.4031087178570787,-1.5943425526991175,-0.22225360681242834,-0.20526798687314426
514,-3.590311257399178,-0.2598254045698415,-0.4012266709931811,1.7147638005919168
1605,-2.4397674758469745,1.8988050477493659,1.1816972348544104,-0.33816688714313814
4279,0.5055572021702628,-0.33829621722130476,0.6105737068882582,0.8811037206766674
2891,-0.3199181108798558,-1.4896184975150197,0.7140088865913836,0.9346606230867971
3930,0.5339563061536264,0.9754591685464509,-0.6854430176275927,-0.14838594605689012
5281,0.5813479851249933,-0.49694083453130966,1.330474847110266,-0.4484085656888242
908,-1.2287697705467127,0.1827498669284143,-1.9519864506915185,-1.0509357577257448
193,2.4260893597584707,0.9347924598374042,-1.0274975244025046,1.4163857747883353
5329,3.5541647276690034,-2.320228242635555,0.051776144267315645,-0.7510180273843877
742,-0.20240337643402512,1.0433024361310042,1.5718720552654857,-1.708363443742833
612,-0.09577671466035094,-0.5729914164433098,1.1561243863465454,1.2274836376829203
5140,1.8774643654143672,0.8935137065858112,0.23865853025038075,-0.44091265730090456
1870,-0.3634293001066458,0.5873105031730692,-0.25632727986496867,-0.10655260454761932
5440,1.3011401536534866,0.16629866072250535,-1.6849029188916604,-0.9275053583267668
3638,1.3853866198924871,-0.2120185556773355,-0.9963300232704508,0.13819045050569742
401,-1.9635646221578797,-0.7310694676461773,-1.4662868610566422,-0.24971799178240284
3540,-1.9256212859172273,-2.2648849630814456,-0.6387155698141578,-1.0966245625393538
849,-0.03298555702555386,-1.0156756167323269,3.340628720596058,1.405276919119058
5687,0.8737419851831624,-0.28366880134767725,0.30333256513929924,-2.0056330438068333
1728,-0.16619839174583756,0.22358103782410751,-1.9802609618549387,-0.14817768076122256
374,1.3496443054406375,-1.058371771812114,0.49764990949946614,-0.40878144484701934
5488,0.1210499958694479,1.2231412214711344,0.17690281503917893,0.1828490603890265
2935,-3.9948278385463025,-0.7513934281041825,0.78341175702526,1.1861124827262606
4633,0.049693000190086406,1.5502086872438572,0.6024575372557041,-0.2906606159793522
4949,0.7197779366652284,0.7168707240215629,0.13981713555032219,-2.0477351831839576
1007,1.3149115291906426,0.17262325267770265,-0.17805929819348024,0.2374311716021488
6702,1.5896204805267482,1.8753656750012735,-0.06060434591142954,0.4014172074851792
6520,-1.349337356788763,0.38217738543673097,-0.3480605674589223,-0.6012607125062789
409,1.0186969760639004,2.3816408331985586,-2.4458037519961535,-0.983144525397296
578,-2.8720879097344834,1.246207555242928,0.7522780452930501,3.0496544278808733
692,0.2098625238059771,1.3618416203326822,-0.4532906322457464,-0.6788508923144555
1611,-4.267561053111158,-1.745015049525278,1.0042056656375211,2.2530066817522663
2734,0.6493510293121715,0.5923295218610688,-0.2839595367784747,1.7707721497356408
655,-0.34763770399431104,-0.6900837857304852,-2.6623339066314715,-0.29592700650410414
4540,-1.5972036030919203,0.46647946646875543,-0.3157921462255669,0.7630207630011454
5077,3.1359424594863485,0.3761282607565651,0.24952138909371108,-0.3903859725479413
3839,0.6400003669947604,-0.3301734695581352,-1.3848769533875604,0.27016733401824994
5356,-0.1322922512436814,1.1123950146921697,0.766792004861664,-0.9852893164782638
5289,3.1966515403738116,1.3688942561762378,0.8479757406049184,1.6902973149650389
3133,-1.6231197064833651,-1.2330832906312208,-0.7235229845626939,-0.21718150980640238
590,-0.45081519725770747,0.7739443308525056,0.17989122212861464,0.299055854288091
2906,-2.462518606964294,0.21300462140865203,-0.1362763059829417,2.53823600643305
1575,-0.5267607154062239,0.25240836351211476,-1.2558094686578374,-0.5958394040256736
4574,2.7095773778691785,-1.023341547065106,-1.1607036673203541,0.04064937723117847
3129,-3.514912270207298,-1.560639728433741,1.1267687041437915,0.6335755755009463
6061,0.1390756467350156,0.570416751149277,0.09268194516205286,-0.8455322583414006
2396,-1.7782904731633726,0.49761579548882223,1.5230779392573905,1.1057637561865024
3124,1.8802828998384429,-1.2747587866904364,-0.9321358905538243,-0.35578577152551244
2660,-1.0643839880869095,-0.6923242206415892,2.13373734930126,0.30386851182979074
1871,0.7964833951502353,-2.052858950195779,-0.23187795768005284,-1.079656199034958
6712,0.6123170847509803,0.11306305529400092,-0.36025967286896743,-0.7104801618838564
743,0.8564990488076053,-1.2138639624199783,0.25740412975965105,0.5993511210800773
6176,0.21014829719798148,-0.35130475032491243,-1.9297101264264394,-1.4939707460123381
182,-2.007286718001665,0.7413556536809777,-0.41721826146680924,0.9673026514224186
5243,1.0416810366529088,1.075862285374435,-0.4903157041508547,-0.9517817262703254
4338,-0.7948102088928299,0.09046715024697691,-0.37274553319528936,0.03300445381161755
2716,-0.5740802526772315,0.823931465921159,0.23469734607665804,1.204712404099204
1053,0.10477079366853302,0.006594065196322329,-0.29243735532417464,-0.6074126353364218
4909,0.02894579893910271,-0.7670850436311273,0.4510195765009352,-0.2898540954671167
653,-0.9996168886609554,0.7953839339869971,-0.5130443169013494,0.2543358598895734
148,-0.7898524536200028,-0.7376375544526007,2.1834610473120972,0.6775584305602939
708,-1.2163746850698738,-1.4991354864155484,1.1382013812975873,-1.1087049499343764
369,-1.7801466091457105,0.8653163689236663,0.5308155845665826,-0.45381422319276443
23,-0.20408216649479413,0.36404733386259935,2.0719997714139646,-1.5786841149893691
3312,-1.3431317674763519,0.6593465890389892,-0.25062847292240187,0.00687526428586661
1285,0.8240554060309649,1.609511700588701,-0.9205227596419672,-0.004842852828760473
1957,-2.6170556672604883,0.3387141945970688,-0.6625119204048545,1.2332108893054938
2260,-1.606645418560024,1.8788409975081275,0.5192370826112513,2.8053272699841902
1199,0.8550158051237358,2.1382806032956156,0.5356955702064478,0.35531722771905017
4508,1.884768148490905,-2.6200137151456744,-0.8809881280656708,-0.00822625605410229
469,-1.8453789780415975,-0.79513418098746,0.15099847436188482,0.028632018630198833
6746,-0.14052337592377592,-0.09312866707921857,0.9105773383086078,1.6816883454133378
1192,-0.3765024563881613,-0.9609284967891811,0.3120671392887831,-0.1505093447914054
106,-0.6376138823466715,0.6591832031768898,0.13705018025983856,-0.5150464689857941
1484,-3.056689626221025,-2.244628824533372,0.8543935063707404,-1.0864630691646078
5761,0.4525450858844197,0.2626150511659833,-0.06606818746566895,-0.39125767015407936
350,-1.5113705073782457,0.5838412857433171,1.0357465707582851,-0.3642402644817555
4019,-0.2939664138416633,-0.28392237593890074,-0.9622714689644941,-0.6582233678829368
1260,0.4544363366008005,2.7738654815317094,-1.541059517613152,-0.41499525617683286
48,-1.1126988127001611,-0.5350187859847455,-1.1163961341892998,-1.0842259345144885
6091,-2.0787734543723495,-1.313980048506139,1.258848715550595,0.9009919276916614
4808,2.3047225444403465,1.5203631262624975,0.7036857675484437,1.5627201756110232
1443,-2.4150608141603294,-0.7274488501659865,0.47836701170733226,-0.43555590314583703
6570,1.824541736111618,-1.800946377395477,-1.2210769896771612,-0.5813460183105804
4251,1.6398182059358277,0.6946512584960736,0.32970994724103214,-1.1589227338354535
5551,-0.7947406860874904,-1.4441943660279104,-1.1434128699490478,2.429222250632426
6706,-0.7617245190937171,-0.14687482366647345,-0.06057322354291411,-0.9189727760773816
2511,0.16278686878702256,0.45300117959883096,-0.6587007374152118,1.3967118167308152
5220,3.2831830351779017,-1.7643653203342413,0.5097109845996048,-0.6273437989694588
3608,0.8514579376998377,2.3324486539505007,-0.407896599812195,0.44363091920794995
6565,3.499716585783487,-0.2491133709915223,-0.42677104255171533,-0.114394543072573
5993,0.24836896455034835,0.94138963793656,0.16457237033084918,-0.9306307981745806
6721,-0.7876813575078768,-0.7579840768028585,-0.6309307369490892,0.2937325403381684
3033,0.014554584271492768,-0.49324208928152785,0.2800955191376337,0.9633724372076206
2771,-2.523713801578189,0.08332811695328367,-1.5664888587854393,0.3034429336694007
6724,1.4167917401863082,0.550707810274001,2.4132561959143195,-0.5020785629190098
5087,2.45192995794966,-2.2995828856673666,1.1284075520400405,0.8697761047616066
6543,3.306631521324791,0.3578645166033463,0.29825658580216907,-1.267058647417443
2125,0.4860086811388435,-1.2719198397731721,-0.5848967731152868,0.6556993303731043
30,-1.7633020206770507,-1.3230677334695453,0.8766666798160593,-1.0435868971179583
2306,0.6304444521932786,0.834929291915347,0.46935605336711,-0.5334140611363526
1226,-3.88129397004564,-2.3609314029042765,1.6662257544467756,1.8459636095279885
2329,-0.7330053282339678,0.8014775072987327,-2.0684646097664316,-0.10058310969116291
3413,-3.386317230040881,-1.1035822510464572,-0.8872950234358593,-0.05643639406494296
5780,2.3782119160344197,0.5405285224368304,-0.7457953028749985,-0.021193203227636823
173,0.9381687142103025,-0.19411776634035305,0.8405078854029524,-1.3345396798637414
2676,-1.1370318401917117,-0.05768676607871462,-0.9824960189091795,-0.058619604947953326
6437,0.40902476708808,1.5525392813347083,1.6087190575170944,-0.2136297452313983
3241,0.4644831941590243,2.4322115326837412,-0.06298460707261265,0.9563030191969352
5310,1.4440595650376387,-0.24030863646547945,0.00907571294832355,0.5299349692539049
5908,4.215834320188404,0.8515405084818034,0.382246977370683,-0.19078471086742554
5468,0.533293171991632,0.4127355234712233,0.8151312594675643,1.0420435915673105
6843,-0.24717025256999953,0.18918720410743722,-0.6875857889768283,0.4992291794619572
807,-1.161685197275698,1.4168386334004284,1.3818959178371748,-1.5876366605495575
1469,-1.325155720977629,-0.6201568676416989,-0.930136422907085,0.5472191890841179
3902,2.9887270152138603,-0.14781358089982902,2.230380288781814,1.0559928725385759
5748,0.5243419050315473,2.250321538823655,-0.1556432375401033,-1.9059252429283189
5789,1.6656649478284127,0.5641593413709912,-0.8664714022127971,-0.9775274770950662
5070,-0.2830985498573954,-1.101244077640368,2.779734955300959,0.3443532308135352
3195,-1.384584819596439,-0.7140528323664136,0.6737235081874206,-0.391898684367681
493,-2.1748598798370584,0.2383277324000029,0.984092015654044,1.2100483351364977
1001,-1.15462140225122,0.0016931016488943478,0.5068656826075303,-2.2781771173700784
2317,-2.0374666250329794,0.19389627335919873,2.2618250430052704,0.9314413452966205
5345,3.022481550237465,1.248350165128982,0.039844604071633795,-0.4336266934934796
6880,2.680314282584541,-2.197206141164656,0.5677269946466413,-0.4707166845441409
972,-0.28498979356457343,0.5307005316586524,1.7850537798612478,-1.0290748803473866
6794,0.35589796432127324,-0.30015352887071983,-0.8585620772770753,-0.5229263230027774
5453,2.0692377168855574,0.45805512444181157,0.3291891602280227,0.3016208757786449
6077,1.2769651074796944,-1.4569854973837573,-0.5515038345725458,-0.8589748126378275
2811,0.0334614903310649,0.1513606403766143,0.17329835552172038,-0.760674571051483
384,-3.0525647291343017,0.8580894497633378,1.334578994136427,-0.46516985093761387
4773,-1.0892931093186242,1.860482110799175,0.07114688525306372,2.0429832599601987
4110,0.5593879345270536,1.0485466738999178,1.1641151818325206,0.45158116465788106
1663,-1.7986067134922705,0.8892649549662759,-1.1365364102705344,2.2773260243634987
3345,-1.6516489273724086,-1.0226611405286792,-0.8833817792769728,0.26621152868818365
1701,-0.9672856207353261,0.9912074814380901,-0.23202817644167054,-1.6151013569171493
4112,0.6172357343726554,0.6984903682833545,0.8040754401209012,1.5618334855798073
5584,2.881810377002697,1.3618269015739273,-1.8728819347747965,-0.3473087812720159
1058,0.21858154220019196,-1.06671324810369,-0.24674655740113943,-0.4278931229961903
640,-1.3317915129366733,0.3180400048282367,-2.5109469539443428,-1.7007386616867195
3010,-0.39070722663098356,-1.0766291695033794,-1.142859313335369,-1.2804693831491547
2813,-1.5166575982295305,0.4311282163430032,0.6155886756360408,-0.25893422577125746
5855,1.4427505538071796,0.8622279754963283,1.2312466328082305,-0.44809500720677575
6577,4.303121988435276,0.20244337532326928,0.49779337841231625,-0.5484727156125215
1186,-1.499684323048184,0.7744275103213174,-1.2041136180694434,-0.014306085961037225
2662,-1.6886003340516476,0.37462383406507466,-1.223136089655071,2.038473494792137
6262,3.5678967288832784,0.893116446338897,-0.8023531427530151,0.3557218852406678
1716,-2.7850487993186026,-0.3616539396781343,-0.6698320497510093,0.13865364378598474
2469,-0.7914856252401673,-1.1291855485516007,-1.5871832150689027,-0.3511331740326227
1920,-1.0034800786476394,-1.1636082148348852,-0.7250304980680675,0.04158772821468506
3143,-2.44230998778139,-0.4504466748929017,1.4632943059594041,0.7912777774501157
6258,1.2130481159637392,1.111022414913859,0.31529020464066104,-0.5190035395905763
5602,-0.22891193934503007,-0.32559599575326664,-0.2471073305374715,0.6154750434137903
585,0.2798327224527001,-1.2780285797619981,-0.3938132795302883,-0.02877024520791163
5025,0.43033003429424693,-0.7862902789255034,-0.5353147366695113,-0.3711677405743657
6951,1.2209986249263491,2.082695274130534,-0.12353089947352813,-0.0377951570155133
76,-2.8821577849991398,0.3044008059714683,2.4657170417674634,1.6443440346998448
5583,1.6138326982426137,0.7424722510677825,0.4863293110655224,-1.1738355545267751
2368,-1.4171683626952576,-2.8233056965365093,0.3976807515683347,-2.1452779545786584
625,1.146348870045708,0.6686843738331681,-0.1945958085581457,0.14199238836074116
3403,-0.2925148034124387,-0.7274178414703034,2.492095728997949,1.2189463215598075
3713,1.33166210904574,-0.16112902080737831,0.5281908749947881,0.33658431099544495
1407,-0.5475362142352107,2.330171420384648,-1.2216653364244427,-0.8847161997378516
1905,-1.1562522297510949,1.6056658386559624,0.15704798361718408,0.9184167456421803
4735,0.2316378771427625,1.8774646947656974,-0.29195816447525763,1.4325541068371646
375,0.01504324137195319,0.4879039348826362,-1.4561338796289878,2.7663340150120423
80,1.5087030293787083,0.34257763513239575,-0.37122739761898377,1.4953522470315164
2170,1.254420093398827,1.0924996108175922,-1.0654841921107463,0.6880881101690837
4125,-1.4134230804200605,-1.9007868015840108,-1.3450258221720188,-0.3252087013714894
2786,-1.7954266219663648,-1.2053631031803844,0.30009323236882557,0.7188233090264496
2793,2.690522947919688,1.4456920502058555,-1.584332269310315,-1.23222514428477
5975,2.354141088404069,-0.3456460105457792,1.1497971470408472,0.9948233279725905
189,0.31877306149174867,0.9469256492781195,-1.7287046380687034,0.008618790865118459
6726,2.3394195488609486,0.7745398560288673,0.046812660935105485,-0.825416000940603
6479,0.9756419340410746,-0.07291052876368125,-0.3577122050154744,2.9930075392317734
6886,0.38118188084721305,2.2016935059585636,0.5419456373055103,-0.7979813763669781
5909,2.4343447703868493,0.9238882779463706,0.6644561109871097,0.14935211589317127
2059,-2.4838371755680613,-0.46446207050374666,-1.1568877761117797,-1.6610598505235037
4449,2.1476843377872408,1.9279296374935888,-0.6253988673975112,-0.7918391002586471
5339,1.9397253198095976,-1.1443210489114561,0.09751274675346691,0.42236737490650983
2248,-3.2997258018244944,0.7419500181765083,0.6670998698212893,0.041401912834220664
1383,-1.3916504310296576,1.3723563640105916,-2.2336937917155546,-0.41646478816657784
5014,1.1802908592908687,0.20624618396299366,-0.0855304968727321,0.9751465278363035
5755,-0.1258932740104296,0.41104276862776346,0.40953180382695015,0.7649233165244188
6700,-0.5958773504079328,0.21051806955913568,0.1557271505020638,1.2012948981264415
3476,-1.2110391686876743,0.4013081806076693,1.0185098052026968,-0.9642879206997228
6115,0.8444627236776376,-1.769833596515502,0.3067436400502579,1.159800104403343
3106,-1.9086166807310505,-0.7067191717974102,-0.8623555227671266,-0.48056656398401637
2110,-0.12231963191901282,-0.1773066271294643,0.29832593097679233,-0.040634106959070625
240,0.16801069154758402,-0.8329420614010344,-0.958992681265301,-0.009131751609462887
1517,-1.5363975987490326,-0.7016772750221976,-1.1910142039365381,-0.8865053985381421
5528,-0.15493457701319416,-0.44698075517440805,0.24552571746393265,2.515969356782242
676,-2.6095370252276933,-0.3586175335478194,-0.04108053059549974,-1.2753483799128527
3702,0.5106263336664929,-1.0858991675861907,-1.9451120049455304,0.9077858192721869
6219,2.4852411850818865,1.418774236406554,0.1414370312101038,-0.04985535579012931
5636,-1.1851966993971292,-1.2204049743282916,1.1015151019941625,0.007607082717191358
6435,0.3605982528428852,1.704854637653891,0.6753995441533781,-0.4149495017643042
1382,-0.9157335524139115,1.3400944583816348,0.45110177105314825,0.5547283705304931
1205,-2.0611596721267973,0.4172505704965118,-0.09950082321420635,-1.6393565369868353
2454,-1.9388820275155194,-0.18857910641454514,0.5734350930990975,1.2099623964242985
5253,0.4450675142249125,-3.7024356086656156,-0.9574289364910562,-0.5607991447140782
1027,-1.6938178025021857,-0.8891086107436403,-1.68937225613461,-0.8373259704973042
1816,-1.6044818881275327,0.5213790238267495,-1.2749193426000864,-0.5835987254590883
5878,3.5454066224158356,1.575056874735601,-1.0578487928501337,0.8743399572898198
6103,1.0652638364038864,2.0980635772638583,-0.5706605638234146,0.9428826373099554
3430,0.30017883533787976,-1.0386054397221545,-1.4624103116793297,-0.9399421609282657
4795,2.6186007985348456,1.5828599850672738,-1.5579490645860925,0.4491164296118241
2830,-1.2084583148041306,0.8623958843456916,-1.6121522813147193,-0.025762549153884685
6239,2.2928886080237816,1.6503993800161654,-0.27542338314666487,-0.2929345859956731
3055,-2.578532561694711,-0.2863889628900788,-0.6718647813268447,1.302837393206261
628,-1.4080942088322133,0.9565231093568937,-0.06922264270818189,-0.17703607532860344
2373,-2.278120802111838,1.0237193530300235,0.48802705502841176,-0.3522155584259057
5876,-0.3405898896947746,-1.3864623423731115,0.5129084395451112,-1.4701784955477357
3070,-1.6827707427858927,-0.19663559985923854,0.16711654475241214,1.3072640350232831
2367,0.6221214336947749,1.558252264676338,1.0340903529488465,-2.011133842269474
5542,0.0009227099509399828,0.5414580042412389,0.48032808285579975,1.1128116922434554
1292,-2.4283744434094174,-0.9317650931570622,1.3675274522832788,0.6426655790854064
6114,2.2749946766931477,0.9246400458863708,0.4200693073120514,-0.6059144188504658
4948,-0.7180658008069177,1.32342907271314,1.4551445803314098,1.0849888360834794
2814,-0.8620054350986468,-0.5637637801400576,-0.12721059799374385,-1.5761181969343805
3150,-1.0374491376279724,0.34228315816404986,-0.5315986044187966,-0.06056819034705414
2826,-1.554823122355785,-0.1383624160385149,-0.21158001886406286,-0.9499103147736978
3852,2.0750834263528204,0.2910474991443093,-0.27351119979848854,-0.8836540903025589
2614,-1.0784732053613113,1.6949793846535353,1.0508968775449563,0.5649683905038364
4048,1.2233267526190836,1.5396199920320088,-0.8749705210349709,-0.16478958721979658
4982,-1.504314370388442,1.9314851665471713,0.3478961892370545,-0.8097770435226969
6398,-0.41791288186408837,-0.5208813696322653,1.6759416667526332,0.6813339451786801
3617,2.397234010735779,-1.2132942046985038,1.3459375073291644,-0.2194089865186117
6380,0.9198335603496636,-1.1121084333635862,0.7916325927201663,0.8676205936013945
1654,-1.7549170782830859,2.0603885572850364,1.4966576217573924,0.6507736334243552
140,-3.2073302085022593,-1.2234525539674392,-0.024169830206271364,0.17017274186745118
1589,0.2791788003407204,0.44585023649208844,0.019068051221372364,-0.7667177493358773
2496,-1.7220834696842444,-0.6096426957981972,-1.7659315307008518,0.9664787145551738
4037,1.9187297322325514,0.8716175053344349,-0.6449796750585277,0.3305005856608564
6912,0.32441946325100973,-0.6396745595125688,0.6954552181190068,-0.9164939749104796
4916,1.901619636741793,-0.3891181374854234,1.2488062459021032,0.1831509926411264
5968,2.229439978526858,1.2420516808075261,1.0449652160803826,0.44703228619536123
1069,1.3671367400183492,-0.8556637045074272,0.37500967604098345,-0.05188153558438407
1136,-0.5184259457942536,1.4809329572255774,-0.1654336876737944,-0.3978782119603243
4325,1.1663441187417034,0.14569451206729386,1.0949737185054629,-0.32385956736698657
999,-2.225033013926295,-1.1835634045928412,0.19261826634501208,-2.7913365179163314
2715,-0.21121916981794603,1.1057152395291199,1.2895488066434873,-0.13010126523962345
3200,-0.2043134998781319,-0.008368993982853198,1.0309593557467924,-0.031024775579173876
6429,0.7828057456774543,-0.2641764006343406,0.6116944142771165,-0.1012480448795443
24,-2.6214939791606766,2.835663551339861,-0.34897631850307864,-0.8939166114038599
2149,-1.1739181412265,1.5735002747268292,1.1581282924508975,0.948049296180532
4724,1.9629339288697734,0.6935974052524022,1.1117191182296962,0.9933481735691982
261,-1.2690310926423987,0.5758151422667594,-0.6457128212045734,1.200031212376207
3910,4.249446124207808,0.0010095475467220753,2.5024679802534675,0.3253090504028587
3040,-0.21197623214542266,1.7834842603208636,-0.3921045505134221,-1.4491336193349793
3297,-0.538773214822237,1.827816545024423,-0.5889177009251585,1.3831893633983032
5938,-0.06737320118462259,-0.3103364570542471,1.18094161806917,0.6977731467888667
2422,-2.818925029641555,0.017374081374365795,-1.147911639923766,-0.8048164813914225
3490,-2.7593370047971835,0.06796048290623366,-0.9486152970319028,0.46143676693231334
3609,-0.03845769426450431,1.812692908215804,2.5460975604933496,0.07045569401499273
1695,-0.6703493192266078,0.03756409455738123,1.7043306627005976,0.5447681664916941
8,-2.3972417081417983,1.3469645021418686,-1.4614945573750933,2.7397735191041668
1066,-1.4972282476086693,-2.373308070072175,-0.45998957519411554,-0.08604227600334022
1902,-1.5837618286833115,-1.3722921488878557,0.6945642355609691,-1.34975152611607
4985,1.1533165990047418,-0.32669007487124063,1.2443937707044097,0.9243732216933426
1713,0.9768006210410863,-1.3740380339212968,-1.6805495923750715,1.7361002192867276
3061,0.7172924543362086,1.950028975026205,1.6334695911931527,0.8018876650478812
400,0.5517118497547795,2.592926925774877,-1.3548533404916978,-0.4833624606594467
6002,1.7453202041624005,0.5442872246584454,-0.9860219379013462,0.7023911717297395
6289,-1.3855264512902692,0.58293218149113,-0.6367950546198532,-1.2997605797661915
1994,0.5005145365689473,2.2500709525865883,-0.8955500447499665,-0.12653949616641497
1539,-2.442726512325025,-1.0598685168839055,-1.7786742815913015,-0.5261183267970313
6442,-0.19947565117329774,-2.8348952269311716,1.358226634924727,-0.12939100104636478
4134,3.3992981375123064,-1.2420798798854544,-0.9597872438147763,-0.9295492192200051
864,-0.7055988499936355,0.14287788558504522,-2.006267442340199,0.13552524061566626
6736,2.3072362028440394,-0.7828251723647529,-0.9757574066605963,0.5305040048713807
2433,-0.8093723098603799,-0.12541406845414282,-0.9672652585996638,0.8547117945317002
6118,0.7870168946178107,-0.28052984390702757,1.5383867230755697,-0.06718830293716704
4303,-0.8080226631853529,0.04604268170482023,0.9646030068275402,-0.966192761218752
3328,-0.15246163371932672,2.458531144186245,-1.1583370761469443,-0.6661859337979725
3101,-0.8621027373389997,0.5882259318825978,-0.9765245738249916,2.9793336383758553
3362,0.010852207564255253,1.2181821062628566,-1.7363942139285313,-1.0696383041830397
2568,-1.6207190217887544,0.6461397992226328,1.11960419642532,0.23981174579178796
5910,1.5271493186396166,1.5190712082304116,-0.23183262920730174,0.03908498019227782
890,-2.4072355236829357,-1.7153417787460998,-1.8281297145812874,-1.0944017538856265
4765,4.399375793205653,1.1573949786901694,0.25261270765696614,1.4035942008485394
4947,-0.5598049088533751,0.5341147333035144,-0.3766146043562929,0.7542071895877904
5613,4.256137529661488,1.0535534344296562,1.3467951665078388,-0.1555284428647852
698,-0.6193285631403406,0.3756879180204178,0.5944433471457644,1.8484000760488253
4139,-1.2399791954530028,0.04162113609631401,0.37230759267290764,1.8559239023234393
293,-2.54379887873556,-1.2194158470897887,0.318204726494534,0.16285353319083654
4519,-0.26308527673934523,1.4558671978154143,-0.37573122718168483,0.15786031033476658
4055,-1.3007701794833921,-1.3583136657628099,0.22530926250131386,-1.1395009491787158
4990,1.3721267287187955,-1.2574603346900806,0.39894965442828845,-1.0057612906153874
2724,-2.595944165154912,0.001931504184123262,0.29414367507652056,-1.6798898005795406
2297,-1.4088096134509402,-0.11810287666216306,-0.8068843072940747,-1.1719547225328986
5079,0.41637655606429796,-2.1435584131424843,-0.4783574289627116,-1.4449005917156221
3788,4.302898186869731,-1.863111378650705,0.4693398183012128,-0.44091118862005
4041,3.8478045172901094,1.0966064466201229,-1.6058047745554536,-1.0414808452720279
1112,-0.18210996671124471,0.2384913208990282,-0.5493149556702431,-1.3260721842804262
631,-0.9106865570435422,-0.8290577862172341,-0.9754471108125234,-0.4234008747285198
212,-0.8794392897963494,1.012223024167051,-0.8504464846816964,-0.010338674329263782
4054,1.783347028648465,0.6966884641694336,-1.6601329958693072,0.11834973671649184
6408,0.26569933775672083,-0.8710518511552733,0.06994014331811962,-0.5340927348453401
1609,-1.087576948950394,0.07454747697464556,-0.37884899484101037,0.2812171949651065
6856,1.1236879027608502,1.2332569720774373,-0.5080176535923824,-0.6432221226391969
5957,2.1204261857083897,-0.17674440794821883,0.6713131912056224,-1.2950788168722966
2376,-2.4083148689284846,-1.1285337009443872,0.38393022744889155,-2.0295935643646486
198,-0.17663278665179608,-0.4854243479592952,1.1420457927638583,0.04730413350128961
6329,0.20744873820712237,0.7809471433318361,0.6814754994504572,-1.267693497862237
3781,-0.34139367835773926,-0.46919125493382186,0.14370445945385857,0.4285502165352589
6892,1.115723465845062,-1.2454798286705946,-0.06920669462228296,-2.9096349609036003
6203,2.6363001460575246,0.3455417067558766,0.09034243864593994,0.3149409215312996
4619,2.586520607112853,-0.40892872520549867,-1.2219146678083401,-0.39220390973784613
6997,0.6608011054531524,-0.7570731517128945,-1.3617114315461762,-0.2659029876800919
6015,3.449101642721596,0.08123561378795897,0.4027277604133417,-1.2168361278959392
3944,1.693487081391231,-1.743367958055153,0.15228815532897538,0.5438674638211184
1934,-0.6313566444401201,0.705072419579328,-0.28889099135083773,2.0704515523636795
3535,0.3236387704435959,0.2306232337043687,-0.04271416584039997,0.8049344485268122
570,-1.0185759378017214,0.07357335724297821,-0.15641160246365993,-0.9485057103703816
4786,1.4500430390280625,1.8215580455203297,0.640210369390866,0.7317889263594383
3141,-0.835104229617245,2.8387605896563395,-1.8847644219952766,-1.3582737436171746
5058,2.8687800776510297,1.5881416242061124,0.07722881580682095,-0.9885575580386847
3728,1.572965482954109,-0.8905140373004268,2.302314521640951,-1.5989698369944605
2631,-2.783913901272515,-1.747695375973684,-0.3573579433507968,-0.9777967514337204
295,-1.3795839945112862,2.026387873991672,-0.68038021142413,-1.220750624211082
3171,0.1643828672129554,-0.039605085506220314,-0.3091799765051681,-0.07770265402289729
2876,-0.3126513009727872,0.8986870637072504,0.34974983079646665,-0.06028966677000406
5292,0.12125125638752302,-1.5693784916224272,0.09810412505497952,-0.23827775359756867
6053,1.1716112088594623,0.23093515508737264,0.5273675899489038,0.5570100016880077
5298,2.0004138271392344,1.932666212353027,0.9945927017563435,-0.8171006230023378
4348,-0.16655743687255292,0.17558191811558865,-0.6916661244780642,-0.08942512612950308
4917,2.2835581798045843,0.6865304304584127,0.5772617129391678,-0.3140588110496972
3310,-3.060296263910091,1.3545835983750973,-0.5861359686584652,1.839016595547222
1204,-0.949714756305868,0.19593584512390824,-0.345398991665585,1.1088455437467413
5594,3.817461434916769,-1.689537509718227,-0.9153620772520559,-0.8053089795619214
567,-1.5917908382302883,-0.970015117687462,-0.7119829241417438,-0.16520952186320234
2446,0.7383133668099489,-0.4980322672507809,-1.900896399463464,1.9527545672353266
3000,-0.8173945356388007,0.8116108327149361,0.26061010372340554,-1.6282809560015667
2439,-2.120127209522216,1.169145517568329,0.11085460946567724,0.8350748092876523
5341,1.401144400912548,0.003641690611343409,-1.061636620921853,0.43996251250781504
6793,0.3065446792187134,1.3540692271870094,-0.002590811339478583,2.9430558452800906
2085,-1.5120000532493565,-0.15022764570171607,-0.8592632239093707,-0.528363848988009
2509,0.9475423761521163,-0.4438923005298804,-1.061316815713253,-1.1814748617904642
3623,2.2988589943990894,0.467038925159596,0.017560821822042556,-0.9235670679416004
5441,3.309640302798379,-0.8956175826908443,0.30103564253845605,-0.3231856424188781
6644,-1.447678943908924,-0.07163560157677223,1.145576143677153,-0.6369678746700711
1645,1.905081377174038,0.5654373577543811,-0.6254952554575144,0.6909549588515127
4587,1.594831487174075,0.05296730661803351,0.5947599111122406,-0.8310676682817584
3815,1.9415161765699356,1.6098633657993933,0.4327949742326478,-0.21374722812824418
6770,1.2771529791713305,-0.4961185291821348,2.641390985847308,0.8285617731487752
750,-0.8712847009734296,1.1207339980370505,-0.3572477733920659,1.7396116715587537
1161,0.5366111957465813,0.6895884330876231,-0.23744650658122726,-1.560952544339367
4001,0.9824379820187995,-1.8422648754700546,-1.0163016621276038,-0.771941460406642
2074,-0.9574723320711849,-0.357531849705506,0.4083147358421939,-0.21200752662491804
277,-1.2266812647490912,-0.9646689445098684,-0.014142824735206746,-1.4628008834729473
4254,1.6868722487566554,0.5196982677530085,-0.4439773458032127,0.07591642039642156
1146,-2.2293875294163565,-0.11630034674195099,1.6715711813452685,-0.8745294202892017
294,-2.6815061129484636,-0.4922489393098043,-0.02771142598419434,-0.338960780655194
977,2.4858785856883343,1.6099448417983928,-0.2522223146193014,0.21009371543491354
4355,1.1458790170565265,-1.9427522476981114,0.4442978220837862,0.23822323782241403
1761,-1.1447645960013995,1.6210778923122475,0.6322018840714136,0.5070632500023069
3018,-0.1761617431214691,-1.1964647575394207,0.17859118460486548,2.728770432141095
1168,-0.22385888272562615,-0.8866445332290104,-0.7006630493539833,-0.7117790059579402
3517,2.2680613294864997,0.13521497743511313,-2.169318423580113,-0.2705407788946546
2314,-1.9255955760092422,1.2459738854568658,-1.090683348164157,-0.7167686485060092
3324,-0.539917943340302,-1.6872817742161588,1.2403540749082682,-0.7840467477248113
3545,0.5667761754277153,2.0145825302053715,0.3998317174297853,-1.0369801004207353
6783,1.6811653847895478,-0.843765949478435,0.6597109129289191,0.07954373721146306
6367,-0.954303901734764,-1.745690092851823,2.323637686911752,-0.37958088327924616
1369,-0.949603167888049,0.32032791139649813,-0.17695318272043511,-0.6644556522306034
5611,0.9008635722752791,-0.29617742429491467,1.7618630201245469,0.6828658778259956
904,-0.7682228348356337,0.1876424141302533,2.820321379765808,0.4140366465970692
4609,-0.2824478593955227,1.5735060731349388,0.9819784633688096,0.9835804003905319
4163,1.0877358087562246,-1.707822053846952,-1.1278540214121073,0.16501243069978938
2585,0.06159993243648313,-0.41898517133250307,0.8947058281819021,-0.9604130172377806
5873,0.7776782336602,-0.22440201641608382,0.5888095564175231,1.3290341454591388
5693,-0.1240348344629994,0.4238308946142133,2.024733562233739,-0.7834403812989076
1314,-2.3498817736644755,1.3027890877659944,0.5003526793098547,0.8420099323364203
4085,0.5450113690791295,-0.4932551167727887,0.48897487598292017,1.6528616997914363
3915,2.953592352535272,0.8628763581207631,-0.4664966583149385,1.5307316251478902
1726,-2.918596741045039,-0.6822725743635818,0.112486015749423,-1.1479314445525606
2357,-1.7446384608861756,-2.563989628117472,-0.7074635959128374,-1.5938429291823402
5647,3.630914258907245,0.630619253634765,1.4145832610026212,0.04124224015695266
6231,3.0175250919937455,-0.271273900039404,-0.862522420599177,0.9964202575935199
6100,1.2883225634415383,0.918656114365893,-1.3093516845736357,-0.586860095927449
5609,-0.31791304832750567,-0.46690613423914273,0.829978694768029,1.108002690778247
5857,2.2406368393884954,-0.6935792734527058,-0.21807443956011063,-0.3211016533138055
4430,0.39862495194920095,0.5729777486147054,-0.8521552342688525,-1.8442840433656587
5671,0.38836229962474783,-0.6622367885671734,1.4578276354435966,1.0941679830469686
1397,0.025878198606564137,-2.016920032772444,-1.1943382758258423,-0.4230061010854065
1244,-1.4289418678775538,1.6700813008113873,-0.863313595731444,-0.16279363726461407
833,-2.0899917648742505,-0.863747963610774,1.1169878840949923,0.5442700744957271
149,-1.2317511797087022,1.0000765706298131,1.601941009791663,-0.7382572345914774
3647,0.843759814659167,-1.7299042010784484,-0.5010265779478177,-0.76013994699238
2348,-2.581063207443406,-0.34776335549675474,-0.5673486964872323,-0.9796772641616984
6711,1.5402718989250859,0.731184326336458,0.4330091969741346,0.7698145273594945
184,-0.017955204044532158,0.770322862494007,-0.4055841667066053,-0.4477188784988674
887,0.6680474397077082,0.2799795486013923,-0.4449589686122447,0.532639885305944
920,-1.1012839318644294,-0.11623877269168939,0.43651350751696855,0.46921382413586404
1487,1.1398530517972756,0.7622881111614954,1.0204019326582463,-0.11628925492495215
2926,1.025699397874199,0.034964114074853656,-1.4272350281042507,-0.6164687862295114
3634,-0.08026205259271775,-3.315723482850384,-1.2497142281990101,1.346292582014086
5826,2.130188341588745,-0.7122708139511941,-0.36192916632004324,-0.5399198004425004
6029,1.0514013955882948,1.7272227894325345,-0.2848653936009692,-0.1447752628883655
6486,0.7678539335411653,0.6649996855919619,-0.48503400404403674,1.6054541500876618
672,-1.0986223168197466,0.2734190623018023,0.345893812433622,0.6120060989362246
1908,0.9651765670893583,-0.6231341024666921,0.8902615422252331,1.0568422152857866
2108,-0.7587901071449424,1.5717940769122478,0.8785784557188533,-0.8387425713820709
2035,-3.120862212455924,1.1271940901671904,2.317707053670539,-1.393452577646215
2231,-1.4274578442658965,0.6612975585923466,0.012298400709785747,0.6563387655551421
264,0.5108685548418934,-0.2690457670908484,-0.5465141748803901,0.39768100222522107
3299,-0.4084986261080388,1.0312852939992145,-0.634774759735433,0.9454665544508212
2504,-0.3988757540536766,1.3977932794611345,-1.7935860894372722,-0.319551011265904
4692,1.1061099580441915,-1.279481635468779,0.9729653283403241,0.8071946375642618
6687,1.8666298350094102,-0.6607604426859214,0.8798916022489744,-1.0392859472534839
1411,1.7264387105520635,-0.7564469028754622,-0.8347210834847102,-1.0197912365905304
6536,3.4022581882604213,0.6492532019602064,-1.040238455409195,0.09270992848092897
3030,-2.429603588727278,1.220093769325926,1.386544986359329,-0.9850110933346068
6780,0.06143218312726613,1.4667222304278924,-0.49583308723759345,-0.12525500575964538
209,-1.0335337769599762,0.8292517720159962,-0.11651006171563076,-1.8915246055596544
6566,2.1038773298430162,0.8166651202917988,0.4313789513452787,0.09422421892898351
2250,-2.1423288805298117,1.7051472026588068,-0.1145696464991664,-0.8215868565447676
2395,-2.0583566994730247,1.3162300237872016,0.956286665208485,-2.0646742697597373
5532,4.212862228840023,-1.0586054547953678,2.0116965724444396,-0.5040464355701465
1500,-0.12381022926640153,0.1958969435946511,-1.579711855584626,-0.7063324865728173
2291,-0.6185077887476181,0.5550471850496527,-1.8011204255416164,1.396242929753547
1084,-1.4390583496435494,0.6367625460409952,-0.7923871647848467,-0.3710071668967512
1267,-2.3019705628587497,1.1648839300491427,0.09455535334396703,0.1473996286254136
1109,-1.578593046707434,-0.4072070189953877,0.657866917680239,-0.06700130228621114
3547,0.6729693562451333,-1.7673764146842077,-1.1264713560284045,0.11330161429041423
2749,-1.8195391029033379,1.1395451045338283,-0.3510148579839392,-1.237885325283194
3454,0.16059609803432168,0.1799230544803865,-0.5151863609807972,-0.3178400172344903
4730,0.018527053338627808,-1.4235632889049037,-0.09754878432494876,0.7576869868158095
5332,0.5078846755987221,-1.0237416699321562,0.42060642448552926,1.088577031561414
2882,-3.1241104333568277,-2.0602617456165904,0.5762122968796479,-0.45062438868214594
3437,-0.23015340094962444,2.03382309165108,-0.9024674083153361,-0.6842978405594817
5044,-0.6200344500591479,-1.0733055410060013,-0.47248354195370756,-0.3624031877333194
3322,-2.5902589053167233,-1.153389723856092,0.9143504127420267,-0.5995725803088775
3966,2.1061034685315105,1.80664031562438,-0.11272717246527282,1.774723663626675
809,-1.6591098188128564,-0.3161170905753714,-1.5979952641118895,-0.9156625133670557
3170,-2.968926362974628,-0.8280499681700522,0.5551388749433397,0.01163586571404883
3028,-1.4148009558976518,1.3341419110164237,-0.7956660670591993,2.374125144496817
2875,-1.320887371614298,2.0325405750475185,0.49751685654992234,0.6723370620441591
3254,-2.4035456214373117,-0.29423823262261933,-1.1134805111301338,1.1788380062093227
3975,3.8879469199288907,-0.37995091867475084,2.099280337123149,-0.09645875402531053
3029,-3.4431506151485083,-0.7640309474813368,0.22399649993595008,0.2315574568650101
6827,1.514901688129487,-2.5019961699309183,-0.8159340786365757,0.24221425477284417
6471,-4.049576762240408,-0.9990732723409325,0.7672082608688621,-1.2869774852480234
51,1.8786451092700636,1.233408983688676,-1.1951418084355552,-0.6781504623900131
6632,1.1337377646813787,0.7601201140367738,-0.01831151259675,0.2654720030172437
5133,1.1312119132415999,0.17054335969342516,-0.990270945819104,-0.7846542355184596
4465,2.548192297079166,0.16365685603660554,0.7324381053726009,0.39769944446733907
3154,-0.26129085337354624,-0.6711925772546444,-1.3413675714798647,0.07727406760962145
1969,-2.8926836477460243,-1.2323762064370218,-1.20086998326545,0.7139764599045336
2713,-0.49856436300539453,0.3366910081144253,-0.095428853790407,-0.8812695734984441
1362,-0.4757794463026577,-2.502106213378071,0.5550304596545708,-0.890082741310958
1514,-2.291288759427557,-0.2098465657377551,-1.4824287203789133,0.8917495116577338
2152,-0.9298255861217124,-2.3780118780220016,0.8578305685409351,-2.4340392709450325
6131,0.5785268245617269,-0.24259246749485647,0.25048802625349237,-0.1368198517226011
112,-2.743197256205094,-0.06429605438045695,0.6279825505259585,1.3615141561023758
5945,-0.29505584465648965,0.08667749963506528,1.7939078860069098,1.1724074296850708
168,-0.2953700996164736,0.740263147025035,1.3719566877677807,-0.2226671500177438
2322,2.110668169170069,1.5949522659914344,0.3259493360129697,-0.21242610815356341
5598,1.2298601773855244,-1.19948761370378,0.52870705332642,-1.0941208334026347
4671,-0.836206753821723,-0.009263936756143652,1.002517873137408,0.9939593262005681
5372,3.67907018578006,-1.9614465379135633,0.6124973334537689,0.4039081710085857
6559,0.8140824094369629,-2.074224706771209,-1.9285015268233336,-1.4941959368215092
6901,2.229748724848636,1.3350520117007092,0.47293924641177076,0.950653754779425
2602,-0.4061964652195644,1.24558658135392,2.192081769276598,0.7709478222976431
5652,2.1077502655710645,-0.948621627402546,-0.4113416169917739,-0.7738738762763571
4256,0.9121393457557123,0.11838034642921393,-1.9996605231331563,-0.9084239195610101
1245,-2.916311555300363,0.2924772942909198,-0.2302524627871413,0.08207889458170443
1354,-0.6368800442058372,2.168755613606029,-0.6087536735590274,1.5603365783974321
3758,0.8229469238056668,-1.4926287426821847,0.7771316697505336,-0.8104939222445116
4235,-0.6797436773346732,0.11635926744965687,0.732804999902092,-1.0332494315782268
1157,-0.5806353283530153,-0.008369978323805162,-0.6357707763891077,0.7818390952716266
3537,1.829447950628238,0.16848207329066542,1.1185179419681117,0.9055089755074787
5983,1.487736238992021,0.6396288662695586,-0.312211753514696,-0.11318317443685814
3326,-0.3340533950444983,0.6922802856839511,2.1742270963912906,-0.593244474176474
5393,0.008110669929010153,-0.24074826213128547,-0.5694885093459086,-0.5982857298367605
6942,-0.6460926568636249,-0.5191442272284478,-0.2836636594017215,-1.4271515626080604
1115,0.4146935002773632,-0.49039275610061606,0.441831540971276,0.5529877039990638
2483,-1.0428482772626506,-0.16266570509662864,0.6782244909082611,-1.2332032133808368
853,-2.7289640950639873,0.6656010105182549,1.1573925615967695,-0.9059789406956708
6984,-0.34648176721025614,-0.7809257417100379,1.615479730683978,0.9154845485637576
4435,0.22538704186574546,-0.4413558344455693,2.4204027978816924,-0.7734382040562696
6387,2.9685943015322636,0.4056599881028243,-1.1892586810427,1.145066347406894
2258,-1.2668651963952542,2.238361966951856,0.2538207684464384,0.1433576382160786
3899,1.3224562180474924,0.0032920693915755353,1.0887369627712566,-0.0038744248583989028
53,-0.4120055377303084,-0.17619496925906547,-1.0312754484228241,-0.3345309418651164
4061,-2.817827905524453,0.11506596662770915,1.0331251924453897,-0.7707760848729123
6885,-0.029949691712260588,0.307432751243584,-0.10995836825200227,0.7444807361061212
2177,-1.878141537302757,-0.48288614274347263,-0.46169205288657683,-0.6471117916454436
6334,4.537623995877511,0.07999621098241202,0.34075950016393675,0.40470950670437045
6396,-0.013075033103931218,-1.2801791754474952,0.8111447875959293,0.1165486679157718
4715,1.5487694532244067,-0.6786090673202537,0.0658248679305139,-0.9618875101132798
3700,-1.0958594885082247,-1.3572233660320856,1.2508205840305244,0.78541016498149
5091,0.7599659796119214,-2.000014448316266,-1.1796073873209085,0.6201972272043776
2552,-2.2025161459198634,-0.29080641106686544,0.10070030361817313,-1.0598814834741248
5658,0.4447973567805136,-0.8342338484604271,-0.4380160395898918,-0.3503747597883268
2841,-2.617701895319664,-1.580533395378903,-0.6498862301975408,1.600937252549672
1212,-3.50958996943264,0.4169137587312568,1.8074118033846092,-0.3071025833920694
4920,4.670921981241248,1.077157815755851,-0.5540262490853458,0.9091718641934016
4263,1.4115064094378031,-1.2268028470538301,-0.2969774110561143,0.9295662823149756
3145,-1.4485417472765614,-0.14849158396700401,-0.7261690275070464,0.2585628726119038
4448,2.215936053064128,0.08813791454355908,1.7278728007830346,0.5847753502642328
6416,-1.138590493516421,-2.582803295897088,-0.4854969684693334,0.49984115664090734
6188,3.084082025497562,0.6411107456988807,-0.7752585357387553,0.14489312725592676
3848,2.03297270259142,0.6596437304418031,-1.0122704700214797,0.43324402014641966
3994,1.6169029298757576,0.43500234146077804,-0.4233220446154076,0.3950871099354092
6834,0.1256916663212341,-0.15602182910452073,2.7575665935640052,-0.013220579249160301
4585,1.8538773143722143,0.6043650441245316,-1.7595259477324654,0.4427482859481995
3591,-0.5241979982223259,-2.149749987982181,0.05582953541537005,0.4206654581877284
6606,-1.7037287576162226,-2.0797519347793028,0.7892993377555825,-0.5988633452810855
2765,-1.5002387967984563,-0.7925689283228919,-1.1806892441201524,-1.5883653858352635
5787,1.7802295613452856,-0.9926829777082374,-0.6544890410388665,-1.2126106758826847
515,0.6154444448535741,0.6131743824612567,-0.03617329581698711,-0.9985784240359918
6391,2.1751142687147595,-1.251726753572149,0.2590140359999629,-0.09340126744862597
2709,-1.264618317150306,-0.8681684959038988,-0.6114650420817799,-0.5244092657289028
356,-2.04564806442859,-1.6360501610632285,0.7061256712132494,3.239399979274507
6379,-2.4703575614868347,-1.3504294235620444,2.5673228244160193,0.6637241104742377
2710,-1.4931731083683835,-0.13583310033200874,-0.3830371695556247,-1.3667641700310722
529,-1.26841080076871,-1.0610929428565974,0.035880769387623405,-0.6375187704689875
3320,-2.3416887317687993,0.13401833475817745,-1.046548749435017,1.4164435818772745
59,-1.6168395382983742,-2.124001261444721,-0.09296860762881815,-0.22559690119720294
948,-1.5357055645827171,0.44221957705190756,-0.16374549124265386,0.7588655972550643
5434,-0.7669652049590793,0.1266642088442206,0.36408201385488015,1.603867788040824
281,-2.280094623173291,-0.8312266755441015,-0.6532983993891592,0.6954746226218532
5279,1.9116854777362753,0.7554439862086271,0.8245942829182945,-0.6325167010090245
3348,0.7807060219095089,0.15049418100759587,-1.1286313620602688,-1.9020899860078353
1629,-0.692879797472344,-1.5213036205518975,-2.699190291873256,-0.6018069432830562
2782,-2.0159977831509095,0.93879295212974,-0.5505599946248805,-0.9119675886606463
4180,0.2576261961343344,-0.885993908437936,-2.6487406115215184,-0.4630288156614826
5401,-0.27923171930192253,-0.23160806452678032,-0.6654212074056295,0.31934963080406653
5966,0.1167910809862577,-1.322328113707869,0.6834506157908966,-0.7580298332012695
5979,0.7508517799343899,1.4609580740934003,1.4972777135566067,1.5467629937060934
451,0.7070211913392285,1.2451272996027438,0.6424143864268587,-0.033216962543211735
3575,0.327124348492606,-2.3583805188976736,0.04043022064449986,-0.6910071553548534
2732,-0.28243134392594715,0.7384220173123157,1.2154980185212325,1.480979929471628
5481,3.960871433583188,-0.00816484162051021,-0.10812206462729142,0.028913677452547127
1276,1.3593048532434095,2.36477259687959,-0.41327648992335897,0.4902828488230149
1283,-0.13905077699259405,0.3392462806112372,-0.9839297984892189,1.4258420366352849
4047,0.2890817201018015,-0.6444216610472439,-1.4035926000141763,1.423260994012131
6553,1.0500955635693658,0.26659182675023796,-1.0420581694939033,1.0204894963733921
1530,2.6123089053477178,-0.7186809557867799,-0.6985084176905929,-0.5704695801351831
4033,2.1727922363663796,1.574807171215135,-1.1214355877343103,-0.41862336174978393
805,-0.9714848011656201,-0.6004261985731817,0.024147174796470113,1.341967378177154
6623,0.991981866820204,-0.7491252936727874,-2.29179690136618,-0.41061631037687285
1529,-0.7242562621805585,-0.7685358595461492,-1.2963862764785115,-0.7098471415567592
2554,-1.6940160039721042,-0.7940860417241824,1.021120164889667,1.6485695420488806
3749,1.8122285987187534,-0.6725590203584796,0.41637792606930735,-0.5998644184372717
5550,3.0248681220378035,0.23330373716198857,2.4418270335202177,1.1429315662453592
49,-2.7625212842705142,-0.35456476828767375,-0.22928849560784303,2.4785025386557265
2691,-2.7705027892739276,0.08582468232063908,-0.46686326223655467,0.9271038475023852
3054,-2.1561825717948193,0.18565966753250362,0.29054996594239585,-0.45300075674585705
801,-0.12254440753962355,0.934077465159051,-1.3569546312039742,1.7382332916762142
6147,0.17702302702901715,2.053888150960599,-0.9350694221625494,1.0334061961426264
1367,-1.1830068408474845,0.07796438538638738,-0.3959418979781238,0.44253625786865414
424,-2.301685089916439,0.44429255245621085,1.965734739691002,0.6465842054909124
6725,0.5472341504388036,-2.5416445597800057,1.0069441954039013,-1.8788277593816542
0,-1.247355482117664,-0.1574298082433611,-1.54467212807403,-0.2648379046035013
4568,1.6118731709570024,-1.8728009175581002,1.563706501505299,2.407660159724597
5072,1.7934270971436561,0.018162112579796434,-0.7865216089429348,0.3548710200766675
2034,0.37236644902522914,0.11894182113028702,-0.9769268999231233,-0.7938433083079197
1269,-1.559346432763609,1.0272842820829908,-0.3338937620836127,2.1562481850981015
176,-1.6815215407654807,-0.41494249405465944,0.6462950718287014,-1.1099421084969936
6268,1.3381132166461207,-0.9104827165506328,0.3442079553772816,0.03345773538733797
512,-1.2202718380562323,0.5915680966036266,-0.619281121655003,-0.7592392465162566
1286,-0.4324072459099802,2.2922922844260336,-1.188188311699358,0.19755783543434977
1462,0.5115653614900195,2.055383015789392,-0.49449030082244266,0.5564849291644609
2409,-1.1894915041630718,1.4418343628019332,0.17837139423254644,-1.7820334917717366
5235,0.4847682558944154,-1.3218537401787154,-1.1235007731522388,0.23595864895743146
5499,4.553440185491298,-0.7962243708783523,0.3485887902127201,0.10502043144838596
2384,-0.4234217794067223,0.8871015244629289,-1.1325523496084042,-0.35805223206627035
766,0.008555625501850532,-0.2508056286971023,-2.2447563937468855,-0.45635102454346427
1348,-0.4494002493169452,-1.196992420712042,-0.4815524166201448,1.7980039141710125
3785,-0.15680370486179837,1.1728268222398968,1.3681953073437867,0.5642487485258437
2482,-3.4881750074670648,-0.09160236313329403,0.918313461459439,-0.9430639565657624
1054,-1.518349809307959,-0.8320872877389804,0.39668988048821563,-1.8007826082208782
6409,0.9589972055793767,-0.9496893671506406,-0.576647529591205,-0.440647663778136
6079,-0.9645805792610942,-1.1463190339342377,0.4366440082054583,-1.1139827206675201
2455,-1.4468730340863174,-1.8750485012029732,0.15327797694251843,-0.9398019184619621
5358,2.2791867957797667,0.8209386386029747,0.5673003645948507,0.9994229917995663
532,-0.7401655523088941,-0.7481039196101069,-2.540500899523038,-0.8316004566986346
6178,1.216879451694576,-0.3668478005209925,1.2003265669124312,-0.7340343688963902
6232,0.07134425573668728,-0.7089078782850144,0.5279533756172122,0.5013040875959128
6905,-0.5261799935133139,0.40998064837068315,-0.9012387091872928,0.9379323439242157
380,-1.48077296793744,-0.43485803299863646,0.03324934145134284,-0.7862306557468344
1866,0.7116681660480142,-0.9192933555960079,-0.1543615713105246,0.6547051240640297
6327,-1.2706973209138719,1.7688463099835103,0.9355512689540612,0.6497788054500044
3346,-0.46275000505622793,1.5950008049160387,0.0383883655508079,0.7992119988698498
2681,-3.641362916325657,-1.154198921250256,0.45969808074672625,0.2497822500617602
5939,1.523857156218661,-1.1239301999262215,0.8896978015973608,-0.11922602027496902
930,-2.0418043446871867,1.109342434316232,-0.10285774094258196,-1.19456087450277
2626,-2.1560583854957054,-0.2627456876175854,2.4544407649547657,1.123868388171623
2526,-1.574881310993805,0.5369639140167526,-0.24204318516248208,-1.437563670711759
6933,-1.0906310873247833,0.3328077983867807,-0.42677076377327183,0.643928388043071
6993,1.9720177746512313,-0.17471658090061987,0.41790578462178934,1.3616779442084512
419,-2.053047642978559,-0.5369295470549132,0.23246297017942527,-1.9837250513510682
4721,1.800580547129616,0.39095486546612485,1.130088327102048,0.34154613275398016
3714,1.5027690335106834,-1.1661329733904486,0.20786273765472696,2.45709038088164
1480,-2.5432872389230727,1.6624279796877355,0.7049994301585252,0.11777769517220682
1059,0.3704841013998386,-0.1967975813673315,0.24163587249940072,-0.8018200823474403
1970,-0.9329669714598364,0.41233184381540056,0.7277782481271782,0.3863497483271312
4176,1.6279341376159382,-0.5064533484913091,0.9631337704977047,-1.09864820120978
73,-1.1511806607070079,-0.22096769854666123,-0.24830612850204473,-1.4186797218095624
3173,0.189099099277241,-1.576498310447842,-1.405618112397936,-0.5871413340145455
2604,-0.244019521392715,0.6393645798297426,0.9043145999244877,-0.6143723705963712
2880,-2.3495091768078846,0.0030290916580701503,0.5545891800996238,-2.5314997915230837
1252,-0.6787447172684877,0.5362272227350741,0.33128316111409517,-1.5997532954066376
4394,-1.8153537932451016,-2.043438388050842,0.722125765802891,1.2180506200006804
1894,-2.540172899119042,-1.1724784231024465,0.5633226299984336,-0.6939381660830916
2598,-3.2476279079875554,-1.4035082953195348,-1.3439921431341884,0.12758334705729174
1864,-1.8529837017216657,0.9044957944354672,0.7965180312268527,0.6072336301536498
1461,-2.030717315228811,0.7046680381166454,0.24920893621375437,0.9031101899255124
4603,-0.8571531443135918,-1.7352787187281506,-0.19825224472991693,0.25863917917567
1181,-2.1928867267046415,0.25778098826002016,0.3699716893107062,-0.06667570185409265
6344,0.015354810218195862,-2.6817834325058523,1.3035503118131009,0.7998865480947883
488,-1.2549086480612492,-1.6866655632176648,-2.3982848238741594,-1.279324492948722
1124,-0.7187613196491449,2.406053004249907,0.457599219325306,-0.18283987144027658
1257,-0.22929532209627587,0.39545835366487864,-0.9697371082847226,1.3055197989321345
1541,-2.8243066520734317,-1.3407534238114318,1.4768468979011227,0.3714443526926051
388,-0.7086099225976309,1.6682954089728839,-0.6541245426901275,0.03174836051402753
3065,-1.6913713949455236,-0.6853211213516819,-1.128011311183787,1.576424541910347
3919,0.8967372545146798,-1.4574635230423665,1.2249524652387302,-0.6877306069323954
6252,-2.571599584205008,-0.24881326634322803,0.052889024352565005,-1.982197333353271
2211,0.8817198985765479,1.0099759215224107,-0.9183023605501166,-0.6011402658714244
1290,-1.3247243773521507,-0.9017079539124745,-0.022948197332829448,2.5408941277531287
2510,-0.8778754918839816,1.290254517450972,1.6929330625771342,0.25677570030457025
2995,-1.6026798313163293,-0.17388148193779554,-0.11562728618223246,-0.039083398205056775
4957,0.7813966301354839,-1.2646753626876142,3.032466423976089,-1.8810860320326404
6674,-0.29496166134541124,-1.6258355896605612,0.4774799449248001,1.5067350980383467
455,1.642274111450758,0.3617895332620581,-0.6559498170104145,1.3428540850030402
815,-2.6867575894729225,-0.12940027463216008,1.7252177680648302,-0.8467069639095474
1086,-0.3145495737977713,2.3241794960975826,-0.9757960971820399,-0.30063149582907145
2920,-2.308549195222018,0.7067308511636995,-0.6583502322474152,-0.5783261833772243
2638,-0.09243897784288693,-0.14816297112624988,-0.9855147217412296,0.2214138345660337
3130,-1.913187629508072,0.5468733904350903,0.29153254622702074,-1.0563555089147636
6828,-0.6187172870196247,2.524267928881201,1.5120859221875642,-0.22567456234906316
6825,3.3063629726291888,1.2789725947388835,1.993049239668153,-1.2088608189166938
1279,-1.1486854185240372,0.39021519128488946,-2.1517378358043775,-1.7785863858096511
4700,0.8740959435871123,-0.2109492602135439,1.1051154046762965,1.3997103976429208
1429,-1.1257321018396809,0.9766775924827924,1.128040065927534,-1.9311956726886965
2777,-1.8349866828494876,0.9731785259660426,-0.09370102025905301,-1.605199718785293
2222,-0.6451358049521151,-0.4778066788056151,-1.222246207074596,0.35771091268461136
352,-1.0671855333004805,-0.18713212769229304,1.0267627783321542,-0.5633572911398863
4419,-0.009855588932282935,-0.908719703506633,-1.3889574721995017,1.2813166819102082
5280,0.31226055061592123,1.976172614617674,-1.2399699507845348,-0.19018005509359565
3719,-1.3773208306281015,-1.463135237989972,-0.031112693680654696,0.2636704662896683
3389,-1.8874252282181765,0.9628330620282427,-0.07371715765519603,-1.3575618406714687
3873,1.0161651888390624,-0.21471104005896968,-0.3798120480721921,-1.0195496826759005
2082,-3.733384677232683,-1.4221251385693,0.4087915278754627,0.20948896920809706
1203,-0.09522919310309075,-0.6517115828826809,-0.77312561114412,-0.06134685300064689
1405,1.6672625179520058,0.07948227176813001,-0.4612175186648714,1.9238124633213738
6054,1.5667932128924251,-1.1494611840545101,-0.890074514075674,-0.40534469969761944
1699,-1.9016381389900008,-1.592349488418051,-0.5969561896684887,-0.5221748164915814
1705,-1.0759333934964421,1.3804713220561209,-1.1963325955628945,2.3172927007782724
2913,-2.7852792456722613,0.4516304939678732,-1.2887461682400583,2.385394084254983
4718,0.5187418898677592,-0.8364858585267739,-0.525494814653734,0.39556437626050467
6415,0.653577956556626,0.14812161030435758,-1.1785124845897412,1.0928609503531839
6153,1.750173898912144,0.7294571616160082,0.00010602787941073207,-1.3956689498142578
1274,-0.6552765793287639,2.141067593353594,0.904418426342755,-1.4368423283347944
2207,-3.2928809634919984,0.23259970064028815,0.6580175514094635,-0.6656833785649386
163,0.20042993460256714,-0.7956604128024977,-1.1411422430062141,0.14526907332484434
2047,-0.7561840179293321,0.16683979604934232,-0.3861624225305726,-2.0028980422516813
5661,2.567613382249253,-0.4727649212512059,-1.245652092914417,0.46986597890595516
3280,-1.5007321807363756,-0.20758159573441234,0.2995932947367262,1.677982153362153
3360,-2.804252631327876,0.35465963679716966,1.7215335468350854,0.28530935073393227
3688,1.090398958525236,-0.34202879402932707,-0.17565420431085976,0.8370297734823341
6464,2.348168998945921,-1.6372047751732135,-0.8917866568155292,-1.2691699781401562
6664,2.6360125904470646,0.8156745319170435,-0.3997052477885477,-0.7254639434874469
408,-2.5843336567568835,0.7994978449238782,1.8245043400438627,0.030834952913513694
4238,1.3429986005582366,0.03437980002606637,0.8412217828485427,-0.40509875492602415
4118,-2.008677872490204,-0.20825988936439563,0.5426585630955488,0.6431712643529702
5971,1.9924050417568788,-0.9032171020636747,0.09638722122161032,0.15224870891192568
5101,2.0400152795518145,0.4385852246691584,-0.8485893833975218,-0.4131272989537386
641,-0.2955560339695248,-0.005986289292626131,-0.2600266595316801,-0.8648610000421446
5959,0.0704115718920103,-0.9006666872065113,-0.26033803115323506,-1.0086230360961619
1343,-0.04630054354003089,1.8604901145088597,-0.08826613703422395,-0.909908572075514
4480,0.9708020500633651,0.5076959264568861,0.09732379248694341,0.9754679367730691
888,-0.3263385805585115,0.5258769687508089,0.10005188565505943,0.37314914759193435
1557,2.370978636647765,1.7380016780200136,-1.942515588406815,-0.45972394179958515
1085,-2.027354279146221,-0.4047202071521834,-0.7293418808374302,1.1954199075773353
3927,-0.12849985587646343,-1.745856575584909,2.134108938020428,-0.9927978555029694
531,-1.5465989994100555,2.695125463495818,0.09968931865804202,-0.0969928508048253
3008,-2.16196620920726,1.9994720191809519,1.2280276165155126,-0.21027628082634875
2447,-1.9346561040620818,-0.7692495203936698,-0.10834701384614166,0.16243088693862887
6689,-3.6879559984602226,0.05939757519254356,2.977807869446593,-0.8197362649233813
6896,0.509282887982009,-1.6504104061379559,-1.4973805068392456,0.2131366703411824
2767,-1.338170019409837,0.9969640932586696,-0.6470235534759405,0.2856582453823715
1671,-2.1283713563007853,0.0827070417695147,0.45599007752923026,-0.05115038552078228
2109,-2.0987670581330486,-1.7448180173174812,0.04544922730876528,-0.12576193491949858
1148,-0.6663571473118665,1.383668441340616,-1.2055684219634084,1.118894772563036
4882,1.8837221690123658,0.6236097914568633,-0.5841921556829784,-0.9627846636473193
3166,-2.0173432602889827,-0.6342066675753149,-1.5319020555434502,-1.5645231195120375
266,-2.8488956407651673,-1.5365497299953288,0.5059700493556369,0.04656415549349824
3763,1.96384530681166,-1.1810220210066766,-0.6370758653275237,-0.07367114134431241
6815,2.0242357525311814,-1.4420024217473828,0.9753198458423993,-0.10507307095965218
3736,0.07504054411244232,-1.5288223594054853,-0.02030431361782211,0.9105027575242565
360,-0.9278253267732203,0.3281646393600142,-0.6495067036940382,-0.6674445223835729
1460,0.3568415780220226,-0.5147411717173762,-0.6632376697749469,-2.5557961014929766
3421,-2.013029466205351,-0.292795881712056,-0.618161019148573,-0.30447303522237235
952,-2.4654844069174477,0.5220319713861359,2.3538026885409296,0.41898399704178346
2160,-0.07203011033210877,-0.6282579721344543,1.087864795250644,-1.070063421790791
6875,1.3625358456788608,-1.7281699191731001,3.070961138734227,-1.8228146681224913
1574,-2.2543831579394267,-2.0031525305946163,-0.14639180168481214,-1.4406411263373313
6226,0.7128605928537785,0.9007518163122779,-0.12967884179686756,0.14841273631975635
3337,-0.7606573320766572,0.42362238158706106,0.5325274067337047,-0.9448058191696986
6296,0.8517218282998971,0.491737944310678,-0.8177380659013048,-0.8502174233235513
5125,0.3805820322014908,-2.994716797456682,-1.1593796596785637,-0.5769267512240636
5427,0.6560672115936027,1.0241251872903947,-0.8662683909000745,-0.25478141324458686
1842,-0.5169515231952623,-0.49699235877631537,-1.6543428729573655,-1.422034905910999
2208,-0.2723997251847275,-1.191329939779255,-0.6363727781133499,-1.516406410644814
2979,1.4190524473718176,0.9190329226655963,-1.8068596242927242,0.5020193128841464
3436,-1.0020142486441097,0.22212665733729176,-1.604375147246236,2.638651066883612
5828,1.3219179617933212,-0.11650396871149238,1.546518851547753,-0.7509916061758133
754,-1.3016006267374154,-0.6733885531771066,1.4012953615784534,1.596518360889795
5307,3.263870072570286,0.2864013319493789,0.833622949223783,-0.0911194650398419
1378,-1.939525755541194,0.5803776040153965,0.5943991343539524,1.134627495112539
980,-1.6682213099737038,-0.7073994291513422,-0.07443459753534498,1.0426888867708377
2100,-0.7203671614396356,-0.6449772280544505,-0.9785258595050313,0.13761069088232983
286,-0.9269620178355228,-2.5218671425398016,-0.11415479370111382,-0.8406150896529675
3533,1.36427445771304,0.1411076302718117,-0.04188173053374194,-0.09102030789729451
3088,0.0600304921496895,1.6714839694096704,-0.10096236232420794,-1.3146973150736647
1154,-3.148323248708178,-0.737795877733175,0.15736120612346988,-0.18905321574330242
5175,1.1245952416066007,-1.7313733507949483,0.8481238977711767,-0.7141227064559555
1511,-1.450715967052,1.532249668099034,-2.541916615057594,-0.14482626674225382
5994,0.8362078561819324,-0.5475192910004799,-0.06700797009655478,-0.3871898006571841
4231,-0.4176572756163615,-2.6952097094307423,1.9350780135052517,0.084257161634315
3261,-1.1497822757934553,0.5953684334467817,-0.413398313455444,0.1754511390148322
5610,0.08951122733002081,1.7232457679088822,1.0768842235460405,1.4679491863162684
2191,-2.1834367609524055,0.9031783605717775,-0.01550003134814266,-0.5753336583002904
211,0.5898836590464506,0.37907161450039534,0.3246892059586828,-0.27185544843491743
6127,0.6298601100968688,-1.1636280417786633,-0.2285661800178162,-0.9286438675911267
3164,-0.14363232684388536,-1.6261725908252593,-0.9494362394868546,-0.6409736551046136
274,0.48599356028183754,2.1898762984439464,1.5819935123318605,0.9217039533968457
88,-2.4814996008652765,1.4074357173162446,0.6594792668828775,-0.8802125251683571
2798,-1.4431418429695602,-1.589859669402374,-0.6295876629303886,0.2667916883976672
2324,0.15697297820689693,0.3721155120442325,-1.6772512873402647,-0.14674547323618192
298,-1.4973200034258787,0.40776585010051675,-0.297095117794442,-1.2858077377270412
4663,1.0295874459945242,-0.025397512504811696,0.3526785477780725,0.45974344567072106
3674,5.3648627048312205,-0.955744872645057,0.8161184485167003,-0.8914731922838586
6377,1.0869505536679236,2.0073216976598545,1.264332194606485,-0.6704246631250504
3776,1.8214225989777495,1.5791941896279933,0.33153753664851615,-1.242611846021479
5847,-1.3971947278048467,-0.3586904982683807,-0.7611362370217729,0.819225345550592
315,-2.2679972179147825,-2.1692330223949714,1.7729724623105039,-0.34971999379019075
6261,-1.632720481217623,-1.0691552433957918,1.115833774852355,-1.6455326229641905
2151,-0.5412940276616647,-1.2862075496336525,0.13043193996807367,-1.2520285553869064
3288,-0.29633033287477895,2.163779942006672,-0.6613841443785348,-0.7260565335916482
3117,-1.3793183494592542,-0.13415885435974415,-1.5588006804127688,0.15485346349039872
6517,-1.3995768526532637,-0.8993365834412292,0.10313023592871434,-0.45263341642794097
2020,-1.9259770813583803,1.8805058683298184,0.31428877749780015,1.7017780490920147
6075,1.7406300183184213,-0.49342626490136265,0.3733279899205322,0.2754022459489707
2974,-2.7414966176278788,1.4689801711707944,1.2332532911646352,-1.9275724613276926
1275,0.04001310617775083,0.029866274753819016,-2.3823992468309987,-0.685768923121718
2413,-2.1742464869461724,-0.7105844692630656,-0.05493770982598609,-0.8682890607566419
528,-2.644349156842799,0.6348728547954144,0.06426267182172761,-1.0371671775584497
4404,1.233150919860481,-1.9621416959403826,-0.21022368277467576,0.25244098131668574
1505,1.63857828671733,1.1458641398043397,-0.6707529918151101,0.4800327436553791
3598,-0.8468152052208517,-0.5693732975072504,-1.0112158673833065,-0.5604702037648699
5470,2.430438701531086,-2.4266546805921214,0.2274045425032474,0.5671645490935658
5230,0.12031028672194244,0.9756389209386018,-1.0414276603542842,-0.38870792019555644
5299,4.69507902329257,1.1585455040939951,-0.17253167154593405,-0.09947364561501333
3681,2.596803429977506,0.41754688407229984,0.6831187142398542,-0.4999087052986575
1318,-1.1278748116918307,-0.16456040485259235,-2.000759658189891,1.6680886802106907
3380,-1.731062700378514,0.9465366160856498,1.2346987583885982,0.3731045184578262
4929,0.7373232418656666,-2.8339952158597965,0.29487450095348916,-0.35660703884956163
3034,0.418267406622574,0.18023873820605835,-1.5134773450121675,-0.28388905697659916
2380,-2.0142719498022426,-1.0001229648447665,-1.7351437490457136,-0.6194442891679768
4811,1.5465585202349847,-0.41544876564234234,-0.12879339335320641,1.41314806132491
6082,1.9160422129795913,0.14563813626019434,-0.9964335317009627,-1.3750198413237233
4311,0.9059599489499676,1.1226656495539504,-0.10791797947281452,-0.49551198148830583
2616,1.3162250353792475,0.3425512266286214,-0.04223839748730059,-0.3182509342299674
1166,-3.158064788424872,-0.644835662795296,-1.8916114701788795,0.5856095399547065
4725,1.5508059191954235,-0.3188552649804829,0.31325654119115603,-1.0750917933785333
3471,0.49777422802174176,1.0270951676715128,-1.5899819215534026,-1.755102331206198
5905,2.191338546013704,0.030922993188181758,-0.8416070178733185,2.3312850924064237
6540,2.669794445323302,-0.9023991179931027,1.9034762285512,0.3717295151840539
6655,2.829269097575867,-0.1708735569810685,-0.11705114259159054,-0.7606419627826427
6094,1.498943640753754,0.18258205027065438,0.9873940194305649,0.49411191813863525
2871,-1.4141184053493896,1.520786541463178,-0.8551160094751461,0.22281064224298402
1222,-1.048062392078204,3.033898713193284,-1.1877587106531793,-0.0017745411816937739
5977,1.1546001307621399,-0.31289431132569173,-0.6719462468225446,1.4557193511780175
6810,0.18502129629663172,1.8670627537098414,-0.5812642597594231,2.481283354538058
4255,0.3646246327096572,0.4891347604454049,1.6724950346982408,-1.9029990999897521
1982,-0.4068698478917879,-0.0014393502379230574,-0.0653524463726553,-1.1794716707630652
5981,-1.5727917974215346,0.24385280171096918,0.4537023778943915,-0.7090281397265897
4020,3.38926403761387,0.09084796351210864,0.5132712600594824,0.8083820156462851
371,0.19393962979980328,-0.472761905861509,1.7854341811540881,-0.20266394236135857
3482,-2.6305126055884744,-0.2616801519539133,0.6450430457810074,0.758045709187901
2131,-1.143872121250876,0.4105016616431265,-0.9736965070906716,-1.7760579018445692
3418,-3.2080472961372255,-0.6397821561861147,0.7677981779228944,1.0213034271642445
3424,-2.2008673660681914,-0.6286033467103542,-0.390624486274542,-0.12530740234741158
1538,-0.5535968749226587,0.29643456117122075,-0.5070404277252876,1.1152651839643133
6781,1.602226000999382,0.7023328784932523,0.03414516900280054,0.3430497664998551
2744,0.06878762701354274,1.4662858568878616,-0.7074625289277118,2.929332549098672
1553,0.23730241372694055,-0.69742275376841,0.2808354303917678,0.7343699343759533
4335,0.668927523701105,-0.5848218194884175,3.1682317220171003,-0.7584329901972174
5525,-2.1419036476614757,-1.7567226953522546,-0.9990963906276934,-1.0852641825262146
2817,-1.262032975317522,0.869920817614262,-0.22772894514982386,-1.0450582570466267
5916,4.3698816372415585,0.11920173111679508,-0.37941287032027327,-0.036167481385816797
618,-0.6511911944401267,1.326782273282204,1.7139656286400053,-0.9279602345333985
2381,-0.6309902786948083,0.34174072613641127,0.3812023054387376,1.0424492021200307
5186,-1.081434386191931,0.6163444817574867,1.1802361839689588,-1.2097162768773149
4391,0.9789462078558656,0.33058010259839704,0.35272411740840726,-0.6645641523954534
4526,0.010574993795334381,-1.3031474789179007,1.9115894181047892,-1.9378231266296804
4375,0.2798605922175442,-0.49126841334784654,1.6692101590012394,0.30105300229880616
3524,-1.0669133461734037,0.7676023826362735,0.9918632627715892,0.879712701001374
2629,0.7248586079667169,-0.07104036607371506,-1.1767175498280213,1.1587644495265046
6779,2.3738416140046126,0.4124381087300872,-0.1491734883855345,-0.8380264258243908
4123,0.8051515894054758,0.7847646583750069,-0.6422251419973988,1.9198106715855348
6274,3.2720292052368656,-0.08487588209293424,1.0377084791484046,-2.153304136611625
2766,0.3759192916055205,0.5151654497080069,-1.8785609025259686,-0.2716706093742545
3895,2.131042738859681,1.2267167902132712,0.459457567288763,-0.47231753676577676
1656,-0.9450391492515681,0.10933953119860249,-0.3655390513613452,-0.9517100184883824
4818,1.0590880600776365,2.068014799528107,2.3810226940630344,0.024647715240526127
969,0.8678917346454785,1.3645601882819456,1.0891454546046613,-0.10162022678200835
1843,-0.42332806728603484,-0.258360297802936,-2.3383883626557322,0.49070099565020464
3024,-2.6299612247317006,1.7015420554961027,2.33863904844342,0.2689497563169614
3151,0.11770195836481896,1.0390393309335104,-0.3702373208928561,-0.4073584531111341
3386,0.14795528436799685,-1.459483702928844,-1.3770592147112837,1.3207700626962866
6250,0.9284240015985528,-1.0633595528860844,-0.6281252792099072,0.20361694623547283
5046,-0.9975710426986881,0.6407931192124032,-1.5466655661655748,0.2551218883571091
1211,-2.11043852652163,-0.11878192783488002,-0.40575904778532346,-0.037416156732781904
6027,0.7957491435563245,-0.7991071086191817,0.7720547609303472,2.479781834307952
1428,0.4271667130686347,1.1565898985691971,-0.3018111318574296,1.5952324848687778
6469,1.4118449169556397,-0.47562091783178356,1.67973670108623,-1.0965997146859718
426,-1.2619676140564395,-1.0286080633716719,0.3327928997318585,-0.56560838501457
4094,-1.3767160429622884,-1.4962206536201017,1.5194502754151917,-0.7491013493111285
5574,1.6201245911985591,2.494396627317832,-1.5679750457474033,-0.10777244565208127
4271,2.105406255219907,-0.32244670845227863,-0.530170737974758,1.7053915449602859
1923,0.6656425378432281,1.143923936458594,-0.050915379976207285,1.8575459520048585
4689,0.4570363021114995,-0.0009429317926091018,0.3565603482901763,-0.9798716454519203
3395,-0.18043116661614161,1.8166922159419605,-0.7439031858463073,0.028062327345716155
6612,1.4314285908425868,0.6850837043450079,-1.7208037373944973,0.9316656866143804
404,-1.5098380651232666,-0.09038018111268593,0.6186236566928968,0.1064043994605309
491,-1.1781044373284162,-0.5276520599592244,-0.006539130896093691,-0.9575999802783096
6411,1.103395590850662,0.14445483044559812,1.5487491246934013,-0.8737001280024367
3494,-1.4125292343913318,-1.788490063068906,-0.34812467560058147,-0.770994035016617
824,-3.3043656625259192,-1.45790034197655,1.0715374578622017,0.846824672803623
2542,-1.5819147475363184,-0.29460210321540165,-0.8304462123835793,0.5821791253486647
3673,2.531906672476153,0.5291017051367388,1.3340404206849705,-1.803439618633026
4943,0.8950780052216218,-0.16344944807617606,0.12499301465491885,-1.1131371895628586
2790,-1.1482683443142223,-0.3566712281869742,-0.08502994718702062,1.251464836410265
6829,0.8416552922299092,1.4145387972679724,-0.9236017431807102,0.2368392663185009
3515,1.8880241060658631,-1.9089645927974228,-0.4406071809929004,0.526276723680208
6130,1.8414358502521608,-1.7559208575754088,0.7634051355928531,0.04973216569072936
6795,-1.4736803962601968,-0.5344178386699998,-0.07884658066223689,1.930188836557221
4969,-0.3065989130100989,-1.0130755073504962,-1.571145562967621,1.5601453024696526
1788,-0.9799417886961975,0.684850806676244,-2.060288349963504,0.846353752098925
5466,1.248418569999165,0.554153960505436,0.015899306094723346,0.7995394437226938
2187,-1.146012433514185,0.6337017682367179,-0.4604272808824253,1.3180346472731916
2145,-1.666136449313321,1.6584363265432005,0.5151756719539285,0.5703859379359345
4505,0.8023234276756563,-0.7417654357802654,-1.7545460484491004,-0.8192835449709223
3246,-0.7949183459744794,-0.2808300347317954,0.6424054617843082,-0.11087275389333902
1841,-0.9711702302807492,0.36541982768081294,-1.8778098108704095,0.7213334442508389
5047,0.381979578214077,-1.0528559455507511,1.2104820063817827,-0.44565478249454094
5400,1.738779291703935,-0.5814727796329524,1.6152162446090805,0.49822804553593886
1209,-3.195955543895806,-0.09757693962334997,-1.6766998874235732,0.40405348876723723
974,-0.9306776290759448,-0.636991561542485,-1.5474776579539202,-1.3257743732472693
474,0.105012390937656,0.4078400629310917,-1.6726614936152304,0.41087273200203
3311,-1.5107685312358836,1.8752202002139102,0.41236411080873525,-1.3342854444064145
215,-2.801656133647325,-0.5118670703431829,1.3418132097854123,0.5965063567917217
656,-1.6478737426176484,-1.7928231430000678,-0.9541235948755183,-0.0531980470257683
4596,0.626486447056924,0.45074924206943834,-0.9934503017287992,-0.797735376990984
3235,0.9325278790425858,0.8556258611598868,0.05973567914190844,-1.9133978356844517
2519,-1.366623059743397,0.6558397663209022,-0.6123027846518867,-1.3495019998669509
1583,-0.15735538495238371,1.4968957226371913,-0.21981663207877783,-0.0620070252278585
4634,0.4011711070941936,-0.7760560387462976,-0.6542243880778345,-0.879789811512854
6168,1.14535722928982,0.7113823972172043,0.7604812893592948,1.63728563350989
1130,-2.76408920902081,1.4334214916287915,0.8841686351048089,-0.42892032411310405
3038,-0.14434078831940697,1.1707469853069332,-0.7952206294354285,-1.577950828883095
2063,-2.874958117061005,0.615533088908276,-0.04802374955989461,0.2224907532022642
6873,1.5973361969294593,1.2631776551968665,-1.2254447673041549,-0.8242077907122466
4592,0.6597596602699233,-0.4262164959258014,-0.9660864936163643,0.6456211011693771
4407,2.1382738719328422,0.31650176079104475,-0.5581100922489035,-0.3451708687028953
131,-2.706994544677302,0.8577383029699168,0.9577202716829769,-0.5061671057703048
4347,0.5577873492728208,1.2285098080975216,0.2668825787404074,1.4641791335017005
5410,-0.15015207658745428,1.3971405967821338,1.2710671927674364,-1.1758924572220308
3566,1.7055056720275381,-1.39520578044139,2.612119145916305,0.6639593583170774
1341,-2.064689854326172,1.2795988511414464,-0.04483352487069315,1.0951529332569574
2184,-1.908064400973489,0.5943479003443284,0.13008301005837317,-0.8206995529857696
6960,1.0872127173586918,0.12276564114715298,-1.3157538457036055,-0.8088677092187998
4743,3.2221969959124612,-0.6875746748126284,1.2275174726404638,0.8151416297324416
594,-0.21096490140389154,0.15428494080098637,-2.37672563174847,-1.1503038141512352
6473,1.8080700982650908,1.2278165570651633,-0.029690238000588867,-0.4134114238557316
6363,1.4193048301278521,1.1664709072284003,0.08919556910053042,0.4305712633242784
810,0.11195450526563278,1.4273973003398226,-0.34243415806046834,-0.033458735903681244
247,-1.5320998000966783,-0.35610771166229666,-1.0394186046325984,1.7735747762247593
5834,1.8100259027179668,1.2582626379187543,-0.21721474777772748,-0.7208170716916523
4374,0.2033910685561442,-0.23975397994695063,-0.17073507552495812,-1.3116311854889147
29,-2.1468657111944784,-0.5638144609180133,1.937480968038792,-1.5130775718192406
1119,-2.8914456345130555,0.4157236447825856,0.7208499782794723,0.5882835594152745
3363,-0.233614627226737,-1.143536981542081,0.8868508124820518,-0.1654060790240113
4842,1.3893160945772438,0.8496833021317154,-1.2907522691472246,-0.4725694515377337
2792,-0.49664602716903405,0.18014192390476957,-0.9344613773650253,0.9161013355944887
4243,0.5425327538140041,-0.4753413727898114,-1.7065746391853338,0.16813750340399206
4755,3.288035919963571,1.5581934923511465,0.05729586534368633,-0.48056620214511414
6013,1.1849444284457438,-0.9579183218033342,-0.60536375046117,0.23042513246108257
1974,-1.6248248152189249,-0.06492443326008684,0.33289152737272987,-1.6014349866010564
4666,-1.6296834816833785,-0.5976083847113203,0.141273376505189,-2.3404867170229506
633,-2.501161636819258,-0.4010683998633584,-0.25506781652836163,-0.35235847654272084
46,-2.6240366024235384,1.1743169488470726,0.007897289507126055,-1.3676500284942164
6280,0.2351152569119343,1.2237186786244307,0.5748762354933987,0.5041021237772099
4745,2.214169584511859,-0.24100159646129923,-0.9591301861256988,0.4590853238997115
6030,1.5858483906170942,1.1323010314336408,-1.539836218702764,-0.9279957694502803
868,-0.8551538200806994,-0.1166285204314575,0.17814678084553554,-0.0707374644995844
4986,0.5898544278134144,-0.6804960594003723,-0.03521473780396741,-1.9282002107235297
1320,0.5403118793719411,0.7642831937129831,-0.8832505002672614,-0.5279140662152946
6185,-1.1747137607834264,-1.409823669804304,-0.44348267067529584,-1.180506167674153
4923,2.2140080339962633,-1.3317405384383967,1.0046156794875793,0.9055086600599428
1543,0.6574701290140439,-0.318863891088666,-0.60328801827409,0.5236193892649004
6138,1.2629858728936108,1.3888101331246903,-1.2437291809060522,-0.633183251354629
4129,0.34449807950577466,-1.4839576911837957,0.5039668875149553,0.4115854145381212
3559,-0.09182313773754724,0.13290221793693768,0.7575082669477029,-0.2736798094421109
5512,1.11550115235769,-0.5279585886626801,-0.735382570272071,-0.26621685397784267
4217,0.7719242215589425,1.2971051510545257,-0.6122450678770858,0.08979390831264399
2503,-0.22198672109343676,-0.22873829827273662,-1.205610019076001,2.017661808249893
5153,1.7731767218066066,0.3245888455396488,-0.0824363277256518,-0.45223676761506004
3567,1.5320399042632906,-1.463988819987982,0.24998718237850262,-0.23604259952291934
4693,1.1570669771407431,0.30197056590530247,0.1750142850734695,-0.6119335314291406
3058,-0.24325514579971777,-1.1607064479843117,-2.5749434025499984,0.5027687004690284
860,-0.05786269649956231,-1.046713197417027,-1.3160590979795548,-0.5027651648522176
4105,0.8556589112161889,0.7422216026077383,-0.6173419821635109,-0.10665722851664008
2138,-0.6947009189733349,0.3917876509435063,-1.2345490297383477,0.8873329434223375
1984,0.8164906998865924,2.088618480122509,-1.1447857824884153,-0.048648021063613704
4885,-0.49205555749851837,0.6069786497555383,-0.6796115109986889,-2.083618839332769
2310,-1.4529191688796805,0.5594631866879587,-0.5944235797929057,1.7284403613515977
2759,1.205484821808527,0.3321356358870433,-2.6758146445141633,-0.16433174167914208
2531,-2.094813537020737,-1.7679720101471779,-0.6713410593191314,0.39113375831682784
848,-0.7167400007787129,0.13597427555777677,1.74754216181395,-0.5407813933887444
1243,0.668753531128382,-0.22563836801053225,0.052448593074203374,-0.10203046222884843
4713,0.8639178972531779,-0.7186579501979136,-1.9178929556748012,-1.848644601608075
4174,1.002486718656895,-1.558924394372589,0.6696149079053447,0.19103623965202807
4270,1.6320840396262892,0.029180333275215645,0.3562291859633388,0.06913432836431045
5325,-0.9900714694098418,-1.1434694109273633,1.4717129225353753,0.8071696621235275
3045,-1.5150732481902298,-0.48921369110761587,-0.875655350292292,-0.9928181420641046
1180,-1.6012621353013263,2.160230612969152,0.13720733826756418,-0.003611753929727924
3460,-2.72952294489875,1.3172417077953888,-0.45073931121530386,0.9770253785044567
4330,2.9374588245983824,0.16406891368009108,2.9159755248955364,-1.3594956025608615
2371,-3.6873353569713654,-0.7359970586779737,-0.21593260840503292,-0.440889739561982
2,-0.3027462463165341,1.9272979969394244,-1.6561848525816218,0.7791865461139806
6817,-0.4193812342970985,-1.6161998621426834,0.5832199040104804,-0.3399537140556901
6952,1.279739832105826,0.3456025390986457,-0.38145067959645185,1.4730936397560108
1755,-1.9486310574331964,-1.277993161757368,-1.059956953189512,0.35067407535056627
4011,1.1119929173932501,0.17849688592108126,-1.1563199047169257,0.461606484394437
5572,1.9950616726330754,-2.244122745451509,0.2246284938039881,1.1122837290256864
1048,-0.8575838302250182,0.002618253313609383,-0.6331544325307926,0.4740768535785923
5336,-1.5209677423446462,0.03268489297917503,1.3078948845415561,-0.06788913312524873
1418,0.15120414790505057,2.6904630156805744,-0.10661658052128965,0.28160929938612683
5034,0.712496353168589,-2.441899579533735,-0.07016585922009441,-0.2090738794076724
4491,1.1337471522927711,-0.15130686737700036,1.5627633123108364,-0.18360272881051828
6617,4.107570924798102,-1.8224506989152238,0.10028907028823744,-0.3645803127832432
862,0.6633313062392885,-0.3702819191203489,0.21104546313947556,-1.1788265700670584
3863,1.0090929473248837,1.7125911708599264,-0.3276328983881698,-1.5641060057561966
6119,1.3596912461641086,0.7587077536565453,1.3951716982302511,-0.1454763828538882
6723,0.9968487714635785,-2.0981979880207047,0.6476821798074319,-0.9962497873290387
2551,-1.8177978272741664,-1.1085774922996101,-2.0115483384365143,-1.2983914310968283
6922,1.1998390151581004,0.38849452125407735,-0.4201075883261894,-1.5060230579310439
2431,1.2259105330651314,-1.820341443870022,1.7486563985200962,-0.9440689780565458
3797,0.9563177782415121,-0.34674955024937576,-0.9905307812140284,-1.3592610307106965
310,-1.6765288317461935,-2.1650258652676917,0.3868408921883411,0.2548637416751398
1618,-0.9541686844233594,0.35435879222190664,-0.3981787116101389,-0.3778827913387744
1092,-1.954648735861162,2.0857766257119774,-0.7121660248479861,1.3338658915625985
1940,-3.106702847508208,0.5447589433092026,-0.4817133661167636,1.7629726561540175
5933,-0.03355692437388927,-2.0135921649770054,0.15727171427379166,-0.42449617043684756
3825,-0.688483698300537,-0.016064104265872382,1.5093300253832187,-2.4405952802695863
1229,1.504758733855911,-0.7183835499267924,-1.3969199795505958,-0.23303558303412322
4855,0.3400380712065852,0.16667192080116974,-1.3902184211600472,0.9339276136222181
6615,1.4254797035669793,-1.0117865319337949,0.34748400836810783,-1.661057805523029
5463,3.1271135346723007,-0.8670175306726634,0.05346143572845662,-1.2155376595837253
1733,-1.76270137252538,-0.41498202051419103,-1.2573151551830737,-1.1492590059663428
6975,3.0342544907823683,-2.0580252049979024,-1.0669995270793025,0.663044659755282
4759,1.6179758044134511,0.18491908129354684,-1.3988032397445547,-0.058759203432260425
3750,0.9119659313611441,1.2290774074605553,-1.322830033308239,-1.3810205150873756
3063,-0.8728073343404489,-0.8199441504755418,-1.5833096528529993,-0.13926354730033405
5618,0.6086226437039621,-1.5796285256344975,-2.0501262871663988,-0.4744808943952708
2622,1.5103681085523954,0.6239604385700596,-1.827245514040016,-0.2709162316819097
1393,-1.3934030270323183,-0.9850344530243955,0.37461651610587815,-0.07864389616052087
4838,0.9417082978123114,2.042442824700198,1.303276642723596,0.20788664588582675
4562,1.4595062716044562,0.09114414901703814,-0.25164301883754747,-0.2922879320112646
4349,3.297140572279753,0.47615733153624534,-1.2756012149797908,-0.5715110077714413
6395,0.6999578643568124,-0.8772603626795488,1.1555437709629044,0.09180353893317889
2834,-1.4948159403809085,-1.566642502560269,1.434153997696384,-0.16583536275505126
5608,2.127695515662551,-2.5842975118229417,-0.6482967194405447,-0.45750975212537964
2405,-0.4292386055954469,1.699328128442091,1.4464659122370647,-1.1548946256788322
3009,-0.9244315018850986,1.0207666093626764,-0.6787759864123168,-1.0552046703632723
4122,1.2979701972985673,1.1270882138976321,1.0367709193251597,0.6738522530874577
762,-0.5383966293529483,2.5903839231992594,-0.25966813089146396,-0.35282785681386053
5110,0.15704823173183177,0.4411940752385256,-1.8560384404070414,-0.5125553751288721
3890,0.5640256992952142,-2.5626053546689382,0.41734649153545966,-1.158576785430202
6159,0.788844265389419,0.2634175831044969,-0.1485448517888696,0.01239115587390165
966,-2.4893789402997037,0.3787171784902512,2.534249264824567,-1.5733015287575867
5696,2.843236128086445,0.013005104933581077,-0.5367172387069986,0.4318760189486317
3314,-2.1520094705308046,-0.22114624678045458,-1.2111434409942863,-1.311788388501231
3441,0.6438390933337398,-0.13537711670730992,-1.4251872908501855,-1.5904128575045784
682,-0.05128990463619858,0.21206915333777468,-0.9350335420145377,0.11904069079179734
4959,3.189601296348488,0.5600270535739185,0.30824123836127565,0.6223805716739256
2546,-2.630128129024512,0.23720136695617697,1.4518333614509897,0.9537409880203743
991,-2.4426921297088975,-1.405813123781658,0.3437236196085805,0.19325705052774145
914,1.9298098034954572,1.4970564577272,0.17339074296669366,-2.5728692644502837
5825,-0.7295557346131316,-2.4366369691723873,1.0687252975761228,-0.8209452913187381
5568,0.8010122416074288,2.1934337704402345,-0.45220224679915944,-1.2370643541192425
6665,2.2282978622152583,0.03348667612117106,-0.6632641260256414,0.1051724422746972
185,-3.5687925207431435,-0.2640326876027214,-0.15592208867173318,0.08195012588138996
922,-0.08914753967339162,0.7015618279641265,0.7361252940098741,-1.0271366452980115
6128,2.2832371970866325,1.0721486126288762,0.4564347607208421,-0.5728741986128328
4170,1.5532267987151314,0.5660083410777782,0.2921768445934594,-0.1777985360041299
3556,1.4506917655118257,-0.6017950025423415,0.71372362253818,-0.21867411303368903
6688,0.562689479785122,-0.29729724211364716,-1.170415031001187,-0.40367867697034726
1619,0.8892868739534999,0.17358599419104628,-2.052323664467914,-0.548645019131509
1830,-2.525222726182645,1.9739451757510587,1.3319962038519966,-0.04417610681797346
2484,-2.838039845858386,0.879656651853567,1.9252342239887439,0.5250662920793905
3148,0.06705929746359818,-0.7743588629307836,-1.5770786076543302,-1.1961689064162384
740,0.1343129558779999,-1.5534510023768935,-0.6982017933387006,0.8179205049212264
6179,0.5658835028936565,1.3015155655755573,0.5217373168839853,0.904748797580036
971,-1.385755731896885,1.3590971030577397,-0.46597347582177706,-0.257671837534708
2564,-0.07778267093596186,-0.5264971423164209,0.0642493737653136,0.1946468124288604
4915,-0.10472007517771668,-1.3831309728242767,0.8336032265978265,-1.4315415015702844
3962,1.7242091423134702,0.5183715771536124,1.0741420028541397,-1.4961982817873096
5560,2.0991160652038894,-1.4547144651817214,-0.705084090487287,0.1831440444921126
1116,-2.7770701161238804,1.6603200116636234,0.5700729902023751,-1.0720320939083026
5805,1.7452956445781,2.0352881805548844,-0.024016775654009944,0.13191573724253403
156,-0.851729393146227,-1.2138272037078255,0.8018301786688393,1.1238479916788169
2467,-1.8947322845528884,1.451002927705049,1.7064561311453683,0.4517326340148263
3860,1.2304989153410912,-1.3580534144114593,0.07290411651260337,1.6658245694856886
831,-2.81379094964295,-0.4099961873555724,-0.7579726887070708,2.115389212030118
5454,-0.5619771100945326,1.0983063662500419,-0.13339581817345958,-1.481043567929532
835,-3.196056619781228,-1.604591157283772,0.4126958082369368,-1.3415983655005308
2825,1.7270608360791262,0.942697722779564,-0.1364153913911434,0.6187678237223763
502,1.1422894386468982,-0.2832911446796573,0.17107399490819847,0.13913403899580598
6538,1.012310570527118,1.0853924732889866,0.35580720265837074,1.0588665112288798
989,-0.18262897540894965,2.294740332813685,-1.0525068714688537,0.16331402651253937
3937,2.2520994759868374,-0.6403567840874718,-0.40065452641722643,0.3649395535295588
923,-1.029227833517612,0.5186045582071697,0.8484553151440133,-1.2437667494391715
2044,0.7894396258481851,1.455396637032815,-1.176738013626901,0.002781805371317109
1980,1.6098533754767537,0.19448230282340326,-0.40290123558326285,-0.5957577931161495
249,-1.4191783200507675,1.3499004144078341,-2.0606810911693416,0.4677668482774456
3911,3.257715849206326,-2.1970465220142583,-1.405372268901552,0.506877216250462
5152,2.9485220229019897,0.22296667897974093,-0.06259152782867887,0.7824037943408172
2683,0.4672599342494533,-1.1071231332080167,-0.4135768765135748,-0.1116474664522727
1346,-0.8785361681649985,0.9892786170444768,1.9970570807910977,-1.3617751414839292
6399,2.2192120031316542,1.5458173848539294,0.9769817703953133,-1.3098609956644895
5995,0.5589846504091353,-1.0614318105316234,0.44838502168254984,-1.299659158911171
3653,6.0391390199026596,0.0013900622875570676,0.47823801305745417,0.607132948085618
355,-0.9672572607461384,1.315403626948096,-0.24793085352372513,0.9979061960723604
744,-1.7062019419190175,0.009974438787517612,-1.0034753466444224,-0.6916392648240944
844,-1.4116369502513963,2.121137192401306,0.3287634198792998,1.0354006099238533
723,-1.34770461736377,0.8603815775325604,-1.0670890642670856,1.5792507967309586
1976,-0.3223425063261983,-0.8018901229161095,0.6341055288401726,1.4562091386772678
2955,-3.731066640095908,-1.5651643463925973,-0.46500409295368944,0.7901848864319537
4340,5.186410475314825,-0.6875557103027248,-0.631634775316733,0.47217908205796383
2214,-0.7246380850137419,0.12728338953195498,-2.1592391146439684,-2.039012602170623
5394,-1.4029460927545563,0.9180216422459999,0.5816918570998267,0.1244400118043801
6673,1.625646586936181,-1.3610480110553798,0.7076829828676353,-0.6106745463082384
3648,2.3747404177838183,-0.18868950673193208,1.8264334178764425,-0.13208002727381457
3870,2.467035061929506,0.6090149988516305,0.15417737852944405,0.5002225909380376
4488,0.19625475089610717,1.9822552521811119,0.40091372799137864,0.9007641397106988
5842,0.05784422248079864,-2.7974113103447196,0.2406749589571478,0.06755791078693715
3292,-0.3938398370518989,0.20046068644097628,1.1706737232163615,1.0712157513935785
5898,0.5000374513058952,0.19053317976490938,0.08971265732028463,0.4845990699673613
1258,-2.4066514518774946,0.8519616498596273,2.0522308820341437,0.8751921901858087
2988,-0.2546744568210054,-1.0233285996802128,1.1327632573559452,0.2009964536200404
85,-2.5639602292572317,0.16233508824627538,-0.7408735505921884,1.7075967600564774
746,-0.5413752958309995,-0.26780643540193977,-0.48693134201218863,1.2796274777379695
5276,0.8788131315959832,0.8366025060194842,0.20024859479126542,-0.1307551814162857
1867,-0.781718610287456,0.9412693707430804,0.39848641971087156,-1.587284690653984
1315,0.28917145740598005,-1.6992815254968272,2.3124338379536713,-1.4898495869394943
5197,1.6457709528019002,0.4727481530384319,3.461865157239996,2.867524837416933
3898,3.2292142930395147,-1.788678231263105,1.4433918523951985,1.8824579682325644
5008,2.6913171800101723,0.6624629783922947,0.5485027583035349,0.1097022370309361
962,-0.46645807544497436,0.5629511588066808,-0.1877384165262404,1.0875991359295956
4650,2.675620295774171,0.9259098739444305,-0.48821661507945674,-0.43867601118972555
265,-1.8763118081571017,0.5260043056046596,0.5133580101527397,-1.28939175324489
2428,-2.0030592976819146,-2.180336999887142,0.17756811500297498,-0.9624342487820007
4116,-0.4924603004224508,-1.7852276051762195,-0.703678249798083,-0.6367618480402181
3086,-0.20578948076900494,0.6392812059508135,-1.543693187030688,-0.5172425635750021
3139,-1.8649767637027836,-0.8760676645769053,-1.3802360280505372,-0.19449198054977054
2069,-1.803160271289911,-1.8779090600581223,1.5431629972147043,0.5782586714976837
4202,3.8622753352208457,0.6016304666565435,0.9580695240940651,0.7722978744972598
4533,-0.07649017873277734,0.5250409929687906,1.5960315089083876,-1.1526781563993267
1800,-1.1194788844736605,2.0263399120212244,-0.7963682212769458,-0.6309761277247874
2235,-2.8569725320325436,-0.6898110981255847,-0.6015627622480447,2.5178079286071124
3543,-0.31712277826937296,-2.158819674518423,-0.8222883483698834,-0.6636328252949972
3062,-1.1717357097562793,0.4015850258767713,-0.00677973477967234,1.8059438253447653
2212,-3.157153286378081,0.000625726446516089,-0.9572141452822094,-0.20918480123255412
6814,1.6115443625463601,0.5704935509579683,-0.961059450004549,-0.6439631006574907
4266,-0.6834881592309748,-0.7671184065563571,0.8805518819624065,0.19873060635697623
6592,1.4466002328213612,-0.761116917502268,-0.720799364060833,1.745512385271502
1985,-2.276636604336363,-0.19608726417286532,-0.8964623863244934,-1.3923420441245593
1371,-0.8249026453709348,0.230459844050114,-0.846055776793329,-1.3104128747658212
2122,-1.8495839729972734,0.7944336621049005,-0.17235834991047227,0.6763110908526514
5772,0.25456666428634084,0.9171705696676706,2.065505594291027,0.809910243911887
3907,1.1927920807577592,-0.6335922558831306,1.285030793495992,-0.9351621095382232
6719,2.621892099189097,0.3573095151729529,-0.2332391945134535,-0.5268086300367287
5254,0.72763292643088,-1.3410367361795144,0.06840647588849036,-0.2426017292287935
5223,2.672192620683738,-1.5147298137152856,1.1593763819603724,-0.8323910606912279
2057,-0.5863935628505171,-0.8138712658802938,0.32951275501374805,-1.1009303734187863
6717,1.411263769870644,-1.7629597445101142,0.47422833479330945,0.9635921896589348
5663,0.39518429540199596,-0.02550821748126141,0.40217034254822526,-1.4846574523990699
3947,1.0198004846126218,-2.572338548224155,1.2675097275936376,-0.9181291757914627
2058,-1.227717084792872,0.5782999657754138,0.0022045384039024287,-0.7124660880326805
3711,2.548663510497981,-0.6504773383140641,-0.3394827283816626,-0.44373235658704857
2904,-3.942017818309339,-0.5636937932272931,2.0823828380210796,1.3232751953624127
4922,1.3909535771907664,0.6784158421833117,-0.11001821720004293,1.0832570755096673
3838,0.7605440650343471,0.8923052933645241,1.5201391887596594,0.40307253554701056
6284,-1.2626650186665207,-0.40799705849138057,-0.2582729813980788,0.12545097210953388
6932,2.4948598762168785,0.75349709261197,0.963292911923309,-0.5554814758954698
284,0.0652706560552802,0.5023034439834072,-0.24914371897510126,-0.3530522532302345
95,-3.32917064494919,-1.1442801007648613,-0.4354208087880708,1.2446519093162294
6677,1.217110850300543,1.5518732930988215,0.45974488259628726,-0.2321277464130128
2664,-0.6830163163393947,-1.0011114220276265,-0.8852021664849067,-0.19031961660747565
3955,0.5155982385673537,1.176245904702448,2.4330067940406344,1.6443039397315453
3442,0.23730684790983636,0.7490771259800831,-0.7093740570024635,-0.7269579374623121
5960,3.149350859521789,1.05398632131317,-1.2479641161671888,-0.4708383144276746
6879,0.9222663168673955,-0.6550660425986354,-0.7313977314109534,2.4484413299420837
2649,0.8892785793769128,0.2743869476722268,-1.4439066419505195,-0.4115685539111077
6512,2.623232379394733,0.5118158988314004,2.25832185182912,-0.009197078301627278
2280,-1.1832757090709174,-0.4201083289539156,-1.694983960566462,-0.7295315176349275
5536,3.4309094824518893,-2.63444023672344,-0.6068567736155743,-1.379246429187824
2521,-0.4182439561983582,2.170618227639632,0.19139863852995895,-0.7173927155406163
3613,0.8539426758260839,-0.653606142895822,0.9582450010087038,2.9631482516602285
5931,1.5528887491115064,-0.35041249794693513,0.2465635189761489,-0.9165711269672344
1284,-1.9233056443664167,-0.7641856245555707,-1.4842773796110482,0.6228635471769729
4022,4.0940768207345295,1.5409517480329014,-1.0942214909593488,-0.5657347415293383
2003,0.08856946706815019,1.7132727072273035,0.5132443496837145,1.3124480087392643
5346,0.8409057471763454,-0.9199743989847826,0.5414715341945454,-0.8791671951289524
2153,-1.2331949089254706,-1.073946708995554,0.584567635714519,-0.1422378938463207
3764,0.6032582966166048,-0.017814312022871683,0.07531899125369401,1.3880929238114572
2239,1.830769812550953,0.9958411539985577,0.0029201192316239116,-0.4735438046451085
3932,-0.7350229298815065,1.598206023555748,0.1336357170644997,-0.5563426957844421
6001,0.35503507646650057,-0.37880757803633597,-0.502809661947061,0.3892533354811233
5352,-1.0710677100949841,-1.448192176225986,1.119862376406882,-0.9812135627544282
4151,1.5922442014611313,-1.1988079180112983,0.28114368770374093,1.5520349612586175
4578,3.500490441302599,0.9213000394273823,0.7510445483375907,-0.5144250843256812
43,0.5599441087699513,-0.40838982294641557,0.2479732219335161,0.33325300833761673
3956,1.3097799105326449,1.2144259212958581,-0.20347008281906773,0.3820427904957803
5917,1.5106918682691732,0.5627624704359945,-1.8126888958988103,-1.1057105369224005
5639,-1.426441564303091,-2.1884920497670657,-0.11354504265308665,-1.5102245255763236
4416,2.880174591793365,-1.1505028804752262,0.21943942766325195,1.0574674367484216
5437,3.149029263691884,0.7089914656797572,0.47750111830214015,0.6993983795374057
2802,0.25750315733497603,0.389635400392796,-1.39494597048084,1.2030089558932455
3089,-1.1757925882351965,1.1777964118085489,0.9876215042329091,-0.05248721638499966
5127,3.7426412468602073,0.14832106304633047,0.2741389604526018,-0.6552798250960226
6392,1.9603194139655078,-2.0393253161330662,0.8493591500787946,-0.7185255420376618
5533,-0.9100408560531452,-0.8842672638640777,-0.6902260248632369,-0.7071995246913602
6287,0.8966600808203123,-0.5443791741776156,-0.38266314873185087,0.5119586648689645
4333,0.8965006582375288,-1.0101542648636685,0.15537975754319003,1.4553849172479958
5893,2.1610190506361646,0.5127792808490507,-0.7183244181400603,-0.06382630099393728
1809,-1.0669315995777944,2.5318357679876384,-0.6848689377330769,-1.381637560817031
1003,0.3319927754477459,-0.5304237130642537,-0.5928340357639112,-0.23297760204116783
3859,0.675301206053229,0.5139950962769373,1.1328193199592107,0.9297379541352986
5148,0.052264579953096,-1.5411714871051017,1.9069966495615593,-0.7903487113718753
2393,-0.5594259052874776,1.0608868695138844,0.5864464701899103,-0.130964303672404
1076,0.04072717968327985,-0.7406365083235905,-0.23155085948138523,1.1133443038292645
6503,-0.4932897000053593,0.4769550031359132,0.6558817801432604,1.002898816777907
3855,-0.2672615077323671,-0.14372230181704096,0.44622524882921294,-1.0075606704088866
3412,-2.109602592731269,-1.549232696523105,0.5422121105296386,-0.4162090528077388
5982,2.996416348854012,1.1811077798146963,0.9216068299221042,-0.5711769658044253
5295,1.180100805460311,0.9153273540601814,-0.49832672810172224,-0.6779291826610898
300,-0.67904488349835,1.620505119402002,0.6962081797382385,-0.8036108514125782
2898,-0.9881168645366724,0.040259014069264805,0.5808211894134773,-0.012139758233395257
2507,1.2469166444401212,-0.045507503835339275,-1.685537805948453,0.3610758876945379
942,-1.7215599673455262,-0.40103675511456427,-0.9596743625036792,1.0705563473723236
6164,1.7629836129226673,-2.3161085860786383,0.9306337915719752,1.0998459015484936
2370,-0.4799305805892454,1.7264199360301258,-1.1069185166163695,-0.19292379519783198
1259,-1.2848155954255995,0.9086980299910498,-0.3840376758371564,-0.08394215694313965
6089,0.005726624239367085,-1.926153653564556,2.3093212066171955,-0.13370179073129296
2522,-3.5511858586093155,-2.0183163827333135,0.20924665213161495,-1.1530775420148565
3156,-1.9683709986379654,0.13773410245330545,1.9556558483255342,-1.7590200847127238
4559,2.2811406689008145,0.683782219432484,0.048616179051888614,0.15450131471774722
4101,-0.8608067375306292,-0.22046163769407928,0.7425790434068738,-0.0996173061355941
841,-0.20984733218782964,-0.4507331685490979,-1.3367294527648754,0.3951539239477376
1868,1.4808345507579328,-0.17511080053610728,-0.020589107379865714,1.4616017534620358
326,1.2967045139692468,1.1859028970179113,2.1681503735640133,0.6478300733756769
2436,0.5304711823111922,0.6464376323192962,-0.1106435131874096,-0.3671349101871505
6109,2.1527267144433617,1.2043648062832737,0.26403484499014257,-1.211426084391167
3208,-2.1828413588457964,-0.2929614083655182,-1.1104604851766977,-1.1489514343785914
6495,0.27630366798642286,-2.4967152963935235,-1.078424842155382,1.1553945953522102
1464,0.7388979557168517,-0.47139270838932573,-0.025235816038913974,-1.8379135293001563
4988,0.10057449667432324,0.491207009248224,1.3429773289031872,0.25048858775170596
3131,0.9783009540067852,1.783200533768396,-1.1382720360869099,-0.6894431238425155
2061,-0.5983489506866266,-0.3618173279642956,-0.17508073571464597,1.1486850406389877
4790,0.5923311915917301,-0.10600473950543272,-1.4778016674606915,-0.6968937960162734
4483,0.1047729189749763,0.021924601517617274,-0.6348344859363292,-1.8537381064543863
2571,-2.4350701235609034,-0.7187928317932916,1.2105248087430156,0.20783045053561497
3103,-3.176269018964348,-0.0023707169249197226,0.8104190194821302,1.680917446631473
3333,-0.8406044835253481,-0.1767371692251992,-1.6001345766112829,-0.45259746399672873
603,-2.487726696194959,-0.2843965224369225,0.12021665784118213,1.1625813150495026
4938,1.59742987602776,1.3044076753952485,1.2926825189589268,-0.6795733185311391
4418,1.8935309283000175,-2.203878547438862,0.27501407225438335,-0.16998881036967858
5963,-1.2469037955615696,0.5006646242602938,0.6539202785995659,-0.532236626996055
865,-0.39715535473160396,1.239801720729347,-0.347118157377786,0.15961647023182698
1890,-1.4784852728743838,1.6953588716633887,0.046518197017570345,-2.3543575761838746
4042,2.1750284783403075,-2.6903635686738037,1.6401290654479388,1.7485071925237659
6430,2.294011556581693,-2.7803891258385653,0.6953188137057363,-0.08110515518829393
6716,0.03700864583207823,-1.1687292848744182,-0.44377233626451695,0.9587245306359191
5561,1.3522839088597867,0.3172912573538832,0.6360107188107946,0.8507305177292225
3367,-1.715105072136823,1.7751161639408533,0.26343855552447776,-1.238079543583561
1280,-3.217753363193067,1.0374689330266396,0.8599485922217996,0.7854268610205606
830,-3.2765658397272337,0.7890349235199468,1.0788999970763609,-0.4584969198592002
3149,-3.7288136062522024,-1.090425256218464,1.2178366502649625,-0.47769292352926934
3799,-1.2245228330498041,-0.5682572204226052,1.5663015095299175,1.6616113763646467
1904,0.8638257740761078,1.0422425129055994,0.7465642105538005,0.4284213172688309
4551,1.3696683835501124,-2.577790282401641,-0.1714008694883781,0.3281343969648192
4403,-0.02004343531742272,1.466810429047414,0.25049660610370106,-0.6213578114487265
2050,-3.78637004475673,-2.022111393063413,0.6745440524366466,0.9306494726281191
1302,-0.5473782201595626,0.30608713288808453,0.5312544705203256,-0.9274566929621433
328,-0.08440813330832722,0.7057808997543614,0.6752802777732702,2.927664937048098
4849,-1.277606612101349,0.6647876900741242,1.7041648634517033,1.280644620390306
1704,-0.8554496895877793,-0.9367646318149506,0.6370816041427072,1.1835717880786942
2493,-0.13231332736503815,-0.838962323288618,-0.08206559472925275,-0.2039466599679451
6929,0.7487297138752211,-0.8235913160227766,0.4916503540589269,-1.5085008607968087
4025,3.3441304480679905,-2.612531392522277,2.0345339255546286,1.5000283666759133
5814,-1.2465585585304435,0.8610861388645547,1.6117387940449066,-0.12314954214166035
479,2.033372706435039,0.8892152931593855,-0.3476912870319629,-0.9339373563380952
3629,-0.9924510999480277,0.7797247710741118,0.21459774755948846,-0.7211986890263368
1175,1.0225330622484292,-2.327780411650297,-1.8314602752519957,1.6740189269908021
6406,0.19496865071737518,1.9038054357915808,0.8547951272086183,-0.15374971396846032
2957,0.8053361152770113,2.0756916795301525,-2.0121621524392492,-0.13788634125492075
4010,2.8044513336292165,-0.2453104040860713,-0.25756043620903385,-0.7988518139105794
117,-0.030923451793563827,-1.6375820384364135,-1.8022398919024438,-1.047179756522962
5653,1.687449709159764,0.4648197479948712,-0.36652441984129525,2.559066536618556
2862,0.29220602645120314,0.38072136521190886,-2.1059050630175618,1.00587113765798
879,0.24722775125220098,-0.22618805440101877,-1.3239495215801909,-0.3092709375846786
1029,-1.5229080547114966,-0.08012199333305128,-1.2547401969661165,-0.8792367755462135
466,1.883234517008407,-0.51276295956664,0.17169647811431188,-1.5452778692500186
5464,-0.0024450065011484725,1.0447463773528853,-1.717879057258318,-1.144799692387043
6064,2.301430976257691,0.9060738639512564,-0.3765888230669559,-0.47812691870797713
6515,2.7888460983447274,-0.31393826999430274,-0.22108758056724342,0.30500263650470566
3083,1.0270699665646172,-2.331251032950896,-0.8520135234141192,-0.7618189166688069
5294,-0.3267274428542617,-1.1374926964644605,-1.5124498740287897,1.1537500760700585
5452,0.2192526506883972,0.15295543111232693,2.3105682982518276,-1.887895796229352
1901,1.9707195212842552,0.9052550791997532,-1.0327892835792907,0.5600294498042723
1975,0.6752309127346716,-1.7566467297284172,0.6181907448875857,1.0709017610638383
776,-0.10184642898458834,-1.459547001218085,0.5605972737178969,0.7844421892910457
4664,1.7013765918105113,-0.6864687845641247,1.139918437382812,-0.164946566978207
1786,0.47560708058316364,0.29009144261489483,1.1030635848156398,0.22996650580984712
6271,1.6693558299991558,1.055634427876503,1.055755297808535,0.7730074384614046
6101,0.6215841172698329,-0.8063418789689507,0.771361337704772,1.6785239951701199
6930,1.4430896870927035,1.1703601897203446,-0.9013683211735103,0.43732108887929083
5188,-1.017256642639799,-2.846884030592413,1.4165056537521752,-0.4527359639308411
5353,1.6230284203871916,1.2742237690083251,1.105234733444105,-0.8645183058412685
84,-2.4586017054021823,0.22458266457820825,-0.2592995467600244,-1.332330472460159
1665,-3.107605918186099,0.9059335435747154,0.7301907785000599,2.1235140174332843
3487,1.761764472972187,0.11494841679403363,1.1883216088625186,-0.4967725438480356
5184,2.764938703692534,-1.0316440808421923,0.9468903747214823,0.9819892154242494
2789,1.3477039861652833,1.777958877065146,-0.3917081449650104,-0.5996615477559964
4851,0.9506983321760867,2.245970081740121,-1.2277063505169994,-0.8509867233529302
2143,0.06570242740663818,2.358311620984655,-0.4458414082986802,1.3498231531513296
2199,0.2157555540545749,-0.6991741477451906,-1.297985589123334,-0.297889990993685
511,-0.692195446380597,2.4436578552453225,1.4493974973653851,-0.09558633613368869
3209,-1.7742463477765278,-1.0492770996292544,-0.4296012701506115,0.8360450028279688
731,-1.547851348458319,1.5342999386587872,-0.031354568882475266,-0.656886026383264
2220,-1.507410315885968,-1.1396734126295927,-1.2739409438133231,-0.4483687240056016
6160,4.604859082072678,-0.4720958119683302,0.14774288193198568,0.6336597724992681
4626,1.836496107899341,-0.31737251014217244,-1.645973317585524,0.6620738553751749
6197,3.259054436631008,-0.7810723339657311,-0.302007478451896,0.44911347222351017
4861,4.178634972508345,-0.4010543014519015,0.5990842416964621,-0.05002016592158478
5575,1.5235918471848342,-1.9034073093787691,0.3900710772199234,0.5344407027595794
2783,-0.4104692626282417,0.30175225664822397,-0.8679245307090714,0.19088931921176291
2002,-2.147670231334246,-0.7583008712502044,-1.8897168750374058,0.6401028204401861
5457,0.5954926058312633,-0.10465041616164442,1.5133880886751223,-0.3829581901803439
6798,-1.5915989185667054,1.3474440960527716,-0.33437325690763475,-1.2501345556357961
3666,-0.5208833577671804,-0.6804564267579829,-1.0005074520725707,-0.6883680601545653
6381,1.4282649746214586,-0.9183780349529062,-0.5949200005378605,-0.4985466357888749
4470,2.871014907562565,0.14991829896652312,0.8692771459072622,0.8406985911859737
1633,-3.851850346765059,-1.1001235291594589,1.6836908207903742,1.7092365012139892
6276,0.47429903810306295,-2.2824981396374335,-1.5548988648133122,0.5428357119416289
2757,-0.6725268635317859,-0.34395525578576847,-1.2134921727618762,0.6748884270598486
2859,-2.047686690416727,-1.1048415736311186,-0.27594434345249647,0.03099226315935746
1184,-0.8864238610837806,0.09247652646684754,1.2970756209662804,-1.2160859123495242
5810,1.5183501896704026,-0.33189565882090905,0.06001714893080358,-0.478949349364306
3122,-1.1252786087417854,0.47271915983437873,0.8620895090807631,-0.6520142101994673
3184,-0.5339283812110581,1.2587210521598478,0.34990623829127004,0.6512188843820323
2055,-3.3748635377866996,-1.6342826614844534,0.7727316362932504,1.554684145041035
5889,2.6498652320018783,1.9144341013992994,0.23565687544544334,0.854677018416703
4334,-0.2744782415523401,-0.38672158159373154,-0.4272840935581219,-0.5405839380472602
4083,1.980882296670905,0.21284835320228934,-0.22777211593003088,-0.23491445413346856
127,0.21372758244320378,2.5434656259525985,0.567221704337821,0.029976488549729105
4450,-1.471333104901834,1.5898238208766409,1.3907446969916986,0.04034214771193548
164,-3.639148668273846,0.02221097645868519,-0.8079240956409253,-0.04440575154993743
6631,-0.48254167836658657,1.5380864957723983,0.4672649210672148,1.243069087250463
1510,-2.2157165280944477,-1.9070140604365835,-1.3417996691810556,-0.4885487984887111
3199,-0.8731836322483136,0.7172252548186957,1.6721282171964318,0.054184865465235175
6850,0.48750090991501116,-1.0407684559958446,-0.9743921193217933,1.1196858069095015
1319,-1.7305317742166106,-0.7779704951506654,1.1415859668791473,-0.5700240089143946
5587,0.25533570896089874,-0.8391237548791135,-0.4503708700158182,0.035059087137964864
2540,0.5592164749982169,1.5301356025205144,0.48721124976764374,-0.1383943928328486
472,0.3918166425661353,0.6493254131464365,0.006254558887758791,-0.5903197906836851
1997,-0.8703098258722656,0.4981873933792532,0.5852817092896465,0.8735868458314034
18,-0.8093201912541352,1.018554413217261,-0.03782798455996477,-0.5588900454634422
3952,1.4490137094973181,0.9025891565412694,0.9240719162017309,-1.0686661375427464
2956,2.1193037144102225,-0.8690011076076244,-0.12703185411679951,-0.14050949586240097
2042,-2.5352656061869263,0.2687913840427735,0.7816890209529089,-1.746432973378739
5158,1.3603741345422653,-0.12632460328740983,-0.47652333199576585,-0.2655634307164604
2137,-1.7202764441991463,1.6945251688855711,0.651358829301215,-1.434015050709504
1025,-0.5648632223986174,0.5206668912725569,0.2389302187749222,-0.18036727136991343
97,-1.7882158101690522,-0.40570326877294716,-0.10745305594555489,1.4313599456034947
6968,-1.4091148939473719,-0.046420277660128066,-1.168558905679287,-0.3962438760574898
5935,2.073552814834238,0.5373835990301717,0.42065573723083627,-0.5826896429114694
3114,-1.6094707286769099,-1.0257692666070664,-0.22771369442362113,0.018922168934726175
5119,-1.1005445567136458,-0.8357992589452006,-0.5471858337460472,-1.5883873894328602
6110,1.3942652492948227,-0.11126125702046441,-0.9104462996823407,-1.0210330579660845
2835,0.27056633588314194,0.8264216885550136,-1.7308198197068148,0.7903311313417435
3161,-0.4399682859276425,0.24060843142285462,-0.09679001949837154,-1.4547845284581515
5940,0.9239096669691956,-1.819650840198956,-0.14956804194701903,0.6199662029202424
449,-2.4434880629398457,0.6964733130396172,0.16516751985751565,-1.3549783358768406
550,-2.469408756988654,-0.18864542446737123,2.039892151716866,-0.5280496920459596
6638,2.813966593418193,-1.2525160026515192,0.7887641572496447,-0.031214679252600897
4372,2.145459903740708,-1.8937890370688328,-0.9231867009774329,-0.48702278497629115
3744,1.0665199491854576,2.015293998354642,-0.5031883161446472,-0.4241670583188761
178,-1.110599849339014,1.1084392807156889,-0.6103611907799622,0.9588389287585993
4529,0.6883818013977925,-1.1268930717544643,1.9939056567888649,-0.43885943866928145
3654,1.0520149971990864,0.8609024307233859,0.996471236224815,-1.0397133986545712
1340,0.6159263695417252,0.5754421622691963,-0.632731449787065,-1.0049063774532907
6801,0.7327572822034898,-1.207994158557392,1.4869129009220272,1.9074428132141443
3548,0.7057763732683306,-0.0361516423606187,-0.3102618740508259,0.07186449429051207
5775,-2.0504152343977724,-0.14035216079742494,0.6484458776886971,-0.05562538339399336
3520,0.23382462771076626,0.363336974405753,1.0100928858002989,-0.8107860364139691
1591,-0.3149441072287206,-0.709294819591223,-1.4828174548136859,-0.08203297885870818
5739,0.5391732738932228,1.2433945607486798,0.4989660119322069,-0.9476648425782749
1516,-0.10679683758938904,0.46945113493910856,0.2784115400114795,0.1333232573127967
741,-0.5355280588061743,-0.573995126638116,-0.8636348373019496,2.0909257284864795
4963,-1.4657042834292002,-2.3925868781968016,1.2528855770390275,0.03958054263890271
1769,-1.1051023325392715,0.08610377327567292,0.45254271587689093,-1.7646133327590299
6481,-2.2911952237745874,-0.9024205803428405,1.1735676794867458,-0.8173514050622662
483,-1.5854024021694615,-0.6680127522190022,-0.24563661302970313,1.0098575081472814
6561,2.6782697822602453,0.32558583723839496,-0.4823114142038591,0.04917747029622629
2810,-0.09416059292337842,-0.6452862034170807,-0.14837689510646743,0.04645810027971197
2021,-2.0223833966414864,0.372263210033522,-0.1222574808039982,0.4082118377714875
6926,2.6249027567722254,1.9999044964912456,-0.8997713573825581,0.07158897838418327
1910,-2.4457525129914037,-1.0476052815787937,-0.7809301233273391,0.1640859486494197
2485,-0.30586394718863674,0.34836312999417296,-0.3764350892168012,0.16062641703476588
6240,0.8557897492565929,-0.8231887759715645,0.47655473862309966,-0.6099868096787039
780,-0.6679648083435054,2.9641859371872457,-0.22301218267237974,-0.41079897495048884
4644,0.3959440013803189,-1.5847163670293427,0.42815124972532714,-0.6243010483915424
6059,1.090853346777502,1.05222032395613,2.1202954596667563,-0.8149540794558631
77,-2.23315686986972,-0.9447435289953094,0.7927248041584377,-1.7177075377537012
4878,0.43067401217289475,0.8989398891573522,-1.718838279372645,-0.3279189156677974
1889,0.2651024836671415,0.18132424140286776,0.5005631153763389,1.8911521072426032
5103,-2.282411939159425,-0.3646882470512569,1.0548997106016875,-2.1622682870401455
6903,0.15764308660178208,-1.6734123946300006,-0.10051292679990757,-0.029433081278785193
6455,0.5547974576740045,0.9585824797600486,1.039896896646988,0.45323418634816515
673,-1.1064640160759605,-1.4094142985659381,-0.024195683545460936,-1.0477218929091787
2203,-3.26517084447888,-0.4085941856843661,0.029707901512241987,0.3332262718754452
4782,1.597705621854855,-1.9182981529877008,-0.6954265091852178,0.4524013374712183
4971,2.3596443539365626,-2.3630568306480026,-0.8283641390951356,-1.5995430948614842
458,0.2446617335469269,2.0406741826796693,-1.7352985218138397,-1.1248779250501932
2865,-1.7403224847882908,-1.2057524320053614,-2.199917925775574,-0.4661311354555498
6085,-3.755949363419629,-1.4006914415278267,1.2564815482816603,-0.17524567742111702
6006,1.1371241596395447,-1.0376491533751195,-0.29192672801613767,-1.0142014837913746
5363,0.24543307545462661,-0.25151641969599436,0.960039974301957,-0.2655195749819049
752,-0.3655067548271824,1.026310544096421,1.271445895815493,0.854674771362863
121,-1.7408229369174875,1.9732198398878595,0.44384973674090394,-1.9116515623567887
3637,1.1509952738774147,0.6878315699926901,-2.256944483415937,-0.9710574000329574
699,-0.16333953788487746,-0.8755356783404836,-0.8371808586552881,-0.7377932751226858
2924,-2.367898974340435,-0.07640715277309684,-0.10206549133080936,0.02609361961743837
6208,1.8694219681645399,0.4682246051546076,0.2770892380368906,-0.6923848984975988
1492,-1.1318600935145844,-1.852591811138754,-2.2729730538439563,0.7873110940976793
6911,0.6515468977292725,-1.2981144422389115,-0.15593315039718708,-1.0711475692433383
5540,2.250650056872323,-0.6541534336040117,-1.1927410834348404,-1.4445192466101102
1948,-2.995111246455574,-1.16618901790574,-0.30586791362820964,-0.5840681412043479
2086,-2.0510289323489954,2.4319406401982695,1.594130804179674,0.8316398662275966
3365,-0.4411590993803722,1.0429778410682615,-0.9490502892086884,0.3818135838905258
31,-0.6337333816814116,-0.1543651790669001,-0.20622979958830692,0.2877532929713436
2154,-2.1836979820738898,-0.7668967012706189,-0.7909585754871903,0.9598820341202507
5846,3.354258207736077,-2.0662503188411216,2.094888680866613,0.28447274133187533
6167,-0.6340623707120285,1.3003714782126101,2.4031141146209847,-0.9633854791936384
2758,-2.5695233942464064,-0.08310450799563314,-0.9694250727189329,-2.11720215763034
69,-0.05348975937520197,0.26905056080421835,0.808420120721317,-0.41007856981719837
1449,-2.4892608862862944,-0.9376034932043638,-0.06078723827100156,0.44344572685914757
5215,1.6565272316192066,0.14034356213153332,-0.8310119392083718,0.5151875836747137
6777,1.8822532129689198,-1.9011243803306277,0.47212767695572555,0.8706951600109073
3175,-1.390084993682518,-0.9834748624217264,-1.544665907447737,0.7190867150320223
3627,-0.31628360635840974,-1.130604521232366,3.9361518473369532,-0.2091449154307609
3877,2.672697744765554,0.7417833346445705,0.6034738970468463,-0.06543399479189359
5286,-0.05634523516903699,-1.1397523371180058,0.18359426624434236,0.7028479638844214
3959,-2.7162858911606413,0.6545783277414885,0.1483631471570755,-0.5431822568975015
6643,1.9591322492599232,0.18868771456011446,-0.8130494674792338,-0.6049072790633114
3221,-2.247461662487762,0.4523248848837486,0.7535465608471644,-0.9934108192688862
3146,-1.9296968462237594,-0.17442368469556346,1.0769838903583293,-0.29638954214848157
1531,0.4616442118481773,-0.4368679491525358,-0.8749668393217005,0.8490715706398382
4501,3.278855954514296,0.36836912477035183,0.22645753006957667,-0.11276261923614267
5338,-1.2378528836309117,-0.20512145039337176,0.5897670805210747,0.6412631697571507
2432,0.29293354173665215,0.00035827335876154303,0.23250749630785036,0.2033705252729629
4361,1.2892298365818997,-0.9287241100282118,-0.4415858331606894,-0.9503794437427773
3574,2.372582979798452,1.1898182254408993,-0.48504471620935014,-1.0296218876945697
5554,2.863328836462346,1.2811772694207917,0.19527229916705968,0.3870775479223104
3182,0.4702790792213008,-0.7138272560219616,-1.6952557383468776,-0.001839620497923653
1912,-2.9494995640683808,-0.5499909488541314,1.1366437517749146,-2.2100598303188326
504,-1.9258000609135777,0.12638183100839792,-0.0027233470325314637,1.234638250726985
339,-1.0685183218509637,-1.8623268554101635,0.8111006894843593,-0.24439766741151786
4910,-1.1401140765316722,-1.0572139070984345,-0.17138832175515634,-0.6269194870132891
3580,-0.27359773990662234,-0.6881137565196516,0.22494994909886734,-0.9739567582966763
6552,4.709254689959643,0.9942492688643528,0.3572046702474262,0.8880107809124687
798,-0.34472348333224606,0.8014408038494848,-1.4631067245104514,-0.8651517666356743
5026,-0.21025050109607077,-0.16350867707992467,1.0393148681333086,0.07833040168980018
6443,0.21161255264739204,-0.7197295718466186,-0.24865955302242176,-1.0439680920482526
4840,2.1770742812762585,-0.9932816039755415,2.477396594125765,0.9463517405107758
5074,-0.4996610965168428,0.9632175736925277,2.523837791460319,-1.7771226919865848
6562,1.114894589804816,-0.641583245492027,0.6131643668884169,-0.6930146553259696
6733,-0.028471303381996996,0.41259322135208965,-0.3805235705269539,0.9100296416842175
61,-2.0836102544575557,-0.5750304736648164,-0.5027642513627388,-1.2054280392520844
1775,-1.8076603858556635,-1.4265099122603688,-0.08268858714951853,-1.082311494782682
5698,1.4377947700598637,0.9227315043163057,-1.0561866506560886,0.03308159036013425
2845,-2.0075998707642544,2.101279315282229,-1.391126876388274,0.051198483384047505
6910,0.45912757940979604,0.9088276867451396,2.124678185696289,-1.469573250409345
2460,-1.8789571062331403,1.8068020396233058,1.170136314167177,-3.0175105138660734
6948,-0.343237695036029,1.8344091276532024,0.3919788493834321,-0.44459353433500937
4237,4.961519752835421,0.9234142194192011,0.7567786811026614,-0.7818104770473059
6748,4.743709382631425,-1.6644686181264998,-0.4301464668527593,-0.4521140887007794
1567,-1.2077871435927938,-0.32564128228505596,0.5926303944430233,1.9136977727949425
4289,2.734409050086193,0.6367366185909072,1.3875730687877612,-0.6101621551177863
4742,2.0074639194999317,1.6153679129874916,0.6208841618709786,-2.600187127516186
6177,-0.07191427526286004,0.8333265796136916,0.27585870062054135,2.753327755908602
4456,1.9628042057629196,-3.0402728847849287,-0.5685923005900259,0.5465240371419565
2848,-3.787671599934025,-0.6257603053461199,1.0374609617114223,0.605988596687898
1689,-2.88688237976086,-2.454124761529873,-0.6082740410611934,-1.0633885109109662
4153,1.9315270691785416,0.45614062766014046,-0.5460991326839377,2.6780714503363967
2986,-0.1300124546695131,0.27752908431693996,0.2726582819754173,1.0236224914647623
2419,-0.9409211493696119,-1.6441984978506339,0.7216990923145832,0.06419057929788934
4454,1.891257777046265,0.36058853415621034,0.30596715000692976,-1.2132400730072626
6613,1.9648729716543565,-1.4738057931226156,1.0517554771086897,1.9168049036064922
1568,-1.706675023906997,0.9118005726333442,-0.4424953099109864,1.1733085831587058
3965,0.9147853944360974,0.1498956165772647,-0.6110090551045877,-0.8844120928179432
6212,3.32709509905351,0.3678964876778289,-1.1147532026798563,0.549957968016095
2339,1.0902952574124871,-0.4252283451455026,0.40695480796954275,0.004262490250607327
2094,-1.2086077825491526,-1.1232068674275795,0.293602426118169,0.40781047985109353
5019,2.24987863564723,-1.832466870864271,0.6812759874593679,-1.5131976400832703
2041,-1.4446533662788343,1.077472096113023,0.4067032086813252,1.2404403095130938
4373,2.715603340324123,-1.123920485300786,-0.619749458099012,0.4885023431109108
2200,-1.65279377755439,0.34310277948105306,2.0612656235984215,1.500208246326024
6935,0.3780969613635287,1.7027677752342654,-1.351897711955684,-0.29094493575795377
2272,-0.26919568145863365,-0.7218258360314547,-1.4005277955631223,-0.7482241309280864
381,-0.9253484358542988,-0.42634454036488056,-1.409780024351707,-0.4127720388224145
3864,1.7071520520226027,-1.243383599082651,0.697542980329902,-0.07652832328247217
2412,-0.19408993539970304,-0.2786284322393443,-0.23995765984070205,1.1563552537156576
5547,1.9713725584858421,-1.8384427290577758,-0.9418921250323413,-0.3876644821106635
3912,2.9184474831706333,-1.3776205688174323,0.9998928181038593,-1.3305285652547838
1390,-2.0686019283536945,0.06322965136175206,0.5768074878224576,-0.7464545772646151
5120,1.2073569537784097,-0.32425164826073777,-1.254960585020316,-0.7590628070688786
6681,1.7240939721051418,-0.7381343086546316,1.1216123103760445,0.37752417302830504
3914,0.9406322067318235,-0.4861354214264534,-1.3533146119186166,-1.5845625195237005
1952,-0.6051319413190478,-1.1178744378488819,0.7883785969668855,-0.37795638187929403
4162,-2.531761432280964,-1.9153996181252102,-0.042745395299948766,0.2525360076423617
5151,-2.013651407040286,1.222232518989919,1.0208012752865305,-0.0021732857305203548
2915,-1.711266160965286,-0.10853784237167784,-0.9690708232886127,-1.4197683294911545
5835,1.487404001870948,-1.1823313525084282,-0.16607202987297898,-0.7095914571665498
6172,0.5153838853223568,1.2114951129765674,0.6319623107256876,-1.5064931219862467
2342,-3.119952587960227,0.39549128407513623,-0.28322414851967453,0.21351791954133162
4209,0.694473589292384,-1.4080999055066867,0.37610670412287167,1.4176221626380756
245,-0.4860398664590535,-0.14600106609521601,0.3556575716634666,0.8673490835475761
1439,0.4674540851640975,1.5632513505329497,-2.3412249043208613,-1.4145726225227753
1022,1.2363462000199303,-1.264866113168634,-0.43267797303772665,0.3271026305479521
3233,-1.6996592721362398,-0.1868117280684664,0.5254649375926084,-0.5192702544045944
5076,1.3034290714662289,0.6387689440508414,-0.045730140204300315,-0.569639766716884
411,-2.038703254783934,0.5620222337712464,2.763233068239414,0.8330339807357695
2261,-1.8595293716391121,1.1114224753408528,0.97668497893283,-1.243531303856283
1062,-0.5152311307533834,0.6840232501169736,1.4262766868030827,-1.5515230129760202
4212,1.688833979761335,-0.9282361317653113,-0.12582786319225253,0.9559251032026322
6868,0.2589709223370645,-2.942392838310521,-0.5418360022825663,0.5017874249814537
6634,0.6034668046175649,1.020519291393179,-0.6597781719429114,1.0348113331073159
4343,-0.15187351442383706,-2.350019017149509,2.4939577540943456,1.2572453471316405
3561,1.0091820728746763,-0.22231120006661106,0.33016500407720933,-0.16713200372578257
665,-2.4867024266135225,-1.7551286806563715,-0.8544871568148573,0.9339231753383797
6909,1.5139222628376232,-1.6675696008866958,-0.7841334654061618,1.6465057664377725
6511,-0.01581917055212854,0.09185886367024501,1.5978187777089323,0.38461906126799034
4188,1.7809707364862608,0.558278635515602,-0.1580388208152803,0.711839383767127
6919,1.8841598535070667,0.2555110214547678,0.47730199507223553,0.830893170924427
114,-0.7110809166090366,-0.3438677814155009,0.40183680529227755,-0.5562038355485839
3989,1.0756627598203778,-0.14772786565592572,3.21400626249634,-0.8687452651102954
5472,1.1451804951423163,-0.9386052478711582,1.964062775446023,-1.053774918864104
2302,1.0818460224575166,0.6074963181063057,-0.6066812849199443,0.3228199968931992
2477,-3.7962472546842543,-0.45027208648485795,-0.6981834358966891,3.255470958183625
3250,-1.389789318418255,2.0243520369435686,-0.47906164431456777,-1.452560403105657
118,0.06479128212925857,0.9610028102283682,0.3779098934468013,0.13392507006546456
1981,-1.9417243141792122,0.45447840309815585,0.7115831056677038,-0.9854921171799786
2180,-0.03734757858386753,0.04359257201840225,-0.8690903568222567,0.9677192101076802
162,-0.6483660041593298,-0.5406581158009333,-1.641882568616409,0.8250394516713061
263,-2.4756536735252306,-2.4201746522929315,-1.7399890355287917,-0.8768905302701807
5690,-0.15529406633877724,-0.1988615530770277,-0.17631428471991528,-0.4832669082478411
5409,0.9074423990033006,0.36111332055125117,0.44633741986848074,2.173962085880145
4342,0.2931746244074692,-1.017199550328668,-0.714568335144575,-1.4030356668653512
775,-0.6747454827111826,1.6819804579499746,-0.3030458828952807,1.6707319818326811
4871,2.939764005771765,0.9802678823287769,1.040650705130226,0.03539762082403914
4648,2.782031824257514,0.39875523993581785,0.8316742971436522,-0.11335300641930132
5209,-0.314610123271162,-0.8778159656871516,1.6962640262700872,-0.9828227851572202
6357,1.554421066081395,2.235826610039484,-0.36298056937112144,0.84297416389746
4676,2.4194480798120503,0.43729300062974985,0.26579931822974,-0.12248494405761068
4940,1.327493188232988,0.5565955448228078,1.0405406340025851,-1.2728083236256904
5556,1.8585515937391037,0.5000132683060451,0.649414813386014,-0.5042983981748812
4473,2.941692185725999,0.9578052020531751,0.5339359857673547,0.8273395027066303
651,-1.7949669546545042,1.57663758827767,0.7484824926351763,-0.8242480156799902
3723,-3.7968450051267246,-1.3043395722007411,0.41515177355796307,-0.04643064041595651
6324,0.3578693348613923,1.7375487087243553,0.2674625790241473,0.05324452756990615
1170,-2.404979596502394,-0.9734879882099422,-0.7311797305068314,0.8959498980121665
6447,3.3725418037266315,-0.40361640286958117,0.3626233969057862,1.150167900402938
3011,-0.297408350182358,-0.5660816644329246,-0.2913437469544678,1.8277551607664264
6931,-0.8124446922047387,-2.035400107820275,-0.8018148555543732,1.2257374213038073
3874,-0.3041392706461614,0.39748760449216464,-0.754634947442033,-0.0018022007642176918
6924,1.8676752931173142,-1.6514545205473206,-1.8907495686746878,0.628581571131967
1368,1.0284802544468894,0.9692465645875712,-0.5177647620758378,1.4995884388294456
897,-1.5782288791851162,0.067032172530352,-1.1663816096315935,-0.5659490122532368
928,-1.5477301588688435,-0.996908152929234,0.8777666390154211,-0.8879621853763002
4772,-0.009095469542788049,1.6186551013832895,0.434309857884323,-0.15568862141116055
14,-0.5471367722827066,0.4911889922529356,-0.9372405964465826,-0.41215903481851573
2548,-0.7188034093250837,-0.028361020606770773,-0.573226832567018,-0.49378276302195206
967,-2.5992864059367595,-0.43098028484221435,-1.0347058064119572,-0.6676927287702907
1106,-0.3442181837061813,-0.10286037212481107,-0.20830154347044694,0.6193295322179431
6866,-0.8152115378489462,-0.3019310207064592,2.5736228080713657,1.0332793418562645
4336,1.1619721606465048,0.12279348503741785,0.4097855046286565,0.05935862620343414
3968,-0.9531956169693593,-0.924545147937507,1.3733440288918184,2.4548321314419614
1254,-2.154190430205381,0.6867591960061384,0.9745562037583784,0.7157295245068298
2648,-1.7841346228267947,1.7310155035981545,-0.03951809553855261,-0.7553984336253224
2923,-0.5052270607148526,-0.32086748141392346,1.007935568047876,-1.895737661569412
6032,1.4476460644321778,-1.484044128564254,-0.5572112052503232,0.949016130441187
4780,-0.7411599147661929,0.2103697220059896,-0.3321511043331558,0.29362000562735996
4264,2.7167151153841025,-0.4163203954387738,-0.8533028112528491,0.6999275818007857
6934,1.8993744130948382,-2.750328037013527,1.4165000247952604,0.4933324947619535
1639,-1.1211328099340785,0.1647704742250616,-1.3352309373860607,0.24989485648798454
1133,-1.2569873494744892,2.0460432318259274,-1.0882565387463312,-1.043309255580352
6539,0.7910855580626406,-0.4297538861074878,0.4160952370165809,-0.9981603184323149
3519,-1.6296153002315052,-1.323532566685808,1.8044310017402196,-0.9273494677859134
1878,-0.740497926918714,-0.9500722372353684,0.9506512431333584,2.1395460678602882
5811,0.7374973015758403,-0.19746783552485606,0.0963098021956946,-0.8636250767878318
271,-1.4781584891172637,-1.0571421760069295,0.14002828342863502,0.38273751261178546
1473,-0.2555316964701995,0.6486579439299507,-0.7002487008354581,-0.5013455678078732
5349,1.782377937322985,-0.1379560787386463,0.800715514464882,0.7390995651238482
1547,-3.6643632850471195,-0.37276606519662847,0.29078390930781456,-1.3357790179331235
4310,0.08709285166519641,-0.5800197280714618,2.5608876557251006,-0.7992344178767666
6519,1.697072457107803,-2.417121617781339,0.6441324480053873,0.46588570909986043
4440,0.38182313803532575,-0.17910237557043332,0.5856024212937435,0.38449182052821324
838,-0.44357400214665815,0.4127009788108392,-0.9913273325631716,0.02863466876508443
5711,-0.9090115199445264,0.008813853121081301,1.3379292430522447,0.29706640422061614
2195,-2.31730465254406,-1.6754779888213716,-0.6353388867308665,-1.413087784929414
1835,-0.34820041523062334,0.537501080336582,0.5532387563477618,0.3625895773045653
4891,0.2452134652762186,-1.7723110110748377,1.033502547342056,-0.2662834533426039
412,-1.7517478740525674,0.48735058388864416,0.2021622054657802,1.8653512964887315
1712,-2.1913825956924975,-0.26640018694171486,0.42969193300028824,0.6218433842296033
4438,1.4120729950146842,-0.46227187831845734,0.9283009071834478,1.1292247148148689
5043,1.8197324439885219,-2.0848797460683,-1.000320816446726,0.7689380561970225
2795,-2.4834217296186485,-0.7867566039971048,0.012496394624167595,-2.0106945277492927
2221,-2.933420584165951,-0.3508131597909123,1.5734346890408721,0.5226824607776751
5853,0.23726040120037076,1.0415853648240323,-0.8164362449805852,-1.0711180244661258
377,-2.554057496523013,-0.8626799976778649,-0.9328176295330558,0.7942400565652101
1491,-2.301245762375888,0.564109447840233,0.20615813165925068,0.4165396371833079
738,1.3603553944493403,-0.21625288443791416,0.8918008400232487,1.0524055988791825
3377,1.6022863925390125,1.8785969418216306,0.7824455352302488,-0.04453100942314438
3615,0.37493765782765565,-2.9118028031746506,-0.15642560731678753,0.15659892354994734
6446,-0.13454885887013984,1.8750077606406792,2.076909157272854,0.585847658960082
52,0.4557604465350125,0.05692957172388688,-0.4851343002331788,-0.5871394853217271
4114,-1.788410522689967,-1.181630514612334,0.6525597057242428,-0.45189852329971686
5405,2.052985019815387,-1.3356991908411582,-1.1550331891105436,0.5822104674565373
2269,-1.287232297669784,-0.4226454740163718,-0.8834406359909377,1.8166189131859571
5094,2.558334916878541,-1.242063573384881,0.1843738881595039,-1.258083458653841
3094,-0.8122654198548396,1.6395997258815938,-0.1336366471403866,-1.8608983675313036
1389,0.49328928630521024,0.12251638688300238,-1.7006732365938284,0.6651951685613402
3188,0.10263088636672452,-0.5912411620389045,-2.3532032759394492,-0.7437094495808247
3478,-3.219600479069513,-0.7166638642226913,-0.6670423117000064,2.2425654705697693
3433,-2.3613139893038664,-1.5879836219268066,-0.25995944973676005,1.0546007637997876
4191,1.6986149537646147,-0.5752978392024594,-0.6532726858746714,0.09953666701278217
5595,-0.411111839266891,0.9136673934589554,0.3276536998577726,0.8466274202600174
2309,-1.3273684115666047,0.37494597151356535,0.2374358974462242,-0.4532625563490626
3222,-2.1716149059419556,1.960988792365386,-0.6964274445943999,0.19789864213735325
2590,-1.7291921032265942,-0.8544506946943237,-1.2237702186315405,-0.7267213471529281
1632,1.5628021115749573,-0.11674262549887163,-1.7555162338846801,-0.9914760208161248
4275,2.212814363917095,-1.2435501444394081,1.1696071166547364,0.30265661507571917
3174,-2.13014155886501,-0.5547071537518988,-0.4193562059792852,-1.6992419122337499
5694,0.7954430270016614,0.23677545144745232,-0.31294333237214683,0.03846040006585793
4812,0.5514678970676811,-0.5740730017184443,0.8992403338870973,0.7477629852609649
2976,-1.801594095720797,0.4323148675722262,0.7235622277948621,0.05942404743992729
4280,1.6453727120338721,-0.5138102526993727,0.9813185002904211,-0.5017611424535915
467,-1.2987880250013446,0.26654762913904606,-0.487837893092951,-0.6413420775457895
6680,2.557128864097911,-1.1633847601523037,0.6385643574891493,1.0181103857690674
903,0.23214555261944678,0.38605078709568885,-0.06744776450055426,0.4646757194522516
6648,2.230835552673017,0.38186178254340214,-0.4846479153912421,0.8518667218121398
71,-2.269862280512281,1.4419456508177362,2.1018840021221297,-1.3341337875478605
3217,-1.0617581311741062,0.21571627222089845,-0.2741176160653295,-1.9014037238252424
6493,-0.027003504759448054,-1.0236331544118469,1.3129992055995756,-0.8368939021058297
1898,-2.9202139699417784,-1.692185051390572,0.4933326237851068,2.937211183656942
5052,0.8067465802169199,0.14734434551721234,0.24226670657758448,1.0643028767489655
3995,-0.35138988866443416,0.7443247177545806,0.6099661306771249,0.6300935785959155
6413,-0.7609788710346924,-2.5278505476712225,1.7695518287615803,0.3648569847706486
1207,0.20679255356391668,2.297779104701635,-1.4232556064833781,-0.6137673984340011
2077,0.4221339542873669,-0.2015898250186727,-1.627971531246962,-0.9671404517020612
1590,-2.290734715113168,-0.19629653619208587,-1.7567360197523423,1.03246458797556
2844,0.5079863000276272,0.3112635300552659,-0.7022794529945257,-0.4446906022504126
5159,1.4884109830567767,-0.9524548805723819,-0.39946141428187265,-1.5192807098789878
5624,0.1094816718444703,1.7002641990063496,-0.9595555144262582,-0.629833061193943
2205,-3.1605712223105664,-0.8380492045712401,-0.8370083216550318,2.649633377455585
2980,-1.2379702522617833,0.3588632798935637,-0.4898841834613811,1.0407434489538905
658,-2.341492195834631,0.72501796683953,0.073028501992183,0.2613908704237109
63,-0.8703095751090737,-1.3970975708286952,-1.574686174777971,-1.5449521016489007
1838,-2.065502040825931,-1.5098812176541725,0.22412683632057886,1.157221274149852
4000,0.32057936557947003,-2.08284381370428,-0.11081520548499799,-1.067265722472802
5172,2.58318500484263,0.2482044248610386,1.6517912370679937,-1.1218654049211016
3036,-0.09661196272805624,1.547848887632498,-0.6149745801421637,-0.31147734470211014
454,-1.0234751234561765,0.3207292764038336,1.0138063885673625,-0.6096516107055572
5479,4.4249154250465645,-0.5010611319906608,0.7447811639859389,-0.08523691473683051
402,-1.299223559802019,-1.3754545947699848,-0.36719124124012786,2.3080791940057432
5085,2.6175619043913625,-2.1831009428289914,0.0635870929342766,0.37048599573840746
5541,2.4586519429396727,0.08598146619449695,-0.3259207897127423,0.4324800725395178
1472,-2.567146684441305,0.769393103527362,0.2273552857759954,-0.39708064327031417
677,0.06488355489072196,1.1751930785291318,-2.2559801397055064,-0.6764733744518222
3356,-0.1866916969628835,0.3354344388614789,-0.012164802767067176,-0.2786266813385788
1616,0.4745413349730744,1.2845225574236987,-1.1111717471343234,0.242646537648793
1251,-0.9758087730118381,-0.020322695326525555,-0.8789982330233244,-0.010850057687815436
1983,-0.028868851390486866,-0.14799125103282035,-2.9004059773960233,0.126548057932407
3425,-2.502643410890945,-2.0288374820238193,0.37611262278810764,0.6802054962450755
4918,1.6826846646052795,1.395362785705843,-0.6998713254596506,0.6219629760054579
5059,2.9499383316577883,-1.638044210671149,1.4132862275089249,0.32974088157365433
3843,0.20110609816022512,-0.280824476657597,-1.1888435172209457,-0.7847270901932584
4931,0.3729621836355548,-1.8963624517329332,-0.23996688064188804,0.4332697194554923
1033,-1.4912346242423373,0.6356119029718413,0.9482071084764069,-0.9293209380419966
174,-0.5829521913737523,2.1642988411135033,0.4218637551291243,-0.2937721779134715
939,0.014710492255612193,-0.09102360939827622,-2.1514522419267963,-2.0332751469281547
3102,-1.6392304845021755,-1.5789597504816604,1.3927819732787894,-2.224296663476665
4787,0.8089743799808915,0.23729540524540257,0.1131189674316357,-1.8687835997489428
2587,-1.3288595091719082,0.4165774861849423,-0.6807392105687082,0.6133547951614171
334,1.0899257031878453,-1.3190574174030902,-1.6823788814262903,0.710418919863998
873,-1.8332800100305853,-0.4722415077653424,2.72092301498094,-1.532418161675797
2853,1.433953981027379,0.46397840850183836,-0.256860779084927,0.9283259997294779
1486,-0.21436484211615173,1.5009119653964058,-1.6658364952410751,-0.7834651087894468
6151,0.16592931856794416,0.7555323560740493,-0.2593338124571646,-0.2901905393306133
4293,1.946028518019124,0.08893058974230732,0.7462719112351254,-0.6964262372866573
296,-2.8481757190244212,0.5290778777136749,0.8687232450105996,0.727184693948127
6799,1.5817543643686232,0.5624848601726616,-0.7823446754941314,-0.4704628342606441
6703,-1.780729408982378,-0.6472209170819906,0.48923318619980577,-0.22585237654745635
5626,-1.2032055762371547,-1.828613405429656,1.1420694290423192,1.9301159515714534
3845,-0.9866313772470477,-2.074630112052364,1.3666254977427383,0.7703911413891852
5841,1.2162751475403364,-0.6109116595226494,0.9958790132274177,1.9138829164696372
4218,0.6689525140361885,1.9129566152552893,1.2437193564047118,-0.9491741419114844
3760,2.6787375733947063,-0.0033324436614307323,0.4359361959225934,-0.2010726401352866
378,-2.214081281054743,-0.9211934586956935,0.18636386017442935,-0.1067021188185899
3110,-1.4891253675335028,0.07680186768465527,1.256379084926994,-1.0117747924371123
2770,-0.7802755518662815,-2.8419382913648126,-1.3000534425152577,0.6072922123667269
3918,0.4865161215472542,1.6108053015797203,-1.8890280466361908,-0.05686345704992028
4138,0.7080708185990303,-0.7173877951758305,0.9059487393813794,-0.8046804848599797
2210,-1.7396075425555233,0.22742407697376202,-0.5974962581900949,-2.3435409364785116
2172,-1.1031172033118628,-0.2794680743456132,-0.15696895189168902,-1.2050911819526096
2599,-2.480277690683405,-0.06478567320420561,-1.6989980269017222,1.9877586212741039
2052,-0.7411388668193966,-0.9420096069465332,2.2110344867789204,0.41897587461314695
915,-0.5887867496722814,1.0147697814249725,0.8343807016183374,-2.103934575188391
5967,0.11312937699028217,-1.417945823228948,0.1386661357173687,-0.29915353209792483
6943,2.482881256730594,-0.801791153528668,0.9001871954909594,-0.3810121379039211
6698,-0.035836759786486566,-0.8428481508966077,-0.1982477802425597,-1.6093879148595616
4707,2.8804088265129866,1.3643577113639198,0.8316420085750659,1.9780065547318695
5867,0.27635212455424985,-1.7784097764676257,-2.489110334599569,-0.7355714142687417
2335,-1.0887639924487655,1.9201514516664833,-1.6399451768654072,-1.75371118251501
3820,3.118698223244889,0.31694769233717496,1.6067204856477122,-1.7759048341493722
956,-1.5919288983098623,1.2584288856823862,0.6220850685826925,0.7040645237934469
5728,1.7548583148514045,-0.09515924856799504,-0.5957798637935106,1.3505797220887394
1887,0.3793163603930998,0.9313387042142041,2.1838058555603204,-1.0606504890387043
6991,1.445981565325756,-0.3899436672181473,1.3201108522305187,-1.4159582116348441
3717,2.713005963367135,-1.3966718343042988,-0.6941898940794045,0.3367956936567347
4027,-1.064463494093409,-0.7283766607326279,2.2264521368839385,0.08334396143651009
1182,0.03884468944689217,-0.3310618289302946,-0.10243060362141321,1.4623494315345333
6982,0.15189020423977057,-0.8156261185984509,-0.8300202381094323,-0.14736904707274825
5004,2.2392854337662538,1.4849993403882005,0.5831488979490236,-0.022219004114524994
4602,2.5172958634213103,0.5467029646231748,1.9193756799989417,1.309968379946412
4452,-0.08193242386183353,2.1252836153723442,-0.5836991735121692,1.9505097345120346
1423,-0.34699466900125375,-0.4920646691858521,0.3709269876815657,-0.7255005706967261
6970,1.3055910998722828,1.6837543876509355,0.6984101952884806,0.6219388748530226
2400,-0.5811040895058033,0.03355999397225752,-0.1183941240821866,-0.16738203636633653
2892,0.2682036785399124,0.6349245982884109,-1.3391731179366808,-0.5107964667643049
5250,0.7489551229768306,1.0232232946302249,0.8540761048953448,0.0035189280497286207
3596,-2.6134914342150157,1.0313113496308284,1.2637162320492408,1.1441937487239522
1722,-1.4641372378982396,-0.1966008645888357,0.5469848769205455,1.4353785152414267
1667,-0.48517885814902645,0.5770198823241456,-0.46610558429903026,1.6215849628616998
2884,-0.9098820190994911,-0.14746750313833065,-0.8795334352387877,-2.0725532070302894
2994,-3.5297126140730004,-1.3351555711445824,1.2590644905836255,-0.948667334885657
4763,-0.25875081400106786,-0.7037002172796823,-1.2325100787176988,1.1083816805392783
886,-1.674792525769255,-0.7951381001986401,-0.09031970166280788,-0.6621869650396616
4056,0.9638624229393898,0.10812135819966771,-0.2767685827165687,0.2104649791803034
5380,0.8826675176650148,-0.14305922919531502,2.1975449898699932,0.3778265995122152
6693,1.125143784944722,-0.04342551623955811,-0.07304307125076763,-1.8110379536570664
333,-0.603677708220582,1.7603605737389754,0.5349490364468772,1.1812334071757447
153,-0.5905293086969501,2.0501762221841267,0.6462609809621332,-1.287871314868927
5516,0.24440798114958295,-0.44655414226127,1.6709875913329835,1.0855858527644522
5936,-0.5416722697923978,1.1978454943095764,1.7487193361121156,-0.8473997141761273
721,-0.34887098649563164,0.8205964195603895,2.033144184776648,-1.1338769401536626
373,0.9944747641759216,0.4176480254946394,-0.20314109449458045,1.482558041326171
312,-1.5080543963472737,0.6989129183581276,-0.06677939583667518,-0.9089381948884907
1849,-1.6432733290513664,0.7421736999288677,0.2417499695824993,0.77131800997374
1622,2.8942659846029652,1.381582463309025,-0.007269629850433046,0.2973435989798682
42,-0.8720781089073762,2.2630780220330937,0.37169463005890907,-0.16669514919413964
2693,-4.1852640488036625,-1.6988933530562442,0.2852445756211194,0.9386781671140572
5067,3.1928288244264884,-0.36307142547947824,1.7160474063667135,-0.29852237707511636
6967,3.385538903435092,1.4588308750068075,-0.4474021567173972,-0.2717065416879796
4618,3.4648002315044057,0.18488526742747818,-0.3295851464460037,-0.6666495744316931
417,-2.008440015157852,-1.3536184283750523,-0.8322119068346479,-0.10007818099168213
4858,-0.8246946655226484,-1.734698712525992,-1.3819427213541569,-0.16247491622344223
4753,-1.5289469208639794,-1.1060354444660483,0.48128052069752053,-1.3106937665480363
6860,0.6509567748749172,-1.5616718374003917,0.08210493006081207,-0.460672746734453
6523,3.855537149453649,0.30891459543665867,-0.07137196555286394,-0.2087984135739282
704,-2.6941660152475806,0.642936108644894,2.0953028023458486,0.9985618610554648
732,-1.2316351718786134,-0.33607436953810305,-2.069023446004484,-1.9028768496336326
6684,2.2999832047447213,0.4335392061299015,-1.096371884379514,0.5624958341519509
944,0.594920502226812,0.7704947084507495,-0.5600703799695085,0.785295882327805
6312,0.6764946608487492,0.3444318716485429,1.6765070216493672,1.0214095812407393
6766,2.332493755866573,-0.41660474700240113,0.6556137274062112,-0.6825334505791062
3614,0.4570610094499194,1.6744363276474552,0.8093314863648463,-0.22565205544797926
6504,-0.0818812764725925,-0.35216646641134236,-0.16616445611808806,0.31443701528626194
1806,1.7169053999786041,1.3547565438350966,-1.0727747526034874,0.13056036244237348
1018,1.2736400295819268,1.2423847044484408,-1.9301911353188683,0.7829793894625722
5565,1.707979077698186,1.037687628756114,-0.8116778885115822,0.6448044611428796
907,-0.4534859728277191,-0.3447163099277845,-1.8285839300754954,-0.6855529377829812
1693,-1.4145049592273287,-0.022670304834681024,0.623620525620941,0.8815916409169833
2791,-1.8008460497727379,0.7917075797359477,-1.204618914494403,-0.7818167678395486
4368,0.44251256344244544,-0.0036594886499807127,-0.102417876684907,-0.6406387360584116
5589,-1.3353668754091557,-1.6903109168008041,0.7977812166148287,0.23172745240476353
519,3.093143193902197,0.7609488979987367,-0.41980938126158635,-1.9692963270689083
814,-2.3741725138189427,1.585555528890894,-0.014659088486172497,-0.5424139835954027
818,-0.7907029672042536,0.1811311809284796,-0.6830524139686591,-2.7175666853211555
3449,-1.384876918754505,0.9515108949583574,0.9208261573009143,-1.4040200623511998
4830,2.8531778255283626,0.9324777412548443,0.4025459271053025,-0.5440208498189579
1522,0.6260850001604079,1.777566099200142,0.49771591936979853,-1.488348737802346
1638,-1.6619672434393438,0.8653137900143503,-0.5402573739397091,1.3570785664927247
6891,1.9060803332032965,-0.4538397891556016,-0.10387875919692727,2.4936609985054723
3557,2.125640566338942,1.2760947706650672,0.16712558851461543,1.7767677781301554
6587,0.051436303767165306,-0.008229958825556301,0.3788433005238372,0.9192335120965232
1700,-1.2898457773487466,0.7110860518765106,-1.1974474935912676,0.8251713863511654
3526,2.4959935251798204,-0.5725138897617345,-0.6651143930781181,0.7776565208898164
5217,-0.15963856650275404,-0.074122454193927,0.3660053375492877,1.3825886349290228
3734,2.139493477872647,-0.13880454164630845,-0.623784334541088,0.5064582470088516
6272,2.5020996174576027,1.4418920765661334,0.29256091658148015,-0.6702964130961653
6010,-0.8454120211126191,1.9543801362325222,0.966275469309906,-0.9084674058629348
3046,-3.6189245931347123,0.14866337691897655,2.2228265246237537,0.44793633640246044
1883,-1.6936209711823258,1.8039128480729798,0.7494273887773538,0.4620876054978553
2592,-1.5799418638293714,1.1179872880818909,1.262877789204941,-0.6204510838786319
379,-1.5559119348210466,0.39114621276273487,0.3549694731614414,-1.4698775415652587
3775,1.0586623979574046,-0.4807944154415482,0.5741622913590784,-0.38679655904545923
4003,0.13776104378850695,0.0553957842638555,0.5937977651815385,-0.571079381337122
2251,1.1185446451853955,1.3724849919970834,0.9446975131889088,-0.339263679037666
4439,0.3897139235643004,-0.5957629187398794,0.5265478193455574,-0.3081054963005848
2148,-0.48400454282196725,0.9453001656954323,0.33626359991189164,-0.38032981406015764
3726,-1.680285148808489,0.1909852974148148,0.12820409209067518,1.8302068211585776
2144,-3.7189833538089108,-1.5156286615769967,0.28328928751066434,-1.983800281853017
2566,-2.0577667207774217,1.1784199893694662,2.0938670673556263,-0.6147741057002319
6038,2.456549835108254,0.7146865012271307,0.202675033487509,-1.4589100317185921
1803,-1.072195217549819,-1.213872415665226,-0.7295878184493974,0.15902940025134482
6789,0.09249485922908837,0.6493607024950243,0.06953941279500837,-0.2963174151072681
5357,0.70024877956843,-0.958291306073472,-0.7114445178654317,1.3678121523140405
3621,1.8014714105303828,2.148953374349045,-0.5660203817904561,0.7427571847631745
6108,2.7184803923089307,-0.7909502584470486,1.3061375608033474,0.21997566633887633
5520,2.086748670430576,-0.4334720302299305,-0.1765867673030315,-0.036406686372234515
3967,-2.2881191082966827,-2.511403786109005,0.13518933392406904,1.718716108226371
1594,-0.5079247936354278,0.9251584694397105,0.963474780975359,1.715726609363161
4328,-0.05306943253776722,0.4811631254895533,0.5745223823257111,0.15834777173237652
4890,2.1592184575508777,-1.5653644817220407,-1.0221785842450992,-0.4334045486971242
1706,-1.6270650982919375,0.7710988818320769,1.020304241384146,-0.031748893130181144
6884,0.8955599654782661,-1.7639359561806045,0.3135677545252521,-0.2671345445589758
3790,-0.6057281836930501,-0.06656678773930153,0.6654388180481403,2.096279461878211
1820,-3.1839771033802906,0.27937123054541924,0.33908026071929115,-2.0255833586365215
2562,-1.5148643679221905,0.7902715062802816,2.172775294321923,0.2599741945655558
6501,-0.40370528459129357,-0.5548787220176215,1.4791042226007403,0.7738855274274729
2559,-2.035716630879082,-1.4451414289138655,-0.1384772466657323,-1.0686954014775554
4208,2.1870614325368725,1.6842658383182383,1.0885021131274093,1.9976003064259757
5095,1.3953574064592729,1.551284607272605,-1.4914271992620922,-0.734503509478588
6361,0.8930624527754262,-1.061117229121436,1.085661913922928,0.3909653141087438
1582,0.5773661021216526,2.2999006881559447,-0.029362983299783537,-0.7339621347737275
2547,0.20984487985910447,-0.5528025240849098,0.37662711638163693,-0.6999893295458017
319,-1.0334932459760653,0.4961745799402843,0.09583405676129791,-0.396547174618291
4321,2.0877446208154344,-0.009844515836959536,-0.6220990622943318,2.0999810421006604
5138,0.7313471848067431,0.8234022231791406,-1.7371097426012527,0.7726994289819347
5288,1.2982114396788325,1.160936799844707,-0.5105272830960628,0.025589550880158914
3364,-1.7067568137585771,-1.1441524103894343,-1.2975320064452476,-1.6522457742851522
5545,0.7761258644552912,-1.8753981931689874,0.516217526558366,-0.6739527239587679
6541,-0.38889859831508733,1.9022275921037834,0.8987104849250717,-1.3155096222965408
1763,-0.11330897954518947,1.0608980533888563,-1.7441420787391926,-0.06006796825426665
5762,-1.000184628381582,-0.14440973894488682,-0.23725539694508294,0.3185676492091192
6472,0.596182620269826,0.13027701960351884,-0.6319314091933573,-0.866043848969828
2843,-1.2308442393768853,-2.775190173043967,-0.5569963224638834,-1.0965810893055048
4944,0.4124979694263635,0.8566935217736126,1.087610274798732,-0.053278155574123603
4717,1.1606662006983892,0.16308377462592957,-1.6884652078409026,-0.7023440522063884
6616,0.9706748973700583,-0.004861789672967045,-0.15788267211494927,0.13838777089379004
2141,-2.6506317405355753,-0.6867242152722295,-1.7614321940058302,3.121949065773749
213,-1.4603564427106428,0.6418528886446853,-0.7951889894077491,0.5886470373044499
4866,0.2254423348997539,-0.46791874067111994,1.5587642535165205,0.4468231702399864
4433,-0.37974195117200316,-0.969676558702592,3.9474757186167326,2.1146264274000015
3497,-2.776229131466945,0.33082017988717227,0.1266024834413707,-0.27570482334405444
803,-1.4148524074935525,-1.1571856635055586,-2.0188607516551387,-1.7715313749496588
6356,0.28406025561965864,-1.1630306107037844,-2.298054913013707,-0.8611185463776364
5278,1.3926507958378915,0.7658920897371503,1.8646862170047684,-0.7739833466350031
5264,2.6162004201198963,-0.2031178449919658,1.2999656086320706,-0.1732012691112974
4132,0.44400536480428554,-0.3099183385017661,-0.03305773905382574,0.25414565985746124
105,-1.508482845124598,0.5107851427403731,0.04133070726317585,0.8394799007332041
4458,-0.17009225023279387,-0.7300288960227529,0.6314332934956424,-0.28474689846191337
4946,2.035895647466812,1.015762932861784,0.8434774874153348,-0.8299904696559168
5836,3.0779760772855016,-0.7698738092081137,0.506863204604098,-0.6778755056751166
3805,-0.08652049647571937,-0.3041353836794864,-0.44164410562002065,0.052406681832817464
2806,-2.4423238220242003,1.0108494904763439,-0.8869624804721516,0.43902576589216985
6509,1.35346699242184,1.9507631746316056,-0.1333419776627521,-0.9710761410883292
4952,0.8615273642044367,-1.028115847868856,0.17805484735470634,1.6731713381054716
1465,-1.0164666478416045,1.2006274571522217,-0.7284825850123826,0.9993654899135964
2953,-1.3202594013251556,0.18299865683318378,-0.996220817280089,1.9282839937646554
565,-3.2151046970018307,-2.4671370377113355,0.2524295626919274,-0.34115325147000924
6979,0.427108727876612,-0.8121538189557181,1.3177751221774847,1.0932097329262587
4345,1.2134220899489685,1.9892070747205275,-0.19769400091216027,0.889802545466388
2524,-1.9524695836434107,0.7444764161827386,-1.1185364186425977,0.271660284053172
1474,-1.3029704375360462,0.8697616508507655,-0.9745836020794135,1.2337691929191879
3236,-1.697066248655574,0.20593235855335015,0.8904611158209187,2.1196704437547287
2829,-2.1672365553848314,1.4947109075658247,1.52663719713469,0.08130677541142063
2502,-0.21799098874915177,-0.1357409132268549,-1.1094320321503581,-0.7165711658520315
317,-0.785389012960406,-1.5882754536107033,-1.9034633499193185,-0.05955887126303785
1200,-1.0819381311270784,-0.37655250960515624,-0.5285692623612671,-1.2471027666092709
5203,-0.5648507915190351,-0.1623788872276704,-0.6441859108219259,0.00322912141629907
2278,-0.4304281792110163,0.5521360259131312,-0.6204200794838161,-0.7242198969145929
652,-0.8359578317466277,0.6004561740912994,-0.37007935877766795,0.03139094508892131
70,0.362445339137209,0.46369959256069515,-0.7029592098903588,0.4708858779126596
5763,0.06380495582857199,-0.5261135472247083,0.9485715426900792,0.927454085040316
2658,0.12185323739085557,0.7280361549446598,-0.9153263777569987,0.8445622646558243
1174,-2.180002852801741,-0.9232943456575371,0.3147892069873175,-1.0979112771372583
1088,-1.0615104757557414,1.7486094671154568,-1.4205459841073467,-0.8726477796088281
6950,5.420786678313576,0.4493743502229053,0.6995258377728366,0.7884078490370282
410,-0.9215378135545982,0.9337062346948908,-1.3445652116785074,-1.423548078138198
4064,1.9778337206639636,-1.2411115235240437,0.2027707470096521,1.1874892147279092
6859,4.0540240363114375,-1.9037852504537125,-0.09324866024166359,-0.43166075839140083
2386,-0.4476094783477984,-0.6418955771967337,-0.3810214600019917,1.4656180945052146
5121,3.167537295818668,-1.3208342545071354,-0.26704539974049407,-0.19110749526064316
2091,-0.4177054773695842,-1.3772279428004874,-0.35131463163646887,-0.7576037849941972
4635,-0.4293115394976316,1.1781069655468681,-0.819382025806857,-0.7811102307685094
601,-3.343035278737816,-0.7683818635447116,0.2890838889548946,0.1266847774947983
5428,2.8612502515892793,-0.6097926475807467,0.4040861303908813,-1.287749043265647
3013,-1.185050844960763,1.6367608818146755,-1.5733426623662163,-0.8079275598157567
4792,1.645595475609015,2.0631684465741666,0.5981584846692581,-0.059707782345594984
5530,-2.685129858411635,-2.5584952831736314,3.2345451219031887,0.4253108238370066
2219,-0.07579919941976405,2.4002140302464694,-2.187934022416999,0.7869756152123321
2465,0.3559331723478301,1.918283056427716,1.1873499300694992,-0.6003011578219861
5858,1.8414967531444162,1.077545423177072,1.5772215779424548,-0.575701615720099
837,-1.194976720900607,0.8008673347595091,0.1838248108631982,0.720481761620491
3325,-0.8787771625674307,0.23486165308871326,0.972788979220429,-0.5933074992810714
624,-1.4735592376624085,-0.10713693516583774,0.724123441029027,-1.4845499091953827
1627,-3.3777709022037334,-1.5280206932649774,2.1593207536023837,-1.9903187268741664
806,-1.4215898326748782,-0.013444327982396788,-0.46807617485437497,-1.857200608383179
4978,0.9448690831950436,0.7003889741791218,1.364457023116543,-0.6393884940965061
5580,0.4189636440905484,-2.7477425400830793,1.1231950451280521,0.1389466622619204
3115,0.829599582300922,1.895059494113919,-1.1171069465510637,0.826648493072261
637,-1.1632983778653219,2.2599756047812,0.5224477922086393,0.8115233927351838
423,0.6588475147891636,1.6701192494202453,-0.3465469550572377,0.5341822312917657
4823,3.4485327586142964,0.11771204607164035,0.006667173373997443,0.8448027207477373
1996,-1.323728280252622,0.08683321277809834,-1.531364651857045,-0.1355565863871772
4472,2.2246480122995194,0.20417614568896222,-1.8817385375051225,0.24090948001373827
4620,-0.5091541497852813,-2.5430374725684186,0.4154289817069391,1.907733541171607
2486,1.6318393734891417,1.573781539266077,1.1764030986551155,-0.08904189699404681
6619,0.757438542738371,1.8858236731884899,-0.6648798395270501,-0.1257227062834285
150,-0.37549354452904304,0.25425565803519085,-1.4743033501468052,0.8080867477124485
3109,-3.136716107588967,-0.7925575737623185,0.3256382005759741,-0.9240281615437966
1580,-1.5275049909049507,-0.21371215020357104,-1.311792440523851,1.5867390743087517
6045,1.4914466069604084,-0.525718335491768,1.9717901733074694,1.4692241948134308
5870,1.4432048102803177,1.524369114487215,0.236651326278681,-0.021734330393294074
626,0.6050027939059696,-0.12247894355934803,0.1239489343303452,-1.1661105945062524
3002,-0.5994287350919183,1.1528142106301225,-0.8306409368403246,-1.6778043544350603
4601,-1.1759954732564948,0.37360945664884726,1.2457407418050828,2.010676923798902
3796,-0.1595184675367304,-1.9084521673646417,-0.6382967620406199,0.4082145386862752
5941,0.8558743819897793,-2.7514435086575264,-0.8683018929701168,-0.4309417283694487
3481,-2.0456652885022772,0.14837695408343873,-1.5958090170824464,-0.30719482082812855
143,1.2656075684949153,0.906118839821326,-1.4611808454309583,0.22168760394809114
4813,0.4528664937802739,-0.15902506381995463,-0.4591946361809076,0.7630355066395321
2574,-1.1655503617989247,0.49267329112017355,-0.8543249177132676,1.4123985121356109
4662,1.2587141235324042,0.6645512332454727,-0.9498441205968,-0.9105977819770261
4014,2.2624817216990833,-0.6404582506651184,-1.5790842582562472,-0.4718437654439339
1880,-3.7984295761230533,-0.4399780944132918,0.2451542488383258,2.7123277411716753
6584,2.861924911205621,0.2008278911650878,-0.10602344262767702,-1.1657729619715615
5251,-0.21732827555471637,-0.5303178049975835,-0.5594470176789685,0.4897841474929932
3452,-2.3835241054430356,1.2854974451048649,1.0553322227820885,0.8087717872976816
6318,0.6797404696153275,-0.8069626661361325,-2.105448476842272,-0.9340678841197825
3605,-0.7699563871725754,1.6025263860029408,-0.06316768092936997,-0.6432745082751687
3342,0.0818918780762934,0.671383628017533,0.6349737061192603,-0.6281668567160639
5527,-1.530211096064016,0.695589397716106,-0.8016988840413788,-0.25290608443020507
6718,1.5265188423391423,-1.125149258210352,-0.2752115509184534,0.20604534813647923
2171,-2.587283485098285,1.9763111821438628,0.31775744117325355,-0.5697196224455474
6282,-0.03771988600821212,1.1273150259049534,-0.531526772391749,0.2933991359256351
4975,-0.7871172348043308,0.9115774050843541,0.2686307563938437,-1.7776404186638126
5171,0.031246516614145344,-0.03394022863593504,2.409118878975123,-0.8121143016421474
2780,-0.5758592880261649,1.2905188552566067,-0.739231029641962,-1.060769548248566
4720,-1.039304405612617,-0.8233469886746955,-1.175017672491016,1.3814695013475937
6923,-1.3355630299767782,-0.8142718107506388,-0.40832047802029797,-0.6685293256656721
2832,-0.936982921036657,2.8277248144654688,-0.24827192192319095,0.3967698794029041
6972,1.2325702988291944,0.255910542215895,-0.6275366480151974,0.6594350402714501
5462,-1.761948451084144,-2.518409689840647,0.6068814159754073,-2.489636847645545
2230,0.581273751119608,0.4569088067688506,-0.9664209123393772,0.7070225932276628
617,-2.796232121801581,-0.4667654180118612,-0.4365066745945733,-0.3280223338795905
1324,-2.254256205380718,1.5469045260219931,-0.07135762548269156,-1.7926557440385635
6078,2.1108161264397434,1.803097810611487,0.37587636482433856,-0.20585474302422765
690,-2.703406515222875,-1.7467455388569106,-0.14913621051960776,-1.454563963356635
6773,3.2386322906628,0.7179861866638785,-0.3337453760235767,-0.9911628700813374
2288,-0.9031109163434291,1.4761688834783788,0.5963399150739046,-0.41877443589098046
3302,-1.9014944630532715,-0.0604463162446922,-0.5834816773983329,0.4993132326512367
5785,1.4626223867150758,-1.1611034969735947,1.4727883695157016,-0.9965917901908788
1350,-1.7369584802979263,0.817518030636453,0.32937459827448295,-0.3996292613135742
5837,1.796921890535025,1.0505464571489065,0.8602512950448806,-0.9053855389334732
6602,1.7876562202982709,-1.0432692997907103,0.009306308632660817,-0.07308344634302498
2729,-2.3652889158868184,-0.7864009300419611,-1.2834195885091169,0.45984679180942994
5926,2.828038653957539,0.6304807210201984,-0.2935064820192949,-0.39231566441459403
5782,-0.6300492422645031,1.3455196713291657,2.140991462642044,2.074714885309717
5788,1.8274954241238606,0.8993211384174348,0.08366793053700425,1.7778301525909008
4561,1.402897831696931,0.1161933401889237,-0.3402954660434519,0.8170739221180353
1187,-2.891860162354566,-1.0149971206873731,1.959052330984516,0.23122279126078593
1191,-0.7200933548418846,2.0870068217647226,-0.6073764070015175,-0.327257151570364
145,-0.7177785141566676,1.647591149326242,-0.04821074654121289,-0.4510151423293716
6350,3.2442118330313083,-1.7212437818754458,-0.38132701091856885,-0.4639962968228855
3572,3.9257091615021538,-1.8493951775610433,0.9828970202212514,-0.09291954730478984
4420,0.9675119079468245,-1.408190261841939,1.399412748167528,1.1982658097774677
3742,-1.817560109028062,1.203571695596043,1.818032034904235,-1.3549447532431704
1762,-0.8176773119718032,0.08859139364142714,-0.18114760706093258,-2.1334803692207682
3800,1.308220598218542,2.2396437151142305,-0.06165795516401725,0.5458062866326088
4802,-0.3546691010618162,0.702121647268355,-0.5747820947320582,-0.07667608947880726
4810,-0.8531758888359302,-0.45565240236107885,0.7952128551142991,-0.016683333394706432
1834,-1.9683890295187447,-0.527786482145388,-1.546325187251979,-0.9110690092268754
6861,1.255650896402878,1.1918331620434686,-1.4649160651510436,0.2443549518153716
1111,-0.34413034561066863,0.4332067224539422,0.8308674881443836,-0.19520484299571897
2127,-1.3001761466491364,-0.9429003607906761,-1.5850163575165344,-0.11960450055548871
4997,0.32301298952516416,1.1149522946109884,-0.7996799721893325,-1.0136068320110982
4783,4.146372121875953,0.23559974636921985,-1.0438571194731696,-0.6942734393486191
6310,-1.1320090171803099,1.412777611778139,1.4503232996854662,-0.5595597597242001
5726,0.7985805402709378,0.2073721634150835,1.0865819573931907,-0.19995946665244554
2277,-1.996599970565646,-1.2321976228774176,-0.3674269705066501,-0.7313329178005821
3795,-0.3102439027852764,0.03838974573242736,0.3857413946072069,-0.3068992863270838
2499,0.23312121967076813,1.894088351271747,-0.5453451057753459,-0.08931147996345003
6035,-1.117979842657113,1.6556785284148967,0.9853901980953439,2.0466334112613316
1824,-3.2705961583286443,1.5560111475911986,1.252384550241675,-0.4000369247473108
2788,1.497821287755116,0.537251303398674,0.04635955265231975,-1.2068519878360364
4196,0.5121878286117152,1.5573282880642105,0.2307117519851005,1.3170143038587971
4386,0.3632371248741428,0.3104845001983047,-0.3189375349554877,-0.042694007354798
3827,1.4817129124932886,0.23817039327256082,0.6192176838426849,1.0896530316819895
2492,0.16204085483631822,-0.1917412169458759,-0.65430761314927,0.7050324984549101
878,-1.1842062010103442,1.9968325409020107,0.285692587469033,-0.09466602623069942
1455,-0.3979072413327659,-0.30548965029087854,0.4503532363842149,-1.1535137379934013
391,-1.078488358508431,0.3134775016072407,-0.37479478818032014,0.8934718272266706
4182,0.13286040021472437,0.2660028317842429,-0.8866249677811663,1.5075273734630836
2283,-2.3864521666816763,-1.03756006974525,0.31047202025922277,-1.4415694248403699
2714,-1.6955988909552204,-0.7722922976505743,-0.812650728764906,0.2837562227628861
5371,1.2416652292673103,-1.6528033022021098,0.7295024533101586,-0.6450986133394402
5619,0.5522005852626689,-0.5065504882243342,-0.23324240793514706,0.17159477009931157
2958,1.574566489020077,-0.020780520424403818,-1.7564312670553621,-1.3560416342387667
475,-2.063469216008003,0.12169183411711555,-0.17490271409677619,1.4502722126937642
1694,1.1931474815356498,2.0335125253104676,-0.8270003604466941,0.036156532966948304
1295,-0.3560302679075077,1.3648231066429526,1.5473584747181464,0.6750891968695295
2092,-1.5148139223901873,1.8733652693900977,-0.30224215821618194,1.288365640380633
3050,-2.034979944826414,1.1135649793256928,0.6864267433595825,-1.8059713746626238
1137,-0.640664677190638,-2.5679501176119244,0.5122479474130689,-0.30087596213514306
2072,-3.1560964582940496,-1.44665589193161,-0.24019067657828272,1.1374220410034914
5331,3.8400317367909245,-2.051414967438768,0.7774152533935939,0.8770125814374963
832,-0.5808786114844446,-0.7587803590351441,-0.5759088353374592,0.5750294477979984
591,-1.5895671776380678,-1.423403351026747,-1.4669384401756345,0.42299407779245884
4658,2.674935651029081,-1.5652520133943029,0.07451165027766994,0.24388785048034545
5716,3.4004203885147586,0.9856091521458742,0.06622156378708781,0.7507030158443426
3592,0.6489770870699847,-0.35167945135341466,-0.12288073568190865,0.7356873461525291
5731,0.6829818547660587,-0.1048228882427277,-0.47853789025941773,-0.0936968218680801
109,-1.3736175501531311,1.3000874253510455,-1.44351884011734,-1.125558251439132
5256,0.3640084790795313,1.0125871407021598,0.11725570726246838,-0.7185974699859177
4318,0.3748874559757563,0.44772229820057635,-0.14900366686600502,1.891612283404814
1052,-1.019618149336467,1.134081719668081,0.7782396209543101,0.2757928037093199
1311,-0.7747944807676632,1.5403126147589346,-0.06667155462554084,-0.6355682286622362
6199,2.1047455116064886,-0.19592602727970695,-0.6066121448714867,0.0657349574049517
668,-0.4225435242117327,0.979346818667299,1.7122131909384717,-0.18752905604496917
253,-0.2633509197385959,1.0274245702342715,-1.8942830450353088,-0.23787033371228183
5168,2.287853012755604,0.7993270638045544,-0.816741683470373,0.2946033749049566
5715,1.1794468368802071,-1.1391992401566986,-1.7763339015985495,0.323346552726752
5588,2.3788285261027204,1.512498900947314,0.7871927910116808,0.7785606559403129
2690,-0.08875095959998376,1.520591600912562,-0.9482031353216237,1.8128703198233596
4641,2.608291590767966,1.5408122444481493,1.168438242368086,-0.8944512618698752
6621,0.2181533763952115,-0.4966060557997522,0.03341712600334982,1.952156629982945
5045,2.534360807932535,0.40959847740578226,-0.17105256970103558,-0.09121749477521027
5667,0.9842780552726266,0.21205825127425218,0.911809573894124,0.14968173059220644
843,-3.326500660202502,0.15956970406693574,0.18507381384144725,-1.1835525927892787
4159,1.1030895372025675,1.043904119824753,0.04597766673694229,-0.004436925900812703
4509,1.8391853645371983,1.8808793855101025,-0.5102727226477729,1.1049757607345654
6528,0.928221099726137,-0.16538064263425387,0.08685323802900678,0.6001556069586457
3374,-1.545592869108914,0.3909836846247671,0.279753331444566,1.1108268473790843
3394,-3.199723325367272,-1.7370705545625766,0.2164573132501462,0.4407214884580014
884,-1.2079543533419987,-2.1122575151436935,-1.5366006005538997,-0.7884344923039356
4547,0.8211910910442215,0.28318903858317385,0.27929448530016215,-1.681949582423831
5354,2.6360137630010634,0.8486230644069452,-0.2380188301140713,0.9460865947867514
3996,-0.025139289752408547,1.4869767711021062,-0.45382481446439804,-0.6515057398593264
4752,2.453940222490424,0.9377438654405998,-1.930880139842107,0.255793680813866
1879,-0.1584796676767248,-0.46065845598306215,-0.3764644104721381,-0.4282020273590408
5677,-0.4462835730063967,-1.844926628351359,-0.45669105854433045,-0.5031974428258924
5582,-1.7352018920922163,-1.096933737562413,0.40150382886624175,-1.271223806307332
1485,-1.1453068590045221,-0.8348049241785047,-0.9351140955954361,0.7266038492715075
5423,1.2684276500268454,0.6230169643009374,0.35721184377274856,-0.660501551735903
2417,1.6052621346059754,2.199638312733239,-0.8319129422984491,0.04517145414265599
2737,-1.8042863131139715,-1.9573438444906968,-0.1592795912796048,-0.1272017593045204
2267,-0.7214783933553108,-0.7177778110480734,-1.4535333910029868,0.7205565536301644
4173,1.3227473932070621,1.0683651113705221,-0.6024713545015791,-0.029322415921628896
3368,-0.2772212998773097,0.9180809244942837,0.23872943871641192,1.5739271853692913
6165,-0.8494828536498745,-0.532785768939911,2.1123021134798234,-0.8292708319756383
2808,0.4063451207401045,-0.20891752731000826,-1.5497569180218507,1.1827983231104688
869,-1.530637102307282,2.3541612874644637,1.8717135904098918,-0.9844074800168667
2468,-0.9530076060496321,0.5884201181263343,-2.322604976771294,0.07811285632081992
3893,3.468075829008751,-0.27456737463220793,-0.4319478754312556,0.6387858879010256
6343,0.5898138630353686,-0.06709792560434803,-1.2403237983464062,1.3111484124448158
450,-0.07728448063947821,-0.8648703002337231,-0.021933968535075437,0.2784341101548008
5115,1.4795103903269171,1.347352593519185,-1.7090713069873187,-1.785710907518266
5656,-0.04351047830708013,-0.3835201232331012,0.582887410126682,1.5641929889647646
1979,0.027299934714429347,-3.0554555799222194,-1.1273935710867047,-0.23983826928098076
696,-1.2686214932916497,1.060642318455671,0.46801903988606364,1.2940760876414878
1741,-0.9711804563705967,0.2713326562746198,0.08286729924584078,-0.10367712484576423
3718,0.8959157455994908,-0.04364911780596337,0.07169253132250457,-1.527332857160265
811,-0.25700157251278644,1.3579760792630147,-0.8972091640038864,-0.6242544932859274
3284,-1.633271266639814,2.395379506518738,-1.0545871290165716,0.27338686873741097
2189,-0.3393638777559577,0.9295958002083526,-1.5894498347468269,-1.3507995898120648
5006,1.9694102686400456,1.096845046676349,1.0933455522424427,0.003999048790029593
5617,2.696310130266473,-1.4499200724306245,-1.049566208299568,-0.5549152268681541
5145,0.5056154081972476,2.139967759620384,-1.4432907476594494,1.157571887191289
505,0.34238131647041165,1.477682667612987,-1.1648987682620526,-1.3062481398640229
3303,1.1970873000671336,-0.880127414041345,-0.2577346628416175,0.016427008941859996
405,-0.9523856009183971,-0.3937216815758843,-0.17985698689716928,-0.3118248697186912
3640,-0.7448608889930781,1.8117154984053148,-0.7673183977135934,-1.7183909053192499
6461,-0.0172304481839601,-1.1547016839305537,-1.0838435385619063,0.7562027050730484
183,-1.5286138736854036,0.6005168087820544,-0.8117369174982422,-0.405064740586417
6867,2.7596217164858334,-0.889011712536771,1.262494283888594,-0.19371692538188634
1876,-2.7408661805344057,-2.137364646913926,-0.5066217075584084,-1.3353247158283301
5813,-1.2717404164117367,-0.3781885478937929,1.418343528821654,0.15259061302717558
609,-0.08916140514855636,-0.31702957309440233,-0.555541819852289,0.03385196895912766
2674,-1.7069617346029142,-0.5438390547330999,-0.5355029478976202,-0.8047543862754089
2033,-2.3370496413882393,1.4229630700741644,0.7446674305550788,1.0580661013350265
3981,3.06913812237068,0.7060149413411356,2.080128193188112,1.503317919601257
6629,1.8197543783534718,-0.7623923748124836,0.3867449569020015,1.0731507562976959
6422,-0.650026333011475,0.7523297424578241,0.9635243725179798,-0.15280017190196915
1968,-2.4381328666760473,0.5061042014260207,-1.0117236281818345,-0.7518953567029957
6774,3.4741561946843045,0.32942408886897057,-0.910120558083,-0.9730328475883332
20,-1.4592921906858027,0.6390239459288046,-1.60715173946649,-0.5166663829487023
2218,-3.9908912819942177,0.31618044260761535,0.8983243892606514,1.6417177800536178
5521,-0.45287118945499255,0.6176653970378835,0.8710617402834832,0.8182382493049428
5686,0.7983419675933098,-0.3434961308095802,-0.13125767686045425,2.9235229257220348
2224,-1.8035872660982448,1.8170148677945341,-0.5510440445395538,2.1328368061366305
327,-0.34953362875599797,1.9005906443868752,-0.7256056939932245,-0.06808050165044643
3270,0.7163490847124607,-0.14376356807362373,0.34028954821855306,-1.1716942971495437
2518,0.39992105806258627,0.4719407637850045,-0.7671424793782712,-2.4694497624324363
1874,-0.6386941863155506,0.971508475480983,-1.1756871783784937,0.5618328890351145
6633,1.4550936249084003,-0.3134468561284205,1.8268619554341443,-1.6255666716735238
5984,1.2581329282750702,-2.3535776261880215,-0.26730700487076464,-0.5492416707316228
4362,1.8126829424353734,-0.922384383929117,-0.20715788609394178,0.4942071100472324
5986,1.2369759106092626,0.5301846908536859,1.9838419630640634,2.0494484776803703
6759,-0.05049425175477623,0.9665845590830651,0.42316130845605787,-0.9424452850904966
1756,-1.3843500413605563,0.4196548576110833,1.3317978811430153,1.507570962054661
2178,-2.945291798436553,-0.248706911995137,-0.6162813925796141,-0.07081985597608186
4961,-1.3675042660963745,-1.5655006938197036,1.2048704619246635,1.4634252828361172
6936,2.804159820273682,0.9715174026214751,2.2192646093956108,-0.8493574971069763
3410,-2.2128405210713944,-1.7244851531105463,-1.1074677694535007,-0.047232991697324714
6863,0.43141944278275696,2.048947862986539,-1.139447232675512,-1.1941775898490403
489,-1.5363850024340515,0.1727888620471453,0.14575645982003366,-1.6827420569907874
606,0.5131464648035742,1.0417103140252475,-0.24300141750050683,-2.085975981622668
3212,-2.9736731718000247,-1.0772240260871104,0.8950262100199593,-1.0976007581402958
2464,0.12060903146922752,0.7805798379189879,-1.8832472178042,0.02486608041926304
1738,-3.1168882185276137,1.26984209101073,0.25183748020887825,1.500125377136667
152,2.3276348384469556,-0.9606113415522746,-1.7308251645173893,0.8423855079903273
889,-0.04059736987933346,-0.8487450297009913,-1.8133569512550243,0.17171191629484248
6927,-0.862824983641542,-1.3991008337344673,0.4725048103129134,-0.16385830861052894
6423,0.6318941672042095,1.4928865798921773,0.029643122915259595,0.3437553156878006
3082,-1.264326362028181,0.5093129155701348,0.3947755577535081,0.937308011496727
269,-1.3786852762207682,1.9205460723287748,-0.21461633596220556,-0.1995084103726714
96,-1.2491917911378285,-0.9363722930467991,0.5835726402853871,-0.07606601426861324
6354,3.4539015176135,0.6672556739445795,-0.6230036298166709,-0.318515303246967
3824,-0.28594278646003124,1.1012111828687028,-0.9850218247567232,-1.1122511539656519
6713,0.49044891458259987,0.16880999673767946,-0.6904353956077898,0.08932668188061546
5060,1.2333922867801996,-0.43972636184302805,0.49442220178922625,-0.6897125878229359
3885,0.16207699295312147,1.8830503350296943,0.29632560315366757,-0.05191897536290037
1799,-1.0422304176399249,-0.18240842864579646,-1.3544266084638188,2.1033761913285316
4967,0.07358784739880966,0.16159699998906596,0.7757213306979457,0.020351323376487894
1572,-2.8497030228533955,-0.270378859908872,-0.01953997447807833,1.7987054593704914
4628,2.38384278660857,0.6904642340755469,-0.5598323046655673,0.6394720537720839
1067,-4.0258791953258735,0.5640302972274561,1.864120266147881,-0.18441100402429347
5195,0.25196564988558895,0.2003193010813106,0.4726624318755541,0.069883786943761
2760,-0.19870721210873846,-2.1234710099988696,0.0527045686850662,0.5261642852858939
6221,0.32544633521951427,-1.783078830210039,0.35656407252846967,-0.6498801506807196
6407,1.1351171022036493,1.0524753671974159,0.21479749456908484,0.34331663643547156
715,0.07092218092284445,-0.40627335268046033,-1.4506187090356748,-0.9333126770088126
6293,1.0818147574606947,-3.2925780372461233,-0.22142685928926226,-1.0335823473094994
4059,-0.9152760661512201,-0.6250248104819465,1.6344440770422886,0.788021258540993
5708,0.5734989884232121,1.0520821344873124,0.084399911131013,0.619248729040034
5634,1.4371444397589395,-1.1246021722149293,0.3170231264906198,0.9890861268709668
6947,3.8695531136602535,-1.2075347308677726,1.0903681125848632,-0.48028900060997365
4565,-3.1441740501207653,-2.255534144632245,-0.06272630282747899,0.6848872100235287
4660,0.816015912480061,-1.2928889919010556,0.7725251043186584,0.23864150830646189
1798,-2.840708530713907,-0.8225163088032649,1.186667365697446,-0.8073496601865915
461,-0.32179853837621347,1.1786758203040169,-1.4455840582717723,0.5143350816224943
5373,1.4873521953084954,0.7464836321729379,0.9814119469555296,-0.06904880894993598
2944,-1.724963299183221,-0.2051325165503392,-0.9477632655732227,-0.43737181470176856
1795,2.3263674630589843,1.3378520388359383,-2.242149798725766,-0.9325882433862284
1869,-0.8896934841370193,0.9070416780970599,2.214265532076499,-0.45209126318878656
5489,3.1998283969445507,1.3191666083030547,-0.5205047626756285,0.43160450442578013
1345,-0.4251714144639746,0.7033084431921653,0.08621657789625069,1.6952979420005354
4791,1.3702818948124043,-0.6889645052705475,0.19313277819097172,-0.4721410640157196
5271,0.13093285593924203,-0.7982312049613108,-0.19546757767878256,0.12149277237367845
5848,3.2737473116830174,0.42471261212891875,0.6996347785006642,1.11962826151243
5024,-1.833439277038431,1.4832258284762172,-0.01729214869611032,-1.0888950749788093
1214,-0.4871809183641164,0.36415514769062673,-0.4982758637321094,-0.0310383963074482
6730,0.6156101714963912,1.012911548659534,-1.8846247764272201,-0.05229843812682056
1372,-1.2757998198475968,-0.9535178742788712,-0.8583125510309009,0.2720246184381309
243,-1.45764212671498,1.0813282021528334,-0.4676876093662206,0.3609808468201443
4039,0.5376199893356436,0.9088561027482255,-0.41749133157159696,0.5200550899176346
2799,-2.645588269390776,-0.31787853533214666,-1.4250195266569379,-2.366274919307435
1679,-2.2305211788009927,1.2493365946959136,0.3495171400469933,-1.1164237210223202
3850,0.6836703816863694,-0.2548596608685368,-1.1706065059611959,0.26883843400028207
1312,-1.6943639039085583,0.6271106570729317,-0.29380428302602724,0.7378000587466025
648,-0.9781441013993485,-1.7511959802157626,2.2216082766843344,-1.7570428038434358
3238,-1.3673581369927446,-1.2195002666330654,-0.010431608344670034,0.9539446564756415
2643,-1.6496039113681764,-0.41755510300231197,0.6839754140865172,-1.1753258452037747
4409,2.241456166172707,-1.4461490003447697,-1.7421536978655259,-0.32060320663160696
155,-1.0356729267295182,1.646350760478185,-1.0837677491769213,-0.9061833956785449
3428,-1.20569855593529,-1.8725036583225343,-1.4989528786243809,-1.7009049754796204
3453,1.4678008303647379,1.1534257959223586,0.06124669320666706,0.34219841595143263
1303,-0.8860972096411859,0.5692146505984574,-2.3530111651636174,-0.07744847209128133
1150,-3.445915876043893,0.27558583171282774,-0.17903963871699866,1.6304663439445926
3047,-3.0231756235352005,-1.371582839156642,0.9681618372265663,1.726596935246796
5897,0.40107507836881917,0.9047721489218484,-0.5277326865884289,0.009926967919997835
1046,-1.7451723647871276,0.27201219630237405,0.6464550827693739,-0.7186255688135181
1640,-2.018150134648808,0.4300301886386503,-1.4117656114179138,-0.5850748298243512
1306,-1.831227267842092,1.1163707778579377,-0.29698762342526114,-2.1604107259534624
1927,1.892649509091372,1.9176610819911075,-1.1462475529052247,0.7835641341712798
5591,3.104785663985088,1.2493431978724483,1.0502101357754072,-0.9472175656520158
3439,-1.415507712573877,0.16683031150888827,1.4519556540877518,0.7882744542128978
4121,-1.7682903040461753,0.11245125036906405,-0.5235953416146943,0.47863921626792705
2244,-1.9839015543566028,0.7964764552474873,-2.097248266379803,0.5078168976621049
3136,-1.454750631434804,0.6631509565505325,-0.623939515526659,1.0867279574542101
15,0.05294636566109895,0.9826271694380251,-2.3120165950288842,0.12637211409861157
3538,3.924387047490516,-0.2860759456726132,-0.5172405140614786,1.4143378246697138
5417,0.009600047839562056,-0.4890568445660795,2.6865112892954373,0.3247696660270944
4979,-0.5492116859030028,-1.6093560578370887,2.2769167957928995,-0.32875162488316473
2669,-2.9730320915022426,-1.2500612303087777,-1.7921104429217802,0.6287607939925633
1360,-1.9940592211093766,0.28152898554237576,1.5158178540947918,0.5981471671172996
1844,-1.5559739375432846,0.616063907112688,1.3027817110165985,-0.893833477997271
3098,-1.0024927720667547,-1.0111036114491343,-2.1175750125579045,1.8174431822293096
1612,0.2658249170712302,1.0542092431864125,-1.4630428995241134,0.5932188065717299
497,-3.041394365490745,0.8531923345912179,0.25004412603257387,0.74436888969391
2840,-1.9945759776022378,-0.570706122665313,-2.4927142007331033,-0.3565599673932374
4611,4.145049405920757,-0.7717027881379352,0.15524007610659085,0.8796262328990693
6962,0.7910235915421745,-0.07506520339441751,0.5144553287777534,0.9776430551937092
3633,1.9445491919178592,-0.5800974438667557,0.8429401324568656,0.26876101359129656
1478,-2.8341561795349772,0.6734677879896631,0.7784122669704364,0.3333378844157501
5507,1.0975706560964473,-0.1296857667293517,1.4543172818968781,-0.39453281513031035
1095,-0.7713018678845766,-0.14012787829896126,-0.7493005740140257,-0.6144166533215265
542,-1.449921563509145,-1.36854493411692,1.1269118329614158,-0.4185823853734233
6600,1.3070159257205485,1.6732558116496514,-0.9174083902472888,-1.2132331671712617
4729,0.5662533014507275,-0.17578801232419516,1.065344772192197,0.7290325526743983
4074,2.505844287907299,-1.3990156174799664,-0.4640311762865294,0.247670140290303
431,-3.141324017410883,1.0192433326792933,0.772005490965446,1.5772106730561721
6771,0.09852856230889286,-0.6882931896787761,0.3898325210090088,-0.062026396653175546
728,-0.6457789200721162,1.8527953026291308,-0.7536454944873231,1.013557692729585
5384,0.49853799930908765,0.6333805575622435,0.8673898416032783,-0.28102600899529734
6353,0.14485736786570894,-1.0889109974637117,-0.591136599436267,-0.3729577795642523
4412,1.2561699367470331,0.10856249836092222,1.6886403140912443,-1.309667015560083
6016,2.2511071039547055,0.30766809376755067,-0.09904408972807356,0.43505327397478005
2561,-0.25921687691741363,-2.3955630255855964,-0.12510680121586126,-0.4629519153049101
1337,-0.274531106556391,0.32564548863420834,-0.9158712114561619,-0.6305925136917806
3606,2.0176733968446117,-0.45048749127823334,-1.2193577266809605,-0.11665917203820153
2877,0.6768417902366183,0.02305085216679614,-0.044581946329666104,-0.03063018687723288
4415,0.3782820378062087,0.19585646360244496,-0.8608224550666426,0.704284296297051
1031,-2.0880111881577856,-0.5275065035640801,1.756325923819563,-2.5256691214408695
6121,1.933003629353307,0.8240157361371728,-0.33806362678902785,0.07314727754282173
6285,3.9620603918218267,-1.0802460903022508,0.2460395450724164,0.5311678893322374
1110,-1.8710880059423556,0.04379170032033779,-0.48419082573193406,-0.17595353872945732
1888,-2.5590957351160095,-0.36796687533891725,0.6721366711966319,-1.4846385180442736
3550,2.3199439152096986,0.336120362971125,-1.3051451381101156,0.45936032682857925
1527,-1.9195791937081645,-0.45548934958868115,0.0323390593319996,-1.5191638005274208
753,-0.8975859007957997,1.5238416434477136,1.6842214159973936,-0.5599965526005818
3049,-0.22857861023257514,0.3794231254111652,-0.5665766033477478,-0.8161524814645
2628,-3.0796605288662278,-1.1524290092586578,0.5762975227883589,2.0904540873031667
562,2.7893090579386377,0.33922347423919724,0.8714027735509822,-0.018913642405692575
6542,0.27870736178105504,-0.39785579116550396,0.006045191098531799,0.3339892844435713
4764,0.05559103592645412,2.0682804472939575,-1.5502003193590623,0.90530326171776
3562,0.451109608702291,-1.3299659476552605,-1.832343334321128,-0.8356742641964404
252,-0.3041033866164742,1.7798311688772361,-0.24812805449734346,0.5666799631095576
2516,1.0205009541954446,1.3180008207278353,-0.7315684729618059,-0.7319736914516517
2962,-0.10473681624802514,0.7857784264953588,-1.2063026094851366,0.08511847393735499
4453,-1.684810472763569,-1.0892138000499816,0.7909032438079103,-1.4005010261179813
5374,0.3512853598884859,0.7001184243356261,0.8114946583690577,-2.833006436053328
5396,-1.1853432016013319,-0.23212204916184692,0.04050299251864869,0.3748046399543605
1202,-0.9141114380662015,0.845371488770899,-0.9859271509552666,-1.6423032394900554
3462,-2.195898888671432,1.0806122310574975,0.9189472811699145,0.7362050220168411
6652,0.8888700980658933,-1.604923003192677,-0.8286335778071567,-0.5633575137383732
2797,-1.2322718314626226,-0.12591172009882887,0.07229502414292298,0.6021050580605194
4225,1.4301517068839682,0.5240959093871043,0.8436796959454645,-1.0678390788137289
144,-0.7443169140649802,1.5056907322778055,-1.6923984081422692,0.1420774889074755
5056,2.9742840100154937,-0.7707730232354185,0.0831107865344018,-0.07033086341986632
2895,-1.4349241570159397,0.9640347758524022,-0.41252859802116004,0.861945220583155
2763,-3.8377320827712484,-0.09468556170867848,-0.08004289961126101,1.6160742452719774
905,-2.0997420346977744,-2.0698781501825043,-0.7598672066453765,1.1709170507618902
5192,-1.0572717463939199,0.521773464104858,0.618923618536596,0.9177875287935008
3980,2.7005889125335294,-0.036234746617324294,1.7111203908346173,-0.4672918460678268
235,-1.325435510728247,-1.9220933576883028,-0.4152511178104894,-0.07976696507975496
5157,1.2665940642211049,-2.2084299226032633,1.1951000825126004,0.3335232163946046
